-- phpMyAdmin SQL Dump
-- version 5.2.2
-- https://www.phpmyadmin.net/
--
-- Servidor: 127.0.0.1
-- Tiempo de generación: 28-06-2026 a las 10:57:00
-- Versión del servidor: 11.8.8-MariaDB-log
-- Versión de PHP: 7.2.34

SET SQL_MODE = "NO_AUTO_VALUE_ON_ZERO";
START TRANSACTION;
SET time_zone = "+00:00";


/*!40101 SET @OLD_CHARACTER_SET_CLIENT=@@CHARACTER_SET_CLIENT */;
/*!40101 SET @OLD_CHARACTER_SET_RESULTS=@@CHARACTER_SET_RESULTS */;
/*!40101 SET @OLD_COLLATION_CONNECTION=@@COLLATION_CONNECTION */;
/*!40101 SET NAMES utf8mb4 */;

--
-- Base de datos: `u342962294_flwhw`
--

-- --------------------------------------------------------

--
-- Estructura de tabla para la tabla `opland_banco`
--

CREATE TABLE `opland_banco` (
  `id` int(10) UNSIGNED NOT NULL,
  `fecha_contable` date DEFAULT NULL COMMENT 'fecha_contable',
  `fecha_valor` date DEFAULT NULL COMMENT 'fecha_valor',
  `codigo` varchar(255) DEFAULT NULL COMMENT 'codigo',
  `nombre_banco` varchar(255) DEFAULT NULL COMMENT 'nombre_banco',
  `beneficiario` varchar(155) DEFAULT NULL COMMENT 'beneficiario',
  `observaciones` varchar(255) DEFAULT NULL COMMENT 'Observaciones',
  `importe` decimal(8,2) DEFAULT NULL COMMENT 'importe',
  `saldo` decimal(8,2) DEFAULT NULL COMMENT 'saldo',
  `oficina` varchar(255) DEFAULT NULL COMMENT 'oficina',
  `remesa` varchar(255) DEFAULT NULL COMMENT 'remesa',
  `nombre` varchar(255) NOT NULL COMMENT 'Nombre',
  `deleted` smallint(6) DEFAULT 0 COMMENT 'deleted',
  `orden` int(11) DEFAULT NULL COMMENT 'orden',
  `createuser` bigint(20) DEFAULT NULL,
  `updateuser` bigint(20) DEFAULT NULL,
  `createdat` timestamp NOT NULL DEFAULT current_timestamp(),
  `updatedat` timestamp NOT NULL DEFAULT current_timestamp() ON UPDATE current_timestamp()
) ENGINE=InnoDB DEFAULT CHARSET=utf8mb4 COLLATE=utf8mb4_unicode_ci;

--
-- Volcado de datos para la tabla `opland_banco`
--

INSERT INTO `opland_banco` (`id`, `fecha_contable`, `fecha_valor`, `codigo`, `nombre_banco`, `beneficiario`, `observaciones`, `importe`, `saldo`, `oficina`, `remesa`, `nombre`, `deleted`, `orden`, `createuser`, `updateuser`, `createdat`, `updatedat`) VALUES
(1, '2023-10-07', '2023-10-09', '0007', 'TRANSFERENCIAS', NULL, 'JULIO SEPTIEMBRE 2023', -459.00, 11281.04, '6051', '140000051081372994', '2023-10-07 _ -459.00 _ JULIO SEPTIEMBRE 2023', 1, 56, NULL, 11, '2023-10-07 10:03:33', '2024-12-05 16:24:59'),
(2, '2023-10-02', '2023-10-02', '0007', 'TRANSFERENCIAS', NULL, 'DIVIDENDOS 2022', -2835.00, 11740.04, '6051', '140000050981054368', '2023-10-02 _ -2835.00 _ DIVIDENDOS 2022', 1, 55, NULL, NULL, '2023-10-07 10:03:33', '2024-12-05 16:24:59'),
(3, '2023-09-25', '2023-09-25', '0007', 'TRANSFERENCIAS', NULL, 'DIVIDENDOS 2022', -2835.00, 14575.04, '6051', '140000050857211899', '2023-09-25 _ -2835.00 _ DIVIDENDOS 2022', 1, 54, NULL, 11, '2023-10-07 10:03:33', '2024-12-05 16:24:59'),
(4, '2023-09-25', '2023-09-25', '0007', 'TRANSFERENCIAS', NULL, 'DIVIDENDOS 2022', -2835.00, 17410.04, '6051', '140000050857203860', '2023-09-25 _ -2835.00 _ DIVIDENDOS 2022', 1, 53, NULL, 11, '2023-10-07 10:03:33', '2024-12-05 16:24:59'),
(5, '2023-09-25', '2023-09-25', '0007', 'TRANSFERENCIAS', NULL, 'trabajos de 28-3 sept', 338.80, 20245.04, '1333', '140000050850753984', '2023-09-25 _ 338.80 _ trabajos de 28-3 sept', 1, 52, NULL, 11, '2023-10-07 10:03:33', '2024-12-05 16:24:59'),
(6, '2023-09-05', '2023-09-05', '0007', 'TRANSFERENCIAS', NULL, 'trabajos 21-27 agosto', 338.80, 19906.24, '1333', '140000050560597981', '2023-09-05 _ 338.80 _ trabajos 21-27 agosto', 1, 51, NULL, 11, '2023-10-07 10:03:33', '2024-12-05 16:24:59'),
(7, '2023-08-29', '2023-08-29', '0007', 'TRANSFERENCIAS', NULL, 'trbajos 14-20', 338.80, 19567.44, '1333', '140000050426605694', '2023-08-29 _ 338.80 _ trbajos 14-20', 1, 50, NULL, 11, '2023-10-07 10:03:33', '2024-12-05 16:24:59'),
(8, '2023-08-24', '2023-08-24', '0007', 'TRANSFERENCIAS', NULL, 'fra 15', 423.50, 19228.64, '1333', '140000050362868550', '2023-08-24 _ 423.50 _ fra 15', 1, 49, NULL, 11, '2023-10-07 10:03:33', '2024-12-05 16:24:59'),
(9, '2023-08-09', '2023-08-09', '0007', 'TRANSFERENCIAS', NULL, 'fra pendiente', 369.96, 18805.14, '1333', '140000050169105450', '2023-08-09 _ 369.96 _ fra pendiente', 1, 48, NULL, 11, '2023-10-07 10:03:33', '2024-12-05 16:24:59'),
(10, '2023-07-25', '2023-07-25', '0326', 'CARGO POR PAGO DE IMPUESTOS - TRIBUTOS', NULL, '2003180334626ZXC8LFXHD', -2178.71, 18435.18, '7710', NULL, '2023-07-25 _ -2178.71 _ 2003180334626ZXC8LFXHD', 1, 47, NULL, 11, '2023-10-07 10:03:33', '2024-12-05 16:24:59'),
(11, '2023-07-20', '2023-07-20', '0326', 'CARGO POR PAGO DE IMPUESTOS - TRIBUTOS', NULL, 'NRC. 3034579252941WQLHNFPN7', -89.60, 20613.89, '7710', NULL, '2023-07-20 _ -89.60 _ NRC. 3034579252941WQLHNFPN7', 1, 46, NULL, 11, '2023-10-07 10:03:33', '2024-12-05 16:24:59'),
(12, '2023-07-20', '2023-07-20', '0326', 'CARGO POR PAGO DE IMPUESTOS - TRIBUTOS', NULL, 'NRC. 1234550589702FQV0L51RF', -85.50, 20703.49, '7710', NULL, '2023-07-20 _ -85.50 _ NRC. 1234550589702FQV0L51RF', 1, 45, NULL, 11, '2023-10-07 10:03:33', '2024-12-05 16:24:59'),
(13, '2023-07-18', '2023-07-18', '0007', 'TRANSFERENCIAS', NULL, 'fra mayo', 1500.00, 20788.99, '1333', '140000049812548673', '2023-07-18 _ 1500.00 _ fra mayo', 1, 44, NULL, 11, '2023-10-07 10:03:33', '2024-12-05 16:24:59'),
(14, '2023-07-17', '2023-07-17', '0007', 'TRANSFERENCIAS', NULL, 'REGALO DOPI', -100.00, 19288.99, '6051', '140000049796945133', '2023-07-17 _ -100.00 _ REGALO DOPI', 1, 43, NULL, 11, '2023-10-07 10:03:33', '2024-12-05 16:24:59'),
(15, '2023-07-17', '2023-07-17', '0009', 'INGRESO EN EFECTIVO', NULL, 'NF T3', 110.00, 19388.99, '0509', NULL, '2023-07-17 _ 110.00 _ NF T3', 1, 42, NULL, 11, '2023-10-07 10:03:33', '2024-12-05 16:24:59'),
(16, '2023-07-07', '2023-07-07', '0007', 'TRANSFERENCIAS VM2024Q3', NULL, 'Fra 14-2023', 115.43, 19278.99, '1333', '140000049656270816', '2023-07-07 _ 115.43 _ Fra 14-2023', 1, 41, NULL, 11, '2023-10-07 10:03:33', '2024-12-05 16:24:59'),
(17, '2023-07-04', '2023-07-04', '0007', 'TRANSFERENCIAS', NULL, 'HONORARIOS SEGUNDO TRIMESTRE', -459.00, 19163.56, '6051', '140000049599630923', '2023-07-04 _ -459.00 _ HONORARIOS SEGUNDO TRIMESTRE', 1, 40, NULL, 11, '2023-10-07 10:03:33', '2024-12-05 16:24:59'),
(18, '2023-07-01', '2023-07-01', '0007', 'TRANSFERENCIAS', NULL, 'FACTURA PENDIENTE MAYO', 1200.00, 19622.56, '6051', '140000049546086791', '2023-07-01 _ 1200.00 _ FACTURA PENDIENTE MAYO', 1, 39, NULL, NULL, '2023-10-07 10:03:33', '2024-12-05 16:24:59'),
(19, '2023-06-28', '2023-06-28', '0007', 'TRANSFERENCIAS', NULL, 'factura implantacion', 1100.00, 18422.56, '1333', '140000049470333663', '2023-06-28 _ 1100.00 _ factura implantacion', 1, 38, NULL, 11, '2023-10-07 10:03:33', '2024-12-05 16:24:59'),
(20, '2023-06-26', '2023-06-26', '0009', 'INGRESO EN EFECTIVO', NULL, 'NATUREFITNESS T2', 110.00, 17322.56, '0509', NULL, '2023-06-26 _ 110.00 _ NATUREFITNESS T2', 1, 37, NULL, 11, '2023-10-07 10:03:33', '2024-12-05 16:24:59'),
(21, '2023-05-16', '2023-05-16', '0007', 'TRANSFERENCIAS', NULL, 'Fra 9-23 Mantenimiento 2T', 115.43, 17212.56, '7710', '140000048831636591', '2023-05-16 _ 115.43 _ Fra 9-23 Mantenimiento 2T', 1, 36, NULL, 11, '2023-10-07 10:03:33', '2024-12-05 16:24:59'),
(22, '2023-04-20', '2023-04-20', '0326', 'CARGO POR PAGO DE IMPUESTOS - TRIBUTOS', NULL, 'NRC. 3034505076556CSXPQN6PZ', -366.15, 17097.13, '7710', NULL, '2023-04-20 _ -366.15 _ NRC. 3034505076556CSXPQN6PZ', 1, 35, NULL, 11, '2023-10-07 10:03:33', '2024-12-05 16:24:59'),
(23, '2023-04-20', '2023-04-20', '0326', 'CARGO POR PAGO DE IMPUESTOS - TRIBUTOS', NULL, 'NRC. 1234583582574P25G84GNV', -85.50, 17463.28, '7710', NULL, '2023-04-20 _ -85.50 _ NRC. 1234583582574P25G84GNV', 1, 34, NULL, 11, '2023-10-07 10:03:33', '2024-12-05 16:24:59'),
(24, '2023-04-06', '2023-04-06', '0007', 'TRANSFERENCIAS', NULL, 'S.F.  7/2023', 1815.00, 17548.78, '6051', '140000048260258243', '2023-04-06 _ 1815.00 _ S.F.  7/2023', 1, 33, NULL, 11, '2023-10-07 10:03:33', '2024-12-05 16:24:59'),
(25, '2023-03-31', '2023-03-31', '0007', 'TRANSFERENCIAS', NULL, 'HONORARIOS PRIMER TRIMESTRE', -459.00, 15733.78, '6051', '140000048159489149', '2023-03-31 _ -459.00 _ HONORARIOS PRIMER TRIMESTRE', 1, 32, NULL, 11, '2023-10-07 10:03:33', '2024-12-05 16:24:59'),
(26, '2023-03-29', '2023-03-29', '0007', 'TRANSFERENCIAS', NULL, 'Fra 4-2023', 286.77, 16192.78, '7710', '140000048104603690', '2023-03-29 _ 286.77 _ Fra 4-2023', 1, 31, NULL, 11, '2023-10-07 10:03:33', '2024-12-05 16:24:59'),
(27, '2023-03-11', '2023-03-11', '0009', 'INGRESO EN EFECTIVO', NULL, 'TONI GIL T1', 110.00, 15906.01, '0509', NULL, '2023-03-11 _ 110.00 _ TONI GIL T1', 1, 30, NULL, 11, '2023-10-07 10:03:33', '2024-12-05 16:24:59'),
(28, '2023-02-13', '2023-02-13', '0007', 'TRANSFERENCIAS', NULL, 'FACTURA MONEDA Y TIMBRE FIRMA DIGITAL', -16.94, 15796.01, '6051', '140000047498061024', '2023-02-13 _ -16.94 _ FACTURA MONEDA Y TIMBRE FIRMA DIGITAL', 1, 29, NULL, 11, '2023-10-07 10:03:33', '2024-12-05 16:24:59'),
(29, '2023-02-08', '2023-02-08', '0007', 'TRANSFERENCIAS', NULL, 'FACTURA REGISTRO MERCANTIL FIRMA DIGITAL', -7.27, 15812.95, '6051', '140000047443331102', '2023-02-08 _ -7.27 _ FACTURA REGISTRO MERCANTIL FIRMA DIGITAL', 1, 28, NULL, 11, '2023-10-07 10:03:33', '2024-12-05 16:24:59'),
(30, '2023-01-26', '2023-01-26', '0007', 'TRANSFERENCIAS', NULL, 'TP LINK 13_09_2022', -79.99, 15820.22, '6051', '140000047233526749', '2023-01-26 _ -79.99 _ TP LINK 13_09_2022', 1, 27, NULL, 11, '2023-10-07 10:03:33', '2026-02-27 09:38:37'),
(31, '2023-01-20', '2023-01-20', '0326', 'CARGO POR PAGO DE IMPUESTOS - TRIBUTOS', NULL, 'NRC. 1113501449286XQE12CP3N', -73.58, 15900.21, '7710', NULL, '2023-01-20 _ -73.58 _ NRC. 1113501449286XQE12CP3N', 1, 26, NULL, 11, '2023-10-07 10:03:33', '2024-12-05 16:24:59'),
(32, '2023-01-20', '2023-01-20', '0326', 'CARGO POR PAGO DE IMPUESTOS - TRIBUTOS', NULL, 'NRC. 1233551842083DQ3NPH71C', -85.50, 15973.79, '7710', NULL, '2023-01-20 _ -85.50 _ NRC. 1233551842083DQ3NPH71C', 1, 25, NULL, 11, '2023-10-07 10:03:33', '2024-12-05 16:24:59'),
(33, '2022-12-18', '2022-12-19', '0007', 'TRANSFERENCIAS', NULL, 'SRM GESTIóN E INVERSIóN PATRIMONIAL', -459.00, 16059.29, '6051', '140000046696665799', '2022-12-18 _ -459.00 _ SRM GESTIóN E INVERSIóN PATRIMONIAL', 1, 24, NULL, 11, '2023-10-07 10:03:33', '2026-02-27 09:38:37'),
(34, '2022-11-09', '2022-11-09', '0009', 'INGRESO EN EFECTIVO', NULL, 'TONI GIL BONO', 339.00, 16518.29, '0509', NULL, '2022-11-09 _ 339.00 _ TONI GIL BONO', 1, 23, NULL, 11, '2023-10-07 10:03:33', '2024-12-05 16:24:59'),
(35, '2022-10-28', '2022-10-28', '0007', 'TRANSFERENCIAS', NULL, 'DEVOLUCION 2111-2022', 45.82, 16179.29, '7710', '140000045963126475', '2022-10-28 _ 45.82 _ DEVOLUCION 2111-2022', 1, 22, NULL, 11, '2023-10-07 10:03:33', '2026-02-27 09:38:37'),
(36, '2022-10-18', '2022-10-18', '0009', 'INGRESO EN EFECTIVO', NULL, 'BONO TONI GIL', 339.00, 16133.47, '0509', NULL, '2022-10-18 _ 339.00 _ BONO TONI GIL', 1, 21, NULL, 11, '2023-10-07 10:03:33', '2024-12-05 16:24:59'),
(37, '2022-10-17', '2022-10-17', '0007', 'TRANSFERENCIAS', NULL, 'HOSTING', -81.57, 15794.47, '6051', '140000045825985304', '2022-10-17 _ -81.57 _ HOSTING', 1, 20, NULL, 11, '2023-10-07 10:03:33', '2026-02-27 09:38:37'),
(38, '2022-10-17', '2022-10-17', '0007', 'TRANSFERENCIAS', NULL, 'NOTARíA', -548.42, 15876.04, '6051', '140000045825547712', '2022-10-17 _ -548.42 _ NOTARíA', 1, 19, NULL, 11, '2023-10-07 10:03:33', '2026-02-27 09:38:37'),
(39, '2022-10-03', '2022-10-03', '0007', 'TRANSFERENCIAS', NULL, '100213888', 385.00, 16424.46, '7710', '140000045636891639', '2022-10-03 _ 385.00 _ 100213888', 1, 18, NULL, 11, '2023-10-07 10:03:33', '2026-02-27 09:38:37'),
(40, '2022-09-21', '2022-09-21', '0007', 'TRANSFERENCIAS', NULL, 'PORTáTIL HUAWEI', -749.00, 16039.46, '6051', '140000045469630388', '2022-09-21 _ -749.00 _ PORTáTIL HUAWEI', 1, 17, NULL, 11, '2023-10-07 10:03:33', '2024-12-05 16:31:37'),
(41, '2022-09-21', '2022-09-21', '0007', 'TRANSFERENCIAS', NULL, 'Fra 2-2022', 3535.29, 16788.46, '7710', '140000045467752185', '2022-09-21 _ 3535.29 _ Fra 2-2022', 1, 16, NULL, 11, '2023-10-07 10:03:33', '2024-12-05 16:24:59'),
(42, '2022-09-12', '2022-09-12', '0007', 'TRANSFERENCIAS', NULL, 'IPHONE', -909.00, 13253.17, '6051', '140000045350192491', '2022-09-12 _ -909.00 _ IPHONE', 1, 15, NULL, 11, '2023-10-07 10:03:33', '2024-12-05 16:31:37'),
(43, '2022-09-12', '2022-09-12', '0007', 'TRANSFERENCIAS', NULL, 'OPLAND ZERO PAPER?100213888', -409.00, 14162.17, '6051', '140000045350021127', '2022-09-12 _ -409.00 _ OPLAND ZERO PAPER?100213888', 1, 14, NULL, 11, '2023-10-07 10:03:33', '2026-02-27 09:38:37'),
(44, '2022-08-08', '2022-08-08', '0007', 'TRANSFERENCIAS', NULL, 'IMPLANTACION PROGRAMA', 5118.28, 14571.17, '6051', '140000044902595129', '2022-08-08 _ 5118.28 _ IMPLANTACION PROGRAMA', 1, 13, NULL, 11, '2023-10-07 10:03:33', '2024-12-05 16:24:59'),
(45, '2022-07-20', '2022-07-20', '0326', 'CARGO POR PAGO DE IMPUESTOS - TRIBUTOS', NULL, '3032075979466ZDZECELQ5', -3301.84, 9452.89, '7710', NULL, '2022-07-20 _ -3301.84 _ 3032075979466ZDZECELQ5', 1, 12, NULL, 11, '2023-10-07 10:03:33', '2024-12-05 16:24:59'),
(46, '2022-04-14', '2022-04-14', NULL, 'CARLOS DE BERNARDO', NULL, NULL, 1000.00, 4000.00, NULL, NULL, '2022-04-14 _ 1000.00 _ CARLOS DE BERNARDO', 1, 4, 11, 11, '2023-10-12 20:56:10', '2024-12-05 16:31:37'),
(47, '2022-04-13', '2022-04-13', NULL, 'CARLOS DOMINGO', NULL, NULL, 1000.00, 2000.00, NULL, NULL, '2022-04-13 _ 1000.00 _ CARLOS DOMINGO', 1, 2, 11, 11, '2023-10-12 20:56:14', '2024-12-05 16:31:37'),
(48, '2022-04-14', '2022-04-14', NULL, 'TOMÁS RODRÍGUEZ', NULL, NULL, 1000.00, 3000.00, NULL, NULL, '2022-04-14 _ 1000.00 _ TOMÁS RODRÍGUEZ', 1, 3, 11, 11, '2023-10-12 20:56:23', '2024-12-05 16:31:37'),
(49, '2023-11-15', '2023-11-15', '7', 'TRANSFERENCIAS LF 940', NULL, 'FRA PENDIENTES', 940.00, 10871.11, '6051', '140000051686236577', '2023-11-15 _ 940.00 _ FRA PENDIENTES', 1, 63, NULL, 2, '2023-11-17 05:17:08', '2024-12-05 16:24:59'),
(50, '2023-11-14', '2023-11-14', '7', 'TRANSFERENCIAS', NULL, 'factura pendiente', 1300.00, 9931.11, '1333', '140000051663573250', '2023-11-14 _ 1300.00 _ factura pendiente', 1, 62, NULL, NULL, '2023-11-17 05:17:08', '2024-12-05 16:24:59'),
(51, '2023-10-20', '2023-10-20', NULL, 'IMPUESTOS - TRIBUTOS', NULL, 'NRC. 2024536593931NAN0XW5R8', -322.20, 8631.11, '7710', NULL, '2023-10-20 _ -322.20 _ NRC. 2024536593931NAN0XW5R8', 1, 116, NULL, 11, '2023-11-17 05:17:08', '2026-02-27 09:38:37'),
(52, '2023-10-20', '2023-10-20', '326', 'CARGO POR PAGO DE IMPUESTOS - TRIBUTOS', NULL, 'NRC. 3034517682463EVD3FAZ1C', -398.29, 9023.28, '7710', NULL, '2023-10-20 _ -398.29 _ NRC. 3034517682463EVD3FAZ1C', 1, 60, NULL, NULL, '2023-11-17 05:17:08', '2024-12-05 16:24:59'),
(53, '2023-10-20', '2023-10-20', '326', 'CARGO POR PAGO DE IMPUESTOS - TRIBUTOS', NULL, 'NRC. 1234508585055QHH8CEKEP', -2080.50, 9421.57, '7710', NULL, '2023-10-20 _ -2080.50 _ NRC. 1234508585055QHH8CEKEP', 1, 59, NULL, NULL, '2023-11-17 05:17:08', '2024-12-05 16:24:59'),
(54, '2023-10-19', '2023-10-19', '7', 'TRANSFERENCIAS', NULL, 'MANTENIMIENTO T4-2023 NF', 105.60, 11502.07, '7013', '140000051245443091', '2023-10-19 _ 105.60 _ MANTENIMIENTO T4-2023 NF', 1, 58, NULL, NULL, '2023-11-17 05:17:08', '2024-12-05 16:24:59'),
(55, '2023-10-13', '2023-10-13', '7', 'TRANSFERENCIAS', NULL, 'F.25 2023 10.10.2023', 115.43, 11396.47, '1333', '140000051162633070', '2023-10-13 _ 115.43 _ F.25 2023 10.10.2023', 1, 57, NULL, NULL, '2023-11-17 05:17:08', '2024-12-05 16:24:59'),
(57, '2023-11-28', '2023-11-27', '7', 'TRANSFERENCIAS LF 900', NULL, 'FRA PENDIENTES', 900.00, 11771.11, '6051', '140000051686236577', '2023-11-28 _ 900.00 _ FRA PENDIENTES', 1, 64, NULL, 2, '2023-11-25 10:11:36', '2024-12-05 16:24:59'),
(58, '2023-12-07', '2023-12-07', '7', 'TRANSFERENCIAS LF 660', NULL, 'FRA PENDIENTES', 660.00, 12431.11, '6051', '140000051686236577', '2023-12-07 _ 660.00 _ FRA PENDIENTES', 1, 65, NULL, 2, '2023-12-09 23:24:02', '2024-12-05 16:24:59'),
(59, '2024-01-19', '2024-01-19', NULL, 'TRANSFERENCIAS LF 400', NULL, NULL, 400.00, 12079.94, NULL, NULL, '2024-01-19 _ 400.00 _ TRANSFERENCIAS LF 400', 1, 70, 2, 2, '2024-01-19 21:37:23', '2024-12-05 16:24:59'),
(60, '2024-01-23', '2024-01-23', NULL, 'TRANSFERENCIAS LF 1500', NULL, NULL, 1500.00, 13494.44, NULL, NULL, '2024-01-23 _ 1500.00 _ TRANSFERENCIAS LF 1500', 1, 72, 2, 2, '2024-01-19 21:38:16', '2024-12-05 16:24:59'),
(61, '2024-01-30', '2024-01-30', NULL, 'Impuesto de sociedades', NULL, '326 - CARGO POR PAGO DE IMPUESTOS - TRIBUTOS - NRC. 3034571714054Z67GLLFV3', -1221.23, 12273.21, NULL, NULL, '2024-01-30 _ -1221.23 _ 326 _ CARGO POR PAGO DE IMPUESTOS _ TRIBUTOS _ NRC. 3034571714054Z67GLLFV3', 1, 73, 2, 2, '2024-01-30 08:30:18', '2026-02-27 09:38:37'),
(62, '2024-01-23', '2024-01-23', NULL, 'Pago de tributos (IRPF)', NULL, NULL, -85.50, 11994.44, NULL, NULL, '2024-01-23 _ -85.50 _ Pago de tributos (IRPF)', 1, 71, 2, 2, '2024-01-30 08:32:40', '2024-12-05 16:24:59'),
(63, '2024-01-09', '2024-01-09', NULL, 'Regalo Dopi (Tomás)', NULL, NULL, 50.00, 11679.94, NULL, NULL, '2024-01-09 _ 50.00 _ Regalo Dopi (Tomás)', 1, 69, 2, 2, '2024-01-30 08:34:16', '2026-02-27 09:38:37'),
(64, '2024-01-09', '2024-01-09', NULL, 'Regalo Dopi (Pelón)', NULL, NULL, 50.00, 11629.94, NULL, NULL, '2024-01-09 _ 50.00 _ Regalo Dopi (Pelón)', 1, 68, 2, 2, '2024-01-30 08:35:01', '2026-02-27 09:38:37'),
(65, '2023-12-30', '2024-01-02', NULL, 'Administrador 4Q2023', NULL, NULL, -459.00, 11579.94, NULL, NULL, '2023-12-30 _ -459.00 _ Administrador 4Q2023', 1, 67, 2, 2, '2024-01-30 08:37:43', '2026-02-27 09:38:37'),
(66, '2024-05-07', '2024-05-07', '00007', 'TRANSFERENCIAS', NULL, 'TRABAJOS REALIZADOS', 600.00, 15174.64, '6051', '-', '2024-05-07 _ 600.00 _ TRABAJOS REALIZADOS', 1, 84, NULL, 11, '2024-05-07 10:19:24', '2024-12-05 16:24:59'),
(67, '2024-04-30', '2024-04-30', '00007', 'TRANSFERENCIAS', NULL, 'FRA 2024/11 OPLAND', 217.80, 14574.64, '1333', 'ES0182140000054425470687', '2024-04-30 _ 217.80 _ FRA 2024/11 OPLAND', 1, 83, NULL, NULL, '2024-05-07 10:19:24', '2024-12-05 16:24:59'),
(68, '2024-04-29', '2024-04-29', '00007', 'TRANSFERENCIAS', NULL, 'HOSTING', -153.98, 14356.84, '6051', 'ES0182140000054382557265', '2024-04-29 _ -153.98 _ HOSTING', 1, 82, NULL, NULL, '2024-05-07 10:19:24', '2024-12-05 16:24:59'),
(69, '2024-04-25', '2024-04-25', '00007', 'TRANSFERENCIAS F.2024/08  23.04.2024', NULL, 'F.2024/08  23.04.2024', 335.98, 14510.82, '1333', 'ES0182140000054313713426', '2024-04-25 _ 335.98 _ F.2024/08  23.04.2024', 1, 81, NULL, 11, '2024-05-07 10:19:24', '2024-12-05 16:24:59'),
(70, '2024-04-22', '2024-04-22', '00326', 'CARGO POR PAGO DE IMPUESTOS - TRIBUTOS', NULL, 'NRC. 3035578931210CM77VX6PG', -217.43, 14174.84, '7710', 'ES0182140000054262269724', '2024-04-22 _ -217.43 _ NRC. 3035578931210CM77VX6PG', 1, 80, NULL, NULL, '2024-05-07 10:19:24', '2024-12-05 16:24:59'),
(71, '2024-04-22', '2024-04-22', '00326', 'CARGO POR PAGO DE IMPUESTOS - TRIBUTOS', NULL, 'NRC. 1235581861053CWJ0C1EYT', -85.50, 14392.27, '7710', 'ES0182140000054262269723', '2024-04-22 _ -85.50 _ NRC. 1235581861053CWJ0C1EYT', 1, 79, NULL, NULL, '2024-05-07 10:19:24', '2024-12-05 16:24:59'),
(72, '2024-04-22', '2024-04-22', '00326', 'CARGO POR PAGO DE IMPUESTOS - TRIBUTOS', NULL, 'NRC. 2025534585374EL6X3R1SR', -392.17, 14477.77, '7710', 'ES0182140000054262269722', '2024-04-22 _ -392.17 _ NRC. 2025534585374EL6X3R1SR', 1, 78, NULL, NULL, '2024-05-07 10:19:24', '2024-12-05 16:24:59'),
(73, '2024-03-31', '2024-04-01', '00007', 'TRANSFERENCIAS', NULL, '1Q 2024', -459.00, 14869.94, '6051', 'ES0182140000053914384783', '2024-03-31 _ -459.00 _ 1Q 2024', 1, 77, NULL, NULL, '2024-05-07 10:19:24', '2024-12-05 16:24:59'),
(74, '2024-03-14', '2024-03-14', '00007', 'TRANSFERENCIAS', NULL, 'FACTURAS 37/2023 Y 2024/07 -', 2831.40, 15328.94, '1333', 'ES0182140000053640940627', '2024-03-14 _ 2831.40 _ FACTURAS 37/2023 Y 2024/07 -', 1, 76, NULL, NULL, '2024-05-07 10:19:24', '2024-12-05 16:24:59'),
(75, '2024-02-19', '2024-02-19', '00007', 'TRANSFERENCIAS', NULL, 'TONI GIL T1', 108.90, 12497.54, '7013', 'ES0182140000053232627618', '2024-02-19 _ 108.90 _ TONI GIL T1', 1, 75, NULL, NULL, '2024-05-07 10:19:24', '2024-12-05 16:24:59'),
(76, '2024-02-09', '2024-02-09', '00007', 'TRANSFERENCIAS', NULL, 'F.2024  04  29.01.2024', 115.43, 12388.64, '1333', 'ES0182140000053093473828', '2024-02-09 _ 115.43 _ F.2024  04  29.01.2024', 1, 74, NULL, NULL, '2024-05-07 10:19:24', '2024-12-05 16:24:59'),
(77, '2024-05-08', '2024-05-08', '00007', 'TRANSFERENCIAS', NULL, 'fra pendientes', 1005.38, 16180.02, '6051', '-', '2024-05-08 _ 1005.38 _ fra pendientes', 1, 85, NULL, 11, '2024-05-08 17:41:35', '2024-12-05 16:24:59'),
(78, '2024-05-20', '2024-05-20', NULL, 'TRANSFERENCIAS', NULL, 'Nf 2 Trimestre', 108.00, 16288.02, NULL, NULL, '2024-05-20 _ 108.00 _ Nf 2 Trimestre', 1, 86, NULL, 11, '2024-06-08 05:41:32', '2024-12-05 16:24:59'),
(79, '2024-05-21', '2024-05-21', NULL, 'TRANSFERENCIAS', NULL, 'Pago Factura 2024/13', 199.65, 16487.67, NULL, NULL, '2024-05-21 _ 199.65 _ Pago Factura 2024/13', 1, 87, NULL, 11, '2024-06-08 05:43:11', '2024-12-05 16:24:59'),
(80, '2024-06-06', '2024-06-06', NULL, 'TRANSFERENCIAS', NULL, 'Pago Factura 2024.12', 683.90, 17171.57, NULL, NULL, '2024-06-06 _ 683.90 _ Pago Factura 2024.12', 1, 88, NULL, 11, '2024-06-08 05:44:07', '2024-12-05 16:24:59'),
(81, '2024-06-30', '2024-07-01', '00007', 'TRANSFERENCIAS', NULL, '2Q 2024', -459.00, 16712.57, '6051', NULL, '2024-06-30 _ -459.00 _ 2Q 2024', 1, 89, NULL, 11, '2024-07-02 08:25:26', '2024-12-05 16:24:59'),
(82, '2024-09-12', '2024-09-12', '530', 'ADEUDO DE COLEGIO PROFESIONAL', NULL, 'N 2024254000540829 COLEGIO DE REGISTRADORES', -65.91, 15532.90, '7710', 'ES0182140000056838224684', '2024-09-12 _ -65.91 _ N 2024254000540829 COLEGIO DE REGISTRADORES', 1, 96, NULL, NULL, '2024-09-20 04:29:59', '2024-12-05 16:24:59'),
(83, '2024-07-24', '2024-07-24', '326', 'CARGO POR PAGO DE IMPUESTOS - TRIBUTOS', NULL, '2004277617562MVW46FDNM', -1005.88, 15598.81, '6051', 'ES0182140000055943606150', '2024-07-24 _ -1005.88 _ 2004277617562MVW46FDNM', 1, 95, NULL, NULL, '2024-09-20 04:29:59', '2024-12-05 16:24:59'),
(84, '2024-07-22', '2024-07-22', '326', 'CARGO POR PAGO DE IMPUESTOS - TRIBUTOS', NULL, 'NRC. 3035586790275CYL2Q8PY4', -176.61, 16604.69, '7710', 'ES0182140000055896300222', '2024-07-22 _ -176.61 _ NRC. 3035586790275CYL2Q8PY4', 1, 94, NULL, NULL, '2024-09-20 04:29:59', '2024-12-05 16:24:59'),
(85, '2024-07-22', '2024-07-22', '326', 'CARGO POR PAGO DE IMPUESTOS - TRIBUTOS', NULL, 'NRC. 1235578994596A6CY7E699', -85.50, 16781.30, '7710', 'ES0182140000055896300221', '2024-07-22 _ -85.50 _ NRC. 1235578994596A6CY7E699', 1, 93, NULL, NULL, '2024-09-20 04:29:59', '2024-12-05 16:24:59'),
(86, '2024-07-11', '2024-07-12', '7', 'TRANSFERENCIAS', NULL, 'NOTARIO 2022', -67.60, 16866.80, '6051', 'ES0182140000055736068685', '2024-07-11 _ -67.60 _ NOTARIO 2022', 1, 92, NULL, NULL, '2024-09-20 04:29:59', '2026-02-27 09:38:37'),
(87, '2024-07-11', '2024-07-11', '7', 'TRANSFERENCIAS', NULL, 'Saldo pendiente factura', 22.18, 16934.40, '1333', 'ES0182140000055719691615', '2024-07-11 _ 22.18 _ Saldo pendiente factura', 1, 91, NULL, NULL, '2024-09-20 04:29:59', '2024-12-05 16:24:59'),
(88, '2024-07-05', '2024-07-05', '7', 'TRANSFERENCIAS', NULL, 'PAGO FTRA.  2024/13 OPLAND SL', 199.65, 16912.22, '6051', 'ES0182140000055622986140', '2024-07-05 _ 199.65 _ PAGO FTRA.  2024/13 OPLAND SL', 1, 90, NULL, NULL, '2024-09-20 04:29:59', '2024-12-05 16:24:59'),
(89, '2024-09-23', '2024-09-23', '530', 'ADEUDO DE COLEGIO PROFESIONAL', NULL, 'N 2024254000540829 COLEGIO DE REGISTRADORES', -3.15, 15529.75, '7710', 'ES0182140000056838224684', '2024-09-23 _ -3.15 _ N 2024254000540829 COLEGIO DE REGISTRADORES', 1, 97, NULL, 11, '2024-09-30 09:09:29', '2024-12-05 16:24:59'),
(90, '2024-09-23', '2024-09-23', '7', 'TRANSFERENCIAS', NULL, 'PAGO FTRA.  2024/17 OPLAND ZERO PAPER', 163.35, 15693.10, '6051', 'ES0182140000055622986140', '2024-09-23 _ 163.35 _ PAGO FTRA.  2024/17 OPLAND ZERO PAPER', 1, 98, NULL, 11, '2024-09-30 09:10:33', '2024-12-05 16:24:59'),
(91, '2024-09-24', '2024-09-24', '7', 'TRANSFERENCIAS', NULL, 'f.2024/14 19.09.2024', 243.21, 15936.31, '6051', 'ES0182140000055622986140', '2024-09-24 _ 243.21 _ f.2024/14 19.09.2024', 1, 99, NULL, 11, '2024-09-30 09:12:03', '2024-12-05 16:24:59'),
(92, '2024-09-24', '2024-09-24', '7', 'TRANSFERENCIAS', NULL, 'F.2024/18 19.09.2024', 284.00, 16220.31, '6051', 'ES0182140000055622986140', '2024-09-24 _ 284.00 _ F.2024/18 19.09.2024', 1, 100, NULL, 11, '2024-09-30 09:13:15', '2024-12-05 16:24:59'),
(93, '2024-09-30', '2024-09-30', '7', 'TRANSFERENCIAS', NULL, 'Devolución parte IVA factura F.2024/18', -40.00, 16180.31, '6051', 'ES0182140000055622986140', '2024-09-30 _ -40.00 _ Devolución parte IVA factura F.2024/18', 1, 101, NULL, 11, '2024-09-30 14:02:29', '2024-12-05 16:24:59'),
(96, '2024-10-01', '2024-10-01', '7', 'TRANSFERENCIAS', NULL, 'FRA 2024/16 OPLAND', 217.80, 16398.11, '6051', 'ES0182140000055622986140', '2024-10-01 _ 217.80 _ FRA 2024/16 OPLAND', 1, 102, NULL, 11, '2024-10-01 14:13:20', '2024-12-05 16:24:59'),
(97, '2024-10-01', '2024-10-01', '00007', 'TRANSFERENCIAS', NULL, 'SRL 3Q 2024', -459.00, 15939.11, '6051', NULL, '2024-10-01 _ -459.00 _ SRL 3Q 2024', 1, 103, NULL, 11, '2024-10-01 14:14:57', '2024-12-05 16:24:59'),
(98, '2024-10-21', '2024-10-21', '00326', 'CARGO POR PAGO DE IMPUESTOS - TRIBUTOS', NULL, 'CARGO POR PAGO DE IMPUESTOS - TRIBUTOS', -322.24, 8279.12, '7710', 'ES0182140000057535203794', '2024-10-21 _ -322.24 _ CARGO POR PAGO DE IMPUESTOS _ TRIBUTOS', 1, 110, NULL, 11, '2024-10-30 06:56:06', '2024-12-05 16:24:59'),
(99, '2024-10-21', '2024-10-21', '00326', 'CARGO POR PAGO DE IMPUESTOS - TRIBUTOS', NULL, 'CARGO POR PAGO DE IMPUESTOS - TRIBUTOS', -71.25, 8601.36, '7710', 'ES0182140000057535203793', '2024-10-21 _ -71.25 _ CARGO POR PAGO DE IMPUESTOS _ TRIBUTOS', 1, 109, NULL, 11, '2024-10-30 06:56:06', '2024-12-05 16:24:59'),
(100, '2024-10-21', '2024-10-21', '00326', 'CARGO POR PAGO DE IMPUESTOS - TRIBUTOS', NULL, 'CARGO POR PAGO DE IMPUESTOS - TRIBUTOS', -85.50, 8672.61, '7710', 'ES0182140000057535203792', '2024-10-21 _ -85.50 _ CARGO POR PAGO DE IMPUESTOS _ TRIBUTOS', 1, 108, NULL, 11, '2024-10-30 06:56:06', '2024-12-05 16:24:59'),
(101, '2024-10-18', '2024-10-21', '00007', 'TRANSFERENCIAS', NULL, 'TRANSFERENCIAS', -2430.00, 8758.11, '6051', 'ES0182140000057508122037', '2024-10-18 _ -2430.00 _ TRANSFERENCIAS', 1, 107, NULL, 11, '2024-10-30 06:56:06', '2024-12-05 16:24:59'),
(102, '2024-10-18', '2024-10-18', '00007', 'TRANSFERENCIAS', NULL, 'TRANSFERENCIAS', -2430.00, 11188.11, '6051', 'ES0182140000057506471982', '2024-10-18 _ -2430.00 _ TRANSFERENCIAS', 1, 106, NULL, 11, '2024-10-30 06:56:06', '2024-12-05 16:24:59'),
(103, '2024-10-18', '2024-10-18', '00007', 'TRANSFERENCIAS', NULL, 'TRANSFERENCIAS', -2430.00, 13618.11, '6051', 'ES0182140000057506464563', '2024-10-18 _ -2430.00 _ TRANSFERENCIAS', 1, 105, NULL, 11, '2024-10-30 06:56:06', '2024-12-05 16:24:59'),
(104, '2024-10-10', '2024-10-10', '00009', 'INGRESO EN EFECTIVO', NULL, 'INGRESO EN EFECTIVO', 109.00, 16048.11, '0509', 'ES0182140000057373726889', '2024-10-10 _ 109.00 _ INGRESO EN EFECTIVO', 1, 104, NULL, NULL, '2024-10-30 06:56:06', '2024-12-05 16:24:59'),
(105, '2024-12-02', '2024-12-02', '00009', 'INGRESO EN EFECTIVO', NULL, 'NATUREFITNESS T4', 110.00, 9158.68, '0509', 'ES0182140000058321157053', '2024-12-02 _ 110.00 _ NATUREFITNESS T4', 1, 115, NULL, NULL, '2024-12-03 08:08:32', '2024-12-05 16:24:59'),
(106, '2024-11-22', '2024-11-22', '00007', 'TRANSFERENCIAS', NULL, 'ABONO NOV Y DIC', -133.10, 9048.68, '6051', 'ES0182140000058126305706', '2024-11-22 _ -133.10 _ ABONO NOV Y DIC', 1, 114, NULL, NULL, '2024-12-03 08:08:32', '2026-02-27 09:38:37'),
(107, '2024-11-07', '2024-11-07', '00007', 'TRANSFERENCIAS', NULL, 'PAGO FTRA.  2024/19 OPLAND ZERO PAPER  SL', 199.65, 9181.78, '6051', 'ES0182140000057872705539', '2024-11-07 _ 199.65 _ PAGO FTRA.  2024/19 OPLAND ZERO PAPER  SL', 1, 113, NULL, NULL, '2024-12-03 08:08:32', '2026-02-27 09:38:37'),
(108, '2024-11-06', '2024-11-06', '00007', 'TRANSFERENCIAS', NULL, 'FRA 2024/20 OPLAND ZERO PAPER', 217.80, 8982.13, '1333', 'ES0182140000057859074027', '2024-11-06 _ 217.80 _ FRA 2024/20 OPLAND ZERO PAPER', 1, 112, NULL, NULL, '2024-12-03 08:08:32', '2024-12-05 16:24:59'),
(109, '2024-11-06', '2024-11-06', '00007', 'TRANSFERENCIAS', NULL, 'F.2024/21   04.11.2024', 485.21, 8764.33, '1333', 'ES0182140000057847090765', '2024-11-06 _ 485.21 _ F.2024/21   04.11.2024', 1, 111, NULL, NULL, '2024-12-03 08:08:32', '2024-12-05 16:24:59'),
(110, '2022-04-12', '2022-04-12', '00007', 'TRANSFERENCIAS', NULL, 'Start', 1000.00, 1000.00, '7710', 'ES0182140000043333920388', '2022-04-12 _ 1000.00 _ Start', 1, 1, NULL, NULL, '2024-12-05 10:27:56', '2026-02-27 09:38:37'),
(111, '2022-06-06', '2022-06-06', '00007', 'TRANSFERENCIAS', NULL, 'PAGO FRA 3/2022', 2637.80, 6637.80, '7710', 'ES0182140000044029535135', '2022-06-06 _ 2637.80 _ PAGO FRA 3/2022', 1, 5, NULL, NULL, '2024-12-05 10:27:56', '2026-02-27 09:38:37'),
(112, '2022-06-09', '2022-06-09', '00007', 'TRANSFERENCIAS', NULL, 'SOFTWARE NATUREFITNESS', 3333.55, 9971.35, '7013', 'ES0182140000044073055477', '2022-06-09 _ 3333.55 _ SOFTWARE NATUREFITNESS', 1, 6, NULL, NULL, '2024-12-05 10:27:56', '2024-12-05 16:31:37'),
(113, '2022-06-17', '2022-06-17', '00007', 'TRANSFERENCIAS', NULL, 'PAGO F/ 4/2022', 1936.00, 11907.35, '7710', 'ES0182140000044179666814', '2022-06-17 _ 1936.00 _ PAGO F/ 4/2022', 1, 7, NULL, NULL, '2024-12-05 10:27:56', '2026-02-27 09:38:37'),
(114, '2022-06-23', '2022-06-23', '00007', 'TRANSFERENCIAS', NULL, 'DEVOLUCIN TRANSFERENCIA CAPITAL INICIAL DUPLICADA', -1000.00, 10907.35, '6051', 'ES0182140000044255418764', '2022-06-23 _ -1000.00 _ DEVOLUCIN TRANSFERENCIA CAPITAL INICIAL DUPLICADA', 1, 8, NULL, NULL, '2024-12-05 10:27:56', '2026-02-27 09:38:37'),
(115, '2022-06-27', '2022-06-28', '00007', 'TRANSFERENCIAS', NULL, 'PAGO SUPLIDOS LA FRESHQUITA Y CONSTITUCIóN SOCIEDAD', -1108.77, 9798.58, '6051', 'ES0182140000044302852201', '2022-06-27 _ -1108.77 _ PAGO SUPLIDOS LA FRESHQUITA Y CONSTITUCIóN SOCIEDAD', 1, 9, NULL, NULL, '2024-12-05 10:27:56', '2026-02-27 09:38:37'),
(116, '2022-07-14', '2022-07-14', '00007', 'TRANSFERENCIAS', NULL, 'IMPLANTACION PROGRAMA', 3038.60, 12837.18, '6051', 'ES0182140000044568453405', '2022-07-14 _ 3038.60 _ IMPLANTACION PROGRAMA', 1, 10, NULL, NULL, '2024-12-05 10:27:56', '2026-02-27 09:38:37'),
(117, '2022-07-20', '2022-07-20', '00326', 'CARGO POR PAGO DE IMPUESTOS - TRIBUTOS', NULL, '1112075962636CCND4DW3G', -82.45, 12754.73, '7710', 'ES0182140000044634880670', '2022-07-20 _ -82.45 _ 1112075962636CCND4DW3G', 1, 11, NULL, NULL, '2024-12-05 10:27:56', '2026-02-27 09:38:37'),
(118, '2023-12-20', '2023-12-20', '00326', 'CARGO POR PAGO DE IMPUESTOS - TRIBUTOS', NULL, 'NRC. 2024514866920FG310CAW6', -392.17, 12038.94, '7710', 'ES0182140000052252942414', '2023-12-20 _ -392.17 _ NRC. 2024514866920FG310CAW6', 1, 66, 11, 11, '2024-12-05 10:48:11', '2026-02-27 09:38:37'),
(119, '2024-12-26', '2024-12-26', '00007', 'TRANSFERENCIAS', NULL, '4Q 2024', -459.00, 8595.28, '6051', NULL, '2024-12-26 _ -459.00 _ SRL 4Q 2024', 1, 117, NULL, 11, '2024-12-09 08:27:11', '2026-02-27 09:38:37'),
(120, '2024-12-30', '2024-12-30', '00007', 'TRANSFERENCIAS | 328 SUN 38 LEISURE-MARBELLA S.L.', NULL, NULL, 96.80, 8692.08, '6051', NULL, '2024-12-30 _ 96.80 _ Factura 2024/23', 1, 118, NULL, 11, '2024-12-09 08:28:51', '2026-02-27 09:38:37'),
(121, '2024-12-20', '2024-12-20', NULL, 'IMPUESTOS - TRIBUTOS', NULL, NULL, -322.20, 9054.28, '7710', NULL, '2024-12-20 _ -322.20 _ IMPUESTOS - TRIBUTOS', 1, 116, NULL, 11, '2024-12-26 16:13:53', '2026-02-27 09:38:37'),
(122, '2025-01-16', '2025-01-16', NULL, 'Devolucion Pago Duplicado2024.20_GREENB2E', NULL, NULL, -217.80, 8474.28, NULL, NULL, '2025-01-16_-217.8_Devolucion Pago Duplicado2024.20', 1, 119, NULL, NULL, '2026-01-18 13:48:09', '2026-02-27 09:38:37'),
(123, '2025-01-20', '2025-01-20', NULL, 'Cargo Por Pago De Impuestos_Tributos', NULL, NULL, -1795.50, 6678.78, NULL, NULL, '2025-01-20_-1795.5_Cargo Por Pago De Impuestos', 1, 120, NULL, NULL, '2026-01-18 13:48:09', '2026-02-27 09:38:37'),
(124, '2025-01-29', '2025-01-29', NULL, 'Factura 24.01_TOMaS RODRiGUEZ', NULL, NULL, -6050.00, 628.78, NULL, NULL, '2025-01-29_-6050_Factura 24.01', 1, 121, NULL, NULL, '2026-01-18 13:48:09', '2026-02-27 09:38:37'),
(125, '2025-05-06', '2025-05-06', NULL, 'Transferencias_Santiago Ramon Llin', NULL, NULL, -322.20, 306.58, NULL, NULL, '2025-05-06_-322.2_Transferencias', 1, 122, NULL, NULL, '2026-01-18 13:48:09', '2026-02-27 09:38:37'),
(126, '2025-07-15', '2025-07-15', NULL, 'Transferencias_Factura Fnmt', NULL, NULL, -16.94, 289.64, NULL, NULL, '2025-07-15_-16.94_Transferencias', 1, 123, NULL, NULL, '2026-01-18 13:48:09', '2026-02-27 09:38:37'),
(127, '2025-07-15', '2025-07-15', NULL, 'Transferencias_Factura Registro Mercantil', NULL, NULL, -7.27, 282.37, NULL, NULL, '2025-07-15_-7.27_Transferencias', 1, 124, NULL, NULL, '2026-01-18 13:48:09', '2026-02-27 09:38:37'),
(128, '2025-07-25', '2025-07-25', NULL, 'Transferencias_Impuesto Sobre Sociedades', NULL, NULL, 1036.61, 1318.98, NULL, NULL, '2025-07-25_1036.61_Transferencias', 1, 125, NULL, NULL, '2026-01-18 13:48:09', '2026-02-27 09:38:37'),
(129, '2025-09-24', '2025-09-24', NULL, 'INVERSIONES Y ASESORAMIENTO TECNOLO GICO SUNDAY BOO SRL_Factura 7', NULL, NULL, -153.98, 1165.00, NULL, NULL, '2025-09-24_-153.98_INVERSIONES Y ASESORAMIENTO TECNOLO GICO SUNDAY BOO SRL', 1, 126, NULL, NULL, '2026-01-18 13:48:09', '2026-02-27 09:38:37'),
(130, '2025-12-05', '2025-12-05', NULL, 'Factura 2025/03 Marbella Espa_INMOBILIARIA MARBELLA ESPACIOS, S.L.', NULL, NULL, 121.00, 1286.00, NULL, NULL, '2025-12-05_121_Factura 2025/03 Marbella Espa', 1, 127, NULL, NULL, '2026-01-18 13:48:09', '2026-02-27 09:38:37'),
(131, '2025-12-17', '2025-12-17', NULL, 'F.2025/01 03.12.2025_328 SUN.LEISURE.MARBELLA, S.L.', NULL, NULL, 1283.81, 2569.81, NULL, NULL, '2025-12-17_1283.81_F.2025/01 03.12.2025', 1, 128, NULL, NULL, '2026-01-18 13:48:09', '2026-02-27 09:38:37'),
(132, '2025-12-30', '2025-12-30', NULL, 'Ingreso En Efectivo_Antonio Gil Nf', NULL, NULL, 599.00, 3168.81, NULL, NULL, '2025-12-30_599_Ingreso En Efectivo', 1, 129, NULL, NULL, '2026-01-18 13:48:09', '2026-02-27 09:38:37'),
(133, '2026-01-20', '2026-01-20', NULL, 'Cargo Por Pargo De Impuestos - Tributos', NULL, NULL, -57.00, 3111.81, NULL, NULL, '2026-01-20_-57.00_Cargo Por Pargo De Impuestos - Tributos', 0, 130, 11, 11, '2026-02-27 09:31:08', '2026-04-09 08:49:22'),
(134, '2026-02-17', '2026-02-17', NULL, 'Transferencias | ATENEA IURIS CONSULTING GROUP. SL', NULL, 'Pago A Cuenta Fra 2026/01', 5353.04, 8464.85, NULL, NULL, '2026-02-17_5353.04_Transferencias | ATENEA IURIS CONSULTING GROUP. SL', 0, 131, 11, 11, '2026-02-27 09:32:19', '2026-04-09 08:49:15'),
(144, '2026-02-27', '2026-02-27', NULL, 'Transferencia | COMERCIAL ALOHA GOURMET SL', NULL, 'Fra 2026/03', 1596.10, 10060.95, NULL, NULL, '2026-02-27_1596.10_Transferencia | COMERCIAL ALOHA GOURMET SL', 0, 132, NULL, NULL, '2026-03-05 18:32:34', '2026-04-09 07:51:28'),
(146, '2026-03-05', '2026-03-05', NULL, 'Transferencias', NULL, 'Factura 2026/02', 363.00, 12068.55, NULL, NULL, '2026-03-05_363_Transferencias', 0, 135, NULL, NULL, '2026-03-05 18:32:34', '2026-04-09 07:54:44'),
(147, '2026-03-02', '2026-03-02', NULL, 'Transferencia | 328 SUN.LEISURE.MARBELLA, S.L.', NULL, 'F.2026/05 24.02.2026 Modulos', 1123.80, 11705.55, NULL, NULL, '2026-03-02_1123.80_Transferencia | 328 SUN.LEISURE.MARBELLA, S.L.', 0, 134, NULL, NULL, '2026-03-05 18:32:34', '2026-04-09 07:54:37'),
(148, '2026-03-02', '2026-03-02', NULL, 'Transferencia | 328 SUN.LEISURE.MARBELLA, S.L.', NULL, 'F.2026/04 24.02.2026 Bono 8H.', 520.80, 10581.75, NULL, NULL, '2026-03-02_520.80_Transferencia | 328 SUN.LEISURE.MARBELLA, S.L.', 0, 133, NULL, NULL, '2026-03-05 18:32:34', '2026-04-09 07:54:28'),
(160, '2026-03-30', '2026-03-30', NULL, 'Transferencias | Delhom comunicación y proyectos', NULL, 'Fcta202610', -1672.74, 10395.81, NULL, NULL, '2026-03-30_-1672.74_Fcta202610', 0, 136, NULL, NULL, '2026-04-09 08:02:52', '2026-04-09 08:02:52'),
(161, '2026-03-30', '2026-03-30', NULL, 'Transferencias | 328 SUN.LEISURE.MARBELLA, S.L.', NULL, 'F.2026/08', 504.57, 10900.38, NULL, NULL, '2026-03-30_504.57_F.2026/08', 0, 137, NULL, NULL, '2026-04-09 08:02:52', '2026-04-09 08:02:52'),
(162, '2026-03-30', '2026-03-30', NULL, 'Transferencias | 328 SUN.LEISURE.MARBELLA, S.L.', NULL, 'F.2026/09', 869.69, 11770.07, NULL, NULL, '2026-03-30_869.69_F.2026/09', 0, 138, NULL, NULL, '2026-04-09 08:02:52', '2026-04-09 08:02:52'),
(163, '2026-03-31', '2026-03-31', NULL, 'Transferencias | 328 SUN.LEISURE.MARBELLA, S.L.', NULL, 'F.2026/07', 2041.88, 13811.95, NULL, NULL, '2026-03-31_2041.88_F.2026/07', 0, 139, NULL, 11, '2026-04-09 08:02:52', '2026-04-09 08:07:22'),
(164, '2026-03-31', '2026-03-31', NULL, 'Transferencias | COMERCIAL ALOHA GOURMET SL', NULL, 'Fra 2026/06', 2041.88, 15853.83, NULL, NULL, '2026-03-31_2041.88_Fra 2026/06', 0, 140, NULL, NULL, '2026-04-09 08:02:52', '2026-04-09 08:02:52'),
(165, '2026-04-01', '2026-04-01', NULL, 'Transferencias | ATENEA IURIS CONSULTING GROUP. SL', NULL, 'Pago Fras Pendientes Opland Zero', 2487.76, 18341.59, NULL, NULL, '2026-04-01_2487.76_Pago Fras Pendientes Opland Zero', 0, 141, NULL, NULL, '2026-04-09 08:02:52', '2026-04-09 08:02:52');

-- --------------------------------------------------------

--
-- Estructura de tabla para la tabla `opland_bonos`
--

CREATE TABLE `opland_bonos` (
  `id` int(10) UNSIGNED NOT NULL,
  `nombre` varchar(255) NOT NULL COMMENT 'Nombre',
  `control_user` int(11) NOT NULL COMMENT 'control_user',
  `horas` int(11) DEFAULT NULL COMMENT 'horas',
  `fecha_contratacion` date DEFAULT NULL COMMENT 'fecha_contratacion',
  `id_clientes` int(11) NOT NULL COMMENT 'id_clientes',
  `deleted` smallint(6) DEFAULT 0 COMMENT 'deleted'
) ENGINE=InnoDB DEFAULT CHARSET=utf8mb4 COLLATE=utf8mb4_unicode_ci;

--
-- Volcado de datos para la tabla `opland_bonos`
--

INSERT INTO `opland_bonos` (`id`, `nombre`, `control_user`, `horas`, `fecha_contratacion`, `id_clientes`, `deleted`) VALUES
(1, 'Bono técnico 8h - octubre', 11, 8, '2022-10-19', 3, 1),
(2, 'Bono técnico 8h - noviembre', 11, 8, '2022-11-15', 3, 1),
(3, 'Bono soporte VM 8h', 11, 8, '2026-01-21', 6, 0);

-- --------------------------------------------------------

--
-- Estructura de tabla para la tabla `opland_caja`
--

CREATE TABLE `opland_caja` (
  `id` int(10) UNSIGNED NOT NULL,
  `id_tipo_caja` int(11) NOT NULL COMMENT 'tipo movimiento',
  `nombre` varchar(255) NOT NULL COMMENT 'Nombre',
  `id_clientes` int(11) DEFAULT NULL COMMENT 'Cliente',
  `id_proyectos` int(11) DEFAULT NULL COMMENT 'Proyecto',
  `fecha_movimiento` date DEFAULT NULL COMMENT 'fecha movimiento',
  `importe` decimal(8,2) NOT NULL COMMENT 'Importe total|calc',
  `id_facturas` int(11) DEFAULT NULL COMMENT 'factura',
  `file_documento` varchar(512) DEFAULT NULL COMMENT 'documento',
  `observacion` varchar(225) DEFAULT NULL COMMENT 'observacion',
  `deleted` varchar(11) DEFAULT '0' COMMENT 'deleted',
  `id_fta_soportadas` int(11) DEFAULT NULL COMMENT 'fta_soportadas',
  `id_banco` int(11) DEFAULT NULL COMMENT 'Banco',
  `fecha_contable` date DEFAULT NULL COMMENT 'fecha_contable',
  `createuser` int(11) DEFAULT NULL,
  `createdat` datetime DEFAULT NULL,
  `updateuser` int(11) DEFAULT NULL,
  `updatedat` datetime DEFAULT NULL
) ENGINE=InnoDB DEFAULT CHARSET=utf8mb4 COLLATE=utf8mb4_unicode_ci;

--
-- Volcado de datos para la tabla `opland_caja`
--

INSERT INTO `opland_caja` (`id`, `id_tipo_caja`, `nombre`, `id_clientes`, `id_proyectos`, `fecha_movimiento`, `importe`, `id_facturas`, `file_documento`, `observacion`, `deleted`, `id_fta_soportadas`, `id_banco`, `fecha_contable`, `createuser`, `createdat`, `updateuser`, `updatedat`) VALUES
(1, 1, 'Instalación ERP Diakros', 1, 5, '2022-01-03', 7200.00, NULL, NULL, 'Adri', '1', NULL, NULL, '2022-01-03', NULL, NULL, NULL, NULL),
(2, 5, 'Comida Belmonte', NULL, 17, '2022-01-21', -149.00, NULL, 'opland/caja/QiHYQg0AvhByxydBUXdtARiQbx3cPeGJNS2sqNM2.jpg', 'Tom-Adri', '1', NULL, NULL, '2022-01-21', NULL, NULL, 11, '2023-11-17 05:34:42'),
(3, 7, 'Reparto beneficios', NULL, 17, '2022-01-21', -3000.00, NULL, NULL, 'Adri', '1', NULL, NULL, '2021-12-31', NULL, NULL, 11, '2024-12-19 09:25:59'),
(4, 6, 'Pago dominio web', NULL, 17, '2021-10-16', -81.57, NULL, NULL, 'Tom-Adri', '1', NULL, NULL, '2021-10-16', NULL, NULL, 11, '2023-11-17 05:34:56'),
(5, 6, 'Registro mercantil: denominación social', NULL, 17, '2021-11-22', -18.19, NULL, NULL, 'Tom-Adri', '1', NULL, NULL, '2021-11-22', NULL, NULL, 11, '2023-11-17 05:34:52'),
(6, 6, 'Registro mercantil: denominación social (renovación)', NULL, 17, '2022-03-08', -7.27, NULL, NULL, 'Tom-Adri', '1', NULL, NULL, '2022-03-08', NULL, NULL, 11, '2023-11-17 05:34:32'),
(7, 6, 'Página web', NULL, 17, '2021-10-01', -1400.00, NULL, NULL, 'Adri', '1', NULL, NULL, '2021-10-01', NULL, NULL, 11, '2023-11-17 05:35:01'),
(8, 2, 'Suplidos Diakros: módulo ticadas', 1, 5, '2021-11-16', -387.20, NULL, NULL, 'Tom-Adri', '1', NULL, NULL, '2021-11-16', NULL, NULL, NULL, NULL),
(9, 4, 'Gastos 2 viajes Marbella', 1, 5, '2021-12-06', -895.27, NULL, 'opland/caja/ymDEi5ESn3RW1odxkT5LbH9zc5gaycOD90fmY1VR.png', 'Tom-Adri', '1', NULL, NULL, '2021-12-06', NULL, NULL, NULL, NULL),
(10, 4, 'Desplazamientos - Ryanair', 4, 10, '2022-03-29', -61.29, NULL, NULL, 'Tom-Adri', '1', NULL, NULL, '2022-03-29', NULL, NULL, NULL, NULL),
(11, 4, 'Desplazamiento - Cabify', 4, 10, '2022-03-29', -15.74, NULL, NULL, 'Tom-Adri', '1', NULL, NULL, '2022-03-29', NULL, NULL, NULL, NULL),
(12, 4, 'Desplazamiento - Cabify', 4, 10, '2022-03-29', -5.37, NULL, NULL, 'Tom-Adri', '1', NULL, NULL, '2022-03-29', NULL, NULL, NULL, NULL),
(13, 4, 'Hotel HolidayInn', 4, 10, '2022-03-29', -70.00, NULL, NULL, 'Tom-Adri', '1', NULL, NULL, '2022-03-29', NULL, NULL, NULL, NULL),
(14, 4, 'Dieta - cena', 4, 10, '2022-03-29', -6.25, NULL, NULL, 'Tom-Adri', '1', NULL, NULL, '2022-03-29', NULL, NULL, NULL, NULL),
(15, 4, 'Desplazamiento- alquiler coche', 4, 10, '2022-03-30', -56.03, NULL, NULL, 'Tom-Adri', '1', NULL, NULL, '2022-03-30', NULL, NULL, NULL, NULL),
(16, 4, 'Desplazamiento - alquiler coche', 4, 10, '2022-03-30', -62.04, NULL, NULL, 'Tom-Adri', '1', NULL, NULL, '2022-03-30', NULL, NULL, NULL, NULL),
(17, 4, 'Dieta-comida', 4, 10, '2022-03-30', -19.50, NULL, NULL, 'Tom-Adri', '1', NULL, NULL, '2022-03-30', NULL, NULL, NULL, NULL),
(18, 4, 'Hotel-nh 2 noches', 4, 10, '2022-03-30', -160.00, NULL, NULL, 'Tom-Adri', '1', NULL, NULL, '2022-03-30', NULL, NULL, NULL, NULL),
(19, 2, 'Suplidos - Balanza, USB y pincho wifi', 4, 10, '2022-03-30', -455.75, NULL, NULL, 'Pagado por Tomás: pagado en documento Tom 22-06', '1', NULL, 115, '2022-03-30', NULL, NULL, 11, '2024-12-08 07:43:12'),
(20, 4, 'Desplazamiento - Iberia', 4, 10, '2022-04-01', -171.35, NULL, NULL, 'Tom-Adri', '1', NULL, NULL, '2022-04-01', NULL, NULL, NULL, NULL),
(21, 4, 'Desplazamiento- Gasolina', 4, 10, '2022-04-01', -22.84, NULL, NULL, 'Tom-Adri', '1', NULL, NULL, '2022-04-01', NULL, NULL, NULL, NULL),
(22, 4, 'Desplazamiento - Cabify', 4, 10, '2022-04-01', -20.24, NULL, NULL, 'Tom-Adri', '1', NULL, NULL, '2022-04-01', NULL, NULL, NULL, NULL),
(23, 6, 'Licencia AnyDesk', 5, 17, '2022-04-01', -183.88, NULL, NULL, 'Tom-Adri', '1', 11, NULL, '2022-04-01', NULL, NULL, 11, '2023-10-19 21:12:17'),
(24, 2, 'Scanner Bluetooth', 4, 10, '2022-03-31', -46.99, NULL, NULL, 'Pagado por Tomás: pagado en documento Tom 22-06', '1', 6, 115, '2022-03-31', NULL, NULL, 11, '2024-12-08 07:43:12'),
(29, 6, 'Notaría constitución SL', NULL, 17, '2022-05-06', -386.66, NULL, 'opland/caja/Dj6jPPiDEgoWHZlZzNl3XBu8obs1dZrrtsOkmYGU.pdf', 'Pagado por Tomás: pagado en documento Tom 22-06', '1', NULL, 115, '2022-05-06', NULL, NULL, 11, '2024-12-08 07:43:12'),
(30, 6, 'Registro Mercantil', NULL, 17, '2022-05-13', -144.37, NULL, 'opland/caja/bBCUcOzOckbSWuXHyuBYXSMsP7RfzOAh9Sz6CIk8.pdf', 'Tom-Adri', '1', 4, NULL, '2022-05-13', NULL, NULL, 11, '2023-11-17 05:34:05'),
(31, 6, 'Honorarios gestoría RM', 5, 17, '2022-05-13', -137.80, NULL, NULL, 'Pagado por Tomás: pagado en documento Tom 22-06', '1', NULL, 115, '2022-05-13', NULL, NULL, 11, '2024-12-09 08:24:09'),
(32, 1, 'Liquidación mayo 22', 1, 5, '2022-06-06', 2637.80, 3, NULL, NULL, '1', NULL, 111, '2022-06-06', NULL, NULL, 11, '2024-12-08 07:39:45'),
(33, 1, 'Liquidación mayo', 3, 1, '2022-06-09', 3333.55, 1, NULL, NULL, '1', NULL, 112, '2022-06-09', NULL, NULL, 11, '2024-12-05 16:27:30'),
(34, 6, 'Pago a Jose Manuel (PFS) embeber PBI', NULL, 2, '2022-05-10', -100.00, NULL, NULL, 'Tom-Adri', '1', NULL, NULL, '2022-05-10', NULL, NULL, 11, '2023-10-12 21:01:41'),
(35, 2, 'Suplidos Diakros: puesta a cero y carga datos', 1, 5, '2021-09-15', -181.00, NULL, NULL, 'Tom-Adri', '1', NULL, NULL, '2021-09-15', NULL, NULL, NULL, NULL),
(36, 1, 'Aportación Carlos de Bernardo', NULL, 17, '2022-04-04', 1000.00, NULL, NULL, 'Capital social', '1', NULL, 46, '2022-04-04', NULL, NULL, 11, '2024-12-05 16:24:07'),
(37, 1, 'Aportación Tomás', NULL, 17, '2022-04-06', 1000.00, NULL, NULL, 'Capital social', '1', NULL, 48, '2022-04-06', NULL, NULL, 11, '2024-12-05 16:23:31'),
(38, 1, 'Aportación Carlos Domingo', NULL, 17, '2022-04-06', 1000.00, NULL, NULL, 'Capital social', '1', NULL, 47, '2022-04-06', NULL, NULL, 11, '2024-12-05 16:23:54'),
(39, 5, 'Hosting a Carlos B', NULL, 17, '2022-02-06', -81.57, NULL, NULL, 'Pagado por Tomás: pagado en documento Tom 22-06', '1', NULL, 115, '2022-02-06', NULL, NULL, 11, '2024-12-08 07:43:12'),
(40, 1, 'Cuadros de mandos', 2, 15, '2022-06-17', 968.00, 4, NULL, NULL, '1', NULL, 113, '2022-06-17', NULL, NULL, 11, '2024-12-08 07:39:13'),
(41, 1, 'Cuadros de mando', 2, 15, '2022-06-17', 968.00, 4, NULL, NULL, '1', NULL, 113, '2022-06-17', NULL, NULL, 11, '2024-12-08 07:38:59'),
(42, 1, 'Cobro factura', 4, 10, '2022-07-14', 792.84, 9, NULL, NULL, '1', NULL, 116, '2022-07-14', NULL, NULL, 11, '2024-12-08 07:46:03'),
(43, 2, 'Cobro factura', 4, 10, '2022-07-14', 430.76, NULL, NULL, NULL, '1', NULL, 116, '2022-07-14', NULL, NULL, 11, '2024-12-08 07:46:03'),
(44, 1, 'Cobro factura', 4, 10, '2022-07-14', 1815.00, 10, NULL, NULL, '1', NULL, 116, '2022-07-14', NULL, NULL, 11, '2024-12-08 07:46:03'),
(45, 8, 'TRIBUTOS 2Q22 Modelo 111 IRPF', NULL, 17, '2022-07-20', -82.45, NULL, 'opland/caja/zaeBnVatdetKINR3FLoh3noAn6V3AbHCOB5Se3wS.pdf', NULL, '1', NULL, 117, '2022-07-20', NULL, NULL, 11, '2024-12-08 08:16:53'),
(46, 8, 'TRIBUTOS 2Q22 Modelo 303. IVA', NULL, 17, '2022-07-20', -3301.84, NULL, 'opland/caja/lvuck01Yg4bdEEq4va4t5a7ifP0SSyM6456QQCF3.pdf', NULL, '1', NULL, 45, '2022-07-20', NULL, NULL, 11, '2024-12-05 15:58:50'),
(47, 5, 'Televisión 40\" sala reuniones (DEVUELTA)', NULL, 17, '2022-09-12', -409.00, NULL, '', 'Cobrado Tomás', '1', NULL, 43, '2022-09-12', NULL, NULL, 11, '2024-12-08 08:21:48'),
(48, 5, 'iPhone 13 Tomás', NULL, 17, '2022-09-12', -909.00, NULL, '', 'Cobrado Tomás', '1', 9, 42, '2022-09-12', NULL, NULL, 11, '2024-12-05 16:28:00'),
(49, 6, 'UX Raúl - Producto', NULL, 2, '2022-08-08', -300.00, NULL, NULL, 'Abonado por Tomás', '1', NULL, NULL, '2022-08-08', NULL, NULL, 11, '2024-12-09 06:23:48'),
(50, 5, 'Portátil Tomàs', NULL, 17, '2022-09-18', -749.00, NULL, '', 'Cobrado Tomás', '1', 8, 40, '2022-09-18', NULL, NULL, 11, '2024-12-05 16:28:19'),
(51, 9, 'SS autónomos administrador Jul', NULL, 17, '2022-06-30', -296.77, NULL, NULL, 'Abonado por Tomás', '1', NULL, NULL, '2022-06-30', NULL, NULL, 11, '2024-12-05 16:05:50'),
(52, 9, 'SS autónomos administrador Ago', NULL, 17, '2022-07-29', -296.77, NULL, NULL, 'Abonado por Tomás', '1', NULL, NULL, '2022-07-29', NULL, NULL, 11, '2024-12-05 16:05:50'),
(53, 9, 'SS autónomos administrador Sept', NULL, 17, '2022-08-31', -293.95, NULL, NULL, 'Abonado por Tomás', '1', NULL, NULL, '2022-08-31', NULL, NULL, 11, '2024-12-05 16:03:44'),
(54, 9, 'SS autónomos administrador Jun', NULL, 17, '2022-05-31', -293.95, NULL, NULL, 'Abonado por Tomás', '1', NULL, NULL, '2022-05-31', NULL, NULL, 11, '2024-12-05 16:05:50'),
(55, 5, 'Kit PLC Wifi TP Link TL-WPA7617 KIT V1', NULL, 17, '2023-01-26', -79.99, NULL, '', 'Cobrado Tomás', '1', 7, 30, '2023-01-26', NULL, NULL, 11, '2024-12-08 07:16:12'),
(56, 1, 'Implantación, documentación y formación', 4, 10, '2022-09-08', 5118.28, 5, NULL, NULL, '1', NULL, 44, '2022-09-08', NULL, NULL, 11, '2023-10-07 18:06:31'),
(57, 1, 'Vacation Marbella', 6, 3, '2022-09-21', 3535.29, 2, NULL, NULL, '1', NULL, 41, '2022-09-21', NULL, NULL, 11, '2023-10-07 18:32:28'),
(58, 6, 'UX Raúl - Producto', NULL, 2, '2022-10-04', -350.00, NULL, NULL, 'Abonado por Tomás', '1', NULL, NULL, '2022-10-04', NULL, NULL, 11, '2024-12-09 06:23:48'),
(59, 6, 'Televisión 40\" reuniones DEVOLUCIÓN', NULL, 17, '2022-10-03', 385.00, NULL, NULL, 'Cobrado Tomás', '1', NULL, 39, '2022-10-03', NULL, NULL, 11, '2024-12-08 08:22:07'),
(60, 6, 'Notaría: cambio administrador', NULL, 17, '2022-10-17', -213.72, NULL, 'opland/caja/svhhc3fUrY4l7jYTyLpCc98CUA05SWumNX0NRWc9.pdf', NULL, '1', 13, 38, '2022-10-17', NULL, NULL, 11, '2024-12-08 08:18:32'),
(61, 6, 'Hosting', NULL, 17, '2022-10-17', -81.57, NULL, NULL, NULL, '1', 12, 37, '2022-10-17', NULL, NULL, 11, '2024-12-08 07:50:22'),
(62, 9, 'SS autónomos administrador Oct', NULL, 17, '2022-09-29', -293.95, NULL, NULL, 'Abonado por Tomás', '1', NULL, NULL, '2022-09-29', NULL, NULL, 11, '2024-12-05 16:03:53'),
(63, 6, 'UX Raúl - Producto', 5, 2, '2022-11-23', -150.00, NULL, NULL, 'Abonado por Dopi', '1', NULL, NULL, '2022-11-23', NULL, NULL, 11, '2024-12-09 06:23:48'),
(66, 1, 'Cobro factura bono octubre', 3, 1, '2022-10-18', 339.00, 11, NULL, '.20€ de más', '1', NULL, 36, '2022-10-18', NULL, NULL, 11, '2023-10-07 19:32:08'),
(67, 1, 'Cobro factura bono noviembre', 3, 1, '2022-11-09', 339.00, 12, NULL, '.20€ de más', '1', NULL, 34, '2022-11-09', NULL, NULL, 11, '2023-10-07 19:33:08'),
(68, 6, 'Notaría: cambio administrador', NULL, 17, '2022-10-17', -74.20, NULL, 'opland/caja/svhhc3fUrY4l7jYTyLpCc98CUA05SWumNX0NRWc9.pdf', NULL, '1', 14, 38, '2022-10-17', NULL, NULL, 11, '2024-12-08 08:18:32'),
(69, 6, 'RM: Cambio administrador', NULL, 17, '2022-10-17', -214.68, NULL, 'opland/caja/svhhc3fUrY4l7jYTyLpCc98CUA05SWumNX0NRWc9.pdf', NULL, '1', 15, 38, '2022-10-17', NULL, NULL, 11, '2024-12-08 08:18:32'),
(71, 6, 'UX Raúl - Producto', 5, 2, '2022-12-08', -150.00, NULL, NULL, 'Abonado por Pelón', '1', NULL, NULL, '2022-12-08', 2, '2022-12-11 17:06:54', 11, '2024-12-09 06:23:48'),
(72, 9, 'Honorarios administrador 2022/4T', 5, 17, '2022-12-18', -459.00, NULL, NULL, NULL, '1', 16, 33, '2022-12-18', 11, '2022-12-18 10:02:28', 11, '2024-12-08 07:45:00'),
(74, 6, 'UX Raúl - Producto', 5, 2, '2022-01-11', -175.00, NULL, NULL, 'Abonado por Pelón', '1', NULL, NULL, '2022-01-11', 2, '2023-01-11 11:06:54', 11, '2024-12-09 06:23:48'),
(75, 8, 'TRIBUTOS 4Q22  Modelo 111 IRPF', 5, 17, '2023-01-20', -85.50, NULL, NULL, NULL, '1', NULL, 32, '2023-01-20', 11, '2023-01-26 05:39:19', 11, '2024-12-05 15:58:50'),
(76, 8, 'TRIBUTOS 4Q22 Modelo 303 IVA', 5, 17, '2023-01-20', -73.58, NULL, NULL, NULL, '1', NULL, 31, '2023-01-20', 11, '2023-01-26 05:40:04', 11, '2024-12-05 15:58:50'),
(78, 5, 'Inscripción RM firma digital', 5, 17, '2023-02-08', -7.27, NULL, NULL, NULL, '1', 19, 29, '2023-02-08', 11, '2023-02-08 17:22:16', 11, '2023-10-07 22:00:40'),
(79, 6, 'Cerficado firma digital', 5, 17, '2023-02-13', -16.94, NULL, NULL, NULL, '1', 20, 28, '2023-02-13', 11, '2023-02-13 11:16:10', 11, '2023-10-07 22:01:48'),
(80, 6, 'UX Raúl - Producto', 5, 2, '2023-02-28', -150.00, NULL, NULL, 'Abonado por Dopi', '1', NULL, NULL, '2023-02-28', 2, '2023-02-28 11:06:54', 11, '2024-12-09 06:23:48'),
(81, 6, 'UX Raúl - Producto', 5, 2, '2023-03-07', -175.00, NULL, NULL, 'Abonado por Dopi', '1', NULL, NULL, '2023-03-07', 11, '2023-03-17 19:00:02', 11, '2024-12-09 06:23:48'),
(82, 6, 'UX Raúl - Producto', 5, 2, '2023-04-13', -200.00, NULL, NULL, 'Abonado por Pelón', '1', NULL, NULL, '2023-04-13', 11, '2023-04-13 19:00:02', 11, '2024-12-09 06:23:48'),
(83, 6, 'José Manuel - PowerBI y query Carnes', 5, 2, '2023-04-05', -160.00, NULL, NULL, 'Abonado por Tomás', '1', NULL, NULL, '2023-04-05', 11, '2023-04-05 19:00:02', 11, '2024-12-09 06:26:03'),
(84, 6, 'Regalo paternidad José Manuel PFS', 5, 17, '2023-04-05', -51.98, NULL, NULL, 'Abonado por Tomás', '1', NULL, NULL, '2023-04-05', 11, '2023-04-05 19:00:02', 11, '2023-11-17 05:30:52'),
(85, 1, '2023Q3 VM', 6, 3, '2023-07-07', 115.43, 34, NULL, NULL, '1', NULL, 16, '2023-07-07', 11, '2023-05-24 06:32:15', 11, '2024-06-08 06:31:23'),
(86, 1, 'Toni Gil', 3, 1, '2023-03-11', 110.00, 14, NULL, NULL, '1', NULL, 27, '2023-03-11', 11, '2023-07-04 09:14:18', 11, '2023-10-07 22:01:21'),
(88, 1, 'Mantenimiento VM 1T', 6, 3, '2023-03-29', 286.77, 15, NULL, NULL, '1', NULL, 26, '2023-03-29', 11, '2023-07-04 09:17:23', 11, '2023-10-07 19:49:09'),
(89, 9, 'Honorarios administrador 2023/1T', 5, 17, '2023-03-31', -459.00, NULL, NULL, NULL, '1', 21, 25, '2023-03-31', 11, '2023-07-04 11:38:50', 11, '2024-12-05 16:00:18'),
(90, 9, 'Honorarios administrador 2023/4T', 5, 17, '2023-12-30', -459.00, NULL, NULL, NULL, '1', 24, 65, '2023-12-30', 11, '2023-07-04 11:38:50', 11, '2024-12-07 09:22:07'),
(91, 1, 'Cuadro de mandos DGT/AEOL', 2, 16, '2023-04-06', 1815.00, 24, NULL, NULL, '1', NULL, 24, '2023-04-06', 11, '2023-07-04 11:40:30', 11, '2023-10-07 19:46:27'),
(92, 8, 'TRIBUTOS 1Q23  Modelo 111 IRPF', 5, 17, '2023-04-20', -85.50, NULL, NULL, NULL, '1', NULL, 23, '2023-04-20', 11, '2023-07-04 11:42:17', 11, '2024-12-05 15:58:50'),
(93, 8, 'TRIBUTOS 1Q23 Modelo 303 IVA', 5, 17, '2023-04-20', -366.15, NULL, NULL, NULL, '1', NULL, 22, '2023-04-20', 11, '2023-07-04 11:43:31', 11, '2024-12-05 15:58:50'),
(94, 1, 'Cuota mantenimiento 2023/2T', 6, 3, '2023-05-16', 115.43, 26, NULL, NULL, '1', NULL, 21, '2023-05-16', 11, '2023-07-04 11:46:19', 11, '2023-10-07 18:02:40'),
(95, 1, 'Cuota mantenimiento 2023/2T', 3, 1, '2023-06-26', 110.00, 25, NULL, NULL, '1', NULL, 20, '2023-06-26', 11, '2023-07-04 11:47:00', 11, '2023-10-07 18:00:58'),
(96, 1, 'Primer pago LF', 4, 18, '2023-06-28', 1100.00, 17, NULL, NULL, '1', NULL, 19, '2023-06-28', 11, '2023-07-04 11:49:10', 11, '2023-10-07 18:01:28'),
(97, 1, 'Segundo pago LF', 4, 18, '2023-07-01', 1.10, 17, NULL, NULL, '1', NULL, 18, '2023-07-01', 11, '2023-07-04 11:49:10', 11, '2023-10-08 09:48:24'),
(98, 1, 'Tercer pago LF', 4, 18, '2023-07-01', 1198.90, 16, NULL, NULL, '1', NULL, 18, '2023-07-01', 11, '2023-07-04 11:49:10', 11, '2023-10-08 09:51:53'),
(99, 9, 'Honorarios administrador 2023/2T', 5, 17, '2023-07-04', -459.00, NULL, NULL, NULL, '1', 22, 17, '2023-07-04', 11, '2023-08-12 22:43:33', 11, '2024-12-05 16:00:18'),
(101, 1, 'NF 3T', 3, 1, '2023-07-17', 110.00, 33, NULL, NULL, '1', NULL, 15, '2023-07-17', 11, '2023-08-12 22:47:24', 11, '2023-10-07 18:04:26'),
(102, 5, 'Regalo Dopi', NULL, NULL, '2023-07-17', -100.00, NULL, NULL, NULL, '1', NULL, NULL, '2023-07-17', 11, '2023-08-12 22:49:30', 11, '2024-12-08 09:25:17'),
(103, 6, 'UX Raúl - Producto', 5, 2, '2023-08-29', -300.00, NULL, NULL, 'Abonado por Pelón', '1', NULL, NULL, '2023-08-29', 2, '2023-08-29 10:40:27', 11, '2024-12-09 06:23:48'),
(104, 6, 'UX Raúl - Producto', 5, 2, '2023-09-08', -175.00, NULL, NULL, 'Abonado por Dopi', '1', NULL, NULL, '2023-09-08', 1, '2023-09-08 16:21:00', 11, '2024-12-09 06:23:48'),
(106, 6, 'UX Raúl - Producto', 5, 2, '2023-10-05', -200.00, NULL, NULL, 'Abonado por Pelón', '1', NULL, NULL, '2023-10-05', 1, '2023-09-08 16:21:00', 11, '2024-12-09 06:23:48'),
(107, 9, 'Honorarios administrador 2023/3T', 5, 17, '2023-10-07', -459.00, NULL, NULL, NULL, '1', 23, 1, '2023-10-07', 11, '2023-08-12 22:43:33', 11, '2024-12-05 16:00:18'),
(108, 7, 'Dividendos 2022 Carlos Domingo', 5, 17, '2023-09-25', -2835.00, NULL, NULL, NULL, '1', NULL, 4, '2022-12-31', 11, '2023-10-07 10:31:31', 11, '2024-12-05 09:40:49'),
(109, 7, 'Dividendos 2022 Carlos de Bernardo', 5, 17, '2023-10-02', -2835.00, NULL, NULL, NULL, '1', NULL, 2, '2022-12-31', 11, '2023-10-07 10:31:31', 11, '2024-12-05 09:40:49'),
(110, 7, 'Dividendos 2022 Tomás Rodríguez', 5, 17, '2023-09-25', -2835.00, NULL, NULL, NULL, '1', NULL, 3, '2022-12-31', 11, '2023-10-07 10:31:31', 11, '2024-12-05 09:40:49'),
(111, 1, 'BO La Freshquita', 4, 19, '2023-09-25', 338.80, 43, NULL, NULL, '1', NULL, 5, '2023-09-25', 11, '2023-10-07 10:36:22', 11, '2023-10-07 17:57:24'),
(112, 1, 'BO La Freshquita', 4, 19, '2023-09-05', 338.80, 39, NULL, NULL, '1', NULL, 6, '2023-09-05', 11, '2023-10-07 10:36:22', 11, '2023-10-07 17:58:10'),
(113, 1, 'BO La Freshquita', 4, 19, '2023-08-24', 423.50, 35, NULL, NULL, '1', NULL, 8, '2023-08-24', 11, '2023-10-07 10:36:22', 11, '2023-10-07 17:59:23'),
(114, 1, 'BO La Freshquita', 4, 19, '2023-08-29', 338.80, 36, NULL, NULL, '1', NULL, 7, '2023-08-29', 11, '2023-10-07 10:36:22', 11, '2023-10-07 17:58:56'),
(115, 8, 'TRIBUTOS 2022 Mod 200 Impuesto de sociedades', 5, 17, '2023-07-25', -2178.71, NULL, 'opland/caja/1XXMuLGw5TUC1hjSVslWzGzaOT7aMTSvdd8mHizg.pdf', NULL, '1', NULL, NULL, '2022-12-31', 11, '2023-07-04 11:43:31', 11, '2024-12-19 09:27:24'),
(116, 8, 'TRIBUTOS 2Q23  Modelo 111 IRPF', 5, 17, '2023-07-20', -85.50, NULL, NULL, NULL, '1', NULL, 12, '2023-07-20', 11, '2023-07-04 11:42:17', 11, '2024-12-05 15:58:50'),
(117, 8, 'TRIBUTOS 2Q23 Modelo 303 IVA', 5, 17, '2023-07-20', -89.60, NULL, NULL, NULL, '1', NULL, 11, '2023-07-20', 11, '2023-07-04 11:42:17', 11, '2024-12-05 15:58:50'),
(119, 1, 'Cobro parcial', 4, 18, '2023-07-18', 906.50, 16, NULL, NULL, '1', NULL, 13, '2023-07-18', 11, '2023-10-07 16:41:01', 11, '2023-10-08 14:24:44'),
(121, 3, 'Notaría: provisión', NULL, 17, '2022-10-17', -45.82, NULL, 'opland/caja/svhhc3fUrY4l7jYTyLpCc98CUA05SWumNX0NRWc9.pdf', NULL, '1', NULL, 38, '2022-10-17', NULL, NULL, 11, '2024-12-08 08:18:32'),
(122, 3, 'Notaría: provisión', NULL, 17, '2022-10-28', 45.82, NULL, 'opland/caja/svhhc3fUrY4l7jYTyLpCc98CUA05SWumNX0NRWc9.pdf', NULL, '1', NULL, 35, '2022-10-28', NULL, NULL, 11, '2024-12-08 08:18:47'),
(123, 1, 'Cobro parcial', 4, 18, '2023-08-09', 158.81, 23, NULL, NULL, '1', NULL, 9, '2023-08-09', 11, '2023-10-07 16:36:58', 11, '2023-10-08 14:33:23'),
(126, 1, 'Cobro parcial', 4, 18, '2023-07-18', 593.50, 28, NULL, NULL, '1', NULL, 13, '2023-07-18', 11, '2023-10-07 16:41:01', 11, '2023-10-08 14:25:28'),
(127, 1, 'Cobro parcial', 4, 18, '2023-08-09', 158.81, 32, NULL, NULL, '1', NULL, 9, '2023-08-09', 11, '2023-10-07 16:36:58', 11, '2023-10-08 14:29:16'),
(128, 1, 'Cobro parcial', 4, 18, '2023-08-09', 52.34, 28, NULL, NULL, '1', NULL, 9, '2023-08-09', 11, '2023-10-07 16:36:58', 11, '2023-10-08 14:34:12'),
(129, 6, 'UX Raúl - Producto', 5, 2, '2023-10-17', -150.00, NULL, NULL, 'Abonado por Dopi', '1', NULL, NULL, '2023-10-17', 2, '2023-10-17 11:26:08', 11, '2024-12-09 06:23:48'),
(130, 6, 'Licencia AnyDesk', 5, 17, '2023-04-03', -183.88, NULL, NULL, 'Abonado por Tomás', '1', NULL, NULL, '2023-04-03', NULL, NULL, 11, '2023-10-19 21:12:04'),
(131, 1, 'Ticadas albaranes', 4, 19, '2023-11-13', 338.80, 45, NULL, NULL, '1', NULL, 50, '2023-11-13', 11, '2023-11-11 22:39:05', 11, '2023-11-17 05:18:13'),
(132, 1, 'Ticadas albaranes', 4, 19, '2023-11-13', 338.80, 46, NULL, NULL, '1', NULL, 50, '2023-11-13', 11, '2023-11-11 22:41:31', 11, '2023-11-17 05:18:16'),
(133, 1, 'Ticadas albaranes', 4, 19, '2023-11-13', 338.80, 47, NULL, NULL, '1', NULL, 50, '2023-11-13', 11, '2023-11-11 22:41:33', 11, '2023-11-17 05:18:11'),
(134, 1, 'Ticadas albaranes', 4, 19, '2023-11-13', 93.02, 48, NULL, NULL, '1', NULL, 50, '2023-11-13', 11, '2023-11-11 22:41:38', 11, '2023-11-17 10:20:29'),
(135, 1, 'Ticadas albaranes', 4, 19, '2023-11-13', 190.58, 31, NULL, NULL, '1', NULL, 50, '2023-11-13', 11, '2023-11-11 23:13:06', 11, '2023-11-17 05:18:04'),
(136, 1, 'Ticadas albaranes', 4, 19, '2023-11-14', 245.78, 48, NULL, NULL, '1', NULL, 49, '2023-11-14', 11, '2023-11-17 05:18:41', 11, '2023-11-17 10:34:17'),
(137, 1, 'Ticadas albaranes', 4, 19, '2023-11-14', 338.80, 49, NULL, NULL, '1', NULL, 49, '2023-11-14', 11, '2023-11-17 05:20:29', 11, '2023-11-17 10:09:05'),
(138, 1, 'Ticadas albaranes', 4, 19, '2023-11-14', 338.80, 60, NULL, NULL, '1', NULL, 49, '2023-11-14', 11, '2023-11-17 05:20:47', 11, '2023-11-17 10:09:13'),
(139, 1, '4Q2023 NF', 3, 1, '2023-10-19', 105.60, 50, NULL, NULL, '1', NULL, 54, '2023-10-19', 11, '2023-11-17 05:24:52', 11, '2023-11-17 05:29:17'),
(140, 1, 'Ticadas albaranes', 4, 19, '2023-11-14', 16.62, 61, NULL, NULL, '1', NULL, 49, '2023-11-14', 11, '2023-11-17 05:26:54', 11, '2023-11-17 10:25:42'),
(141, 1, '4Q2023 VM', 6, 3, '2023-10-13', 115.43, 51, NULL, NULL, '1', NULL, 55, '2023-10-13', 11, '2023-11-17 05:28:55', 11, '2023-11-17 05:29:08'),
(142, 1, 'Ticadas albaranes', 4, 19, '2023-11-27', 322.18, 61, NULL, NULL, '1', NULL, 57, '2023-11-27', 11, '2023-11-25 10:14:07', 11, '2023-11-25 10:19:00'),
(143, 1, 'Ticadas albaranes', 4, 19, '2023-11-27', 338.80, 62, NULL, NULL, '1', NULL, 57, '2023-11-27', 11, '2023-11-25 10:20:20', 11, '2023-11-25 10:20:48'),
(144, 1, 'Ticadas albaranes', 4, 19, '2023-11-27', 239.02, 67, NULL, NULL, '1', NULL, 57, '2023-11-27', 11, '2023-11-25 10:21:48', 11, '2023-11-25 10:22:16'),
(145, 1, 'Ticadas albaranes', 4, 19, '2023-12-07', 99.78, 67, NULL, NULL, '1', NULL, 58, '2023-12-07', 2, '2023-12-09 23:26:29', 2, '2023-12-09 23:30:56'),
(146, 1, 'Ticadas albaranes', 4, 19, '2023-12-07', 338.80, 68, NULL, NULL, '1', NULL, 58, '2023-12-07', 2, '2023-12-09 23:31:22', 2, '2023-12-09 23:32:21'),
(147, 1, 'Ticadas albaranes', 4, 19, '2023-12-07', 221.42, 69, NULL, NULL, '1', NULL, 58, '2023-12-07', 2, '2023-12-09 23:32:25', 2, '2023-12-09 23:34:06'),
(148, 8, 'TRIBUTOS 3Q23  Modelo 202 Impuesto sociedades', 5, 17, '2023-10-20', -392.17, NULL, 'opland/caja/IYJYjBMh1WGsWfz02vN518pAmY0jASsFmlW7A8MG.pdf', NULL, '1', NULL, 51, '2023-10-20', 11, '2024-01-07 21:03:39', 11, '2024-12-07 09:45:43'),
(149, 8, 'TRIBUTOS 3Q23 Modelo 303 IVA', 5, 17, '2023-10-20', -398.29, NULL, 'opland/caja/i1ObnRBQhIDGxBBTyUCESyTVLKqUPvc0rQoYq7Zi.pdf', NULL, '1', NULL, 52, '2023-10-20', 11, '2024-01-07 21:08:52', 11, '2024-12-07 09:42:53'),
(150, 7, 'TRIBUTOS RETENCIÓN DIVIDENDOS 2022', 5, 17, '2023-10-20', -2080.50, NULL, 'opland/caja/1XXMuLGw5TUC1hjSVslWzGzaOT7aMTSvdd8mHizg.pdf', NULL, '1', NULL, 53, '2022-12-31', 11, '2024-01-08 21:29:45', 11, '2024-12-05 09:40:49'),
(151, 1, 'Cobro LF', 4, 19, '2024-01-18', 338.80, 70, NULL, NULL, '1', NULL, 59, '2024-01-18', 2, '2024-01-19 21:50:31', 2, '2024-01-19 22:34:44'),
(152, 1, 'Cobro LF', 4, 19, '2024-01-18', 117.38, 69, NULL, NULL, '1', NULL, 60, '2024-01-18', 2, '2024-01-19 22:06:29', 2, '2024-01-19 22:07:10'),
(153, 1, 'Cobro LF', 4, 19, '2024-01-18', 121.20, 71, NULL, NULL, '1', NULL, 60, '2024-01-18', 2, '2024-01-19 22:07:23', 2, '2024-01-19 22:07:59'),
(154, 1, 'Cobro LF', 4, 19, '2024-01-18', 61.20, 71, NULL, NULL, '1', NULL, 59, '2024-01-18', 2, '2024-01-19 22:10:07', 2, '2024-01-19 22:10:48'),
(155, 1, 'Cobro LF', 4, 19, '2024-01-18', 156.40, 71, NULL, NULL, '1', NULL, 60, '2024-01-18', 2, '2024-01-19 22:12:47', 2, '2024-01-19 22:13:34'),
(156, 1, 'Cobro LF', 4, 19, '2024-01-18', 338.80, 72, NULL, NULL, '1', NULL, 60, '2024-01-18', 2, '2024-01-19 22:18:45', 2, '2024-01-19 22:19:14'),
(157, 1, 'Cobro LF', 4, 19, '2024-01-18', 338.80, 73, NULL, NULL, '1', NULL, 60, '2024-01-18', 2, '2024-01-19 22:19:22', 2, '2024-01-19 22:19:54'),
(158, 1, 'Cobro LF', 4, 19, '2024-01-18', 338.80, 74, NULL, NULL, '1', NULL, 60, '2024-01-18', 2, '2024-01-19 22:21:15', 2, '2024-01-19 22:21:42'),
(159, 1, 'Cobro LF', 4, 19, '2024-01-18', 88.62, 75, NULL, NULL, '1', NULL, 60, '2024-01-18', 2, '2024-01-20 10:13:06', 11, '2024-04-29 14:51:52'),
(160, 1, 'VM2024Q2', 6, 3, '2024-04-25', 335.98, 85, NULL, NULL, '1', NULL, 69, '2024-04-25', 11, '2024-04-29 14:37:06', 11, '2024-05-07 11:15:07'),
(161, 9, 'Honorarios administrador 2024/1T', 5, 17, '2024-04-01', -459.00, NULL, NULL, NULL, '1', 26, 73, '2024-04-01', 11, '2024-04-29 14:38:21', 11, '2024-12-05 16:00:18'),
(162, 1, '1Q2024 NF', 3, 1, '2024-02-19', 108.90, 81, NULL, NULL, '1', NULL, 75, '2024-02-19', 11, '2024-05-07 10:21:20', 11, '2024-06-08 05:50:45'),
(163, 1, 'GreenB2E - Implantación', 11, 21, '2024-03-14', 2613.60, 76, NULL, NULL, '1', NULL, 74, '2024-03-14', 11, '2024-05-07 10:24:35', 11, '2024-05-07 10:55:21'),
(164, 1, 'GreenB2E - 2024Q1', 11, 21, '2024-03-14', 217.80, 84, NULL, NULL, '1', NULL, 74, '2024-03-14', 11, '2024-05-07 10:25:54', 11, '2024-05-07 10:27:02'),
(165, 8, 'TRIBUTOS 1Q24 Modelo 202 Impuesto sociedades', 5, 17, '2024-04-22', -392.17, NULL, 'opland/caja/NNBUysLq2H6wCZaJkLK3Xw19JgM0SaNC5oFlwtRZ.pdf', NULL, '1', NULL, 72, '2024-04-22', 11, '2024-05-07 10:35:13', 11, '2024-12-07 09:42:25'),
(166, 8, 'TRIBUTOS 1Q24 Modelo 303 IVA', 5, 17, '2024-04-22', -217.43, NULL, NULL, NULL, '1', NULL, 70, '2024-04-22', 11, '2024-05-07 10:36:20', 11, '2024-12-05 15:58:50'),
(168, 8, 'TRIBUTOS 1Q24 IRPF', 5, 17, '2024-04-22', -85.50, NULL, NULL, NULL, '1', NULL, 71, '2024-04-22', 11, '2024-05-07 10:37:11', 11, '2024-12-05 15:58:50'),
(169, 6, 'Hosting', 5, 17, '2024-04-29', -153.98, NULL, NULL, NULL, '1', 25, 68, '2024-04-29', 11, '2024-05-07 10:53:19', 11, '2024-05-07 11:05:16'),
(171, 1, 'Cobro LF', 4, 19, '2024-05-07', 338.80, 77, NULL, NULL, '1', NULL, 66, '2024-05-07', 11, '2024-05-07 10:57:37', 11, '2024-05-08 17:46:27'),
(172, 8, 'TRIBUTOS IVA 4Q2023', 5, 17, '2024-01-30', -1221.23, NULL, 'opland/caja/1rGWrGO6lmRIZBLH0xi3OWVEd1qN22nFNmFKddq2.pdf', NULL, '1', NULL, 61, '2024-01-30', 11, '2024-05-07 11:02:54', 11, '2024-12-07 09:41:20'),
(173, 8, 'TRIBUTOS 4Q23 IRPF', 5, 17, '2024-01-13', -85.50, NULL, NULL, NULL, '1', NULL, 62, '2024-01-13', 11, '2024-05-07 11:03:36', 11, '2024-12-05 15:58:50'),
(174, 1, 'Cuota 2Q2024 GB2E', 11, 21, '2024-04-30', 217.80, 88, NULL, NULL, '1', NULL, 67, '2024-04-30', 11, '2024-05-07 11:07:00', 11, '2024-05-07 11:07:00'),
(175, 5, 'Ingreso Tomás regalo Dopi', 5, NULL, '2024-01-09', 50.00, NULL, NULL, NULL, '1', NULL, 63, '2024-01-09', 11, '2024-05-07 11:13:21', 11, '2024-12-08 07:20:17'),
(176, 5, 'Ingreso Pelón regalo Dopi', 5, NULL, '2024-01-09', 50.00, NULL, NULL, NULL, '1', NULL, 64, '2024-01-09', 11, '2024-05-07 11:13:27', 11, '2024-12-08 07:20:07'),
(178, 1, 'Cobro LF', 4, 19, '2024-05-08', 250.18, 75, NULL, NULL, '1', NULL, 66, '2024-05-08', 11, '2024-05-08 17:44:21', 11, '2024-05-08 17:48:09'),
(179, 1, 'Cobro LF', 4, 19, '2024-05-08', 327.78, 78, NULL, NULL, '1', NULL, 77, '2024-05-08', 11, '2024-05-08 17:46:35', 11, '2024-05-08 17:54:59'),
(180, 1, 'Cobro LF', 4, 19, '2024-05-08', 338.80, 79, NULL, NULL, '1', NULL, 77, '2024-05-08', 11, '2024-05-08 17:46:54', 11, '2024-05-08 17:47:35'),
(181, 1, 'Cobro LF', 4, 19, '2024-05-08', 338.80, 83, NULL, NULL, '1', NULL, 77, '2024-05-08', 11, '2024-05-08 17:52:55', 11, '2024-05-08 17:53:17'),
(182, 1, 'Cobro LF', 4, 19, '2024-05-07', 11.02, 78, NULL, NULL, '1', NULL, 66, '2024-05-07', 11, '2024-05-08 17:55:09', 11, '2024-05-08 17:56:05'),
(183, 1, 'Implantación AllService', 12, 22, '2024-06-06', 683.90, 89, NULL, NULL, '1', NULL, 80, '2024-06-06', 11, '2024-06-08 05:46:20', 11, '2024-06-08 05:46:20'),
(184, 1, 'Cuota AllServices 2024Q2', 12, 22, '2024-05-21', 199.65, 90, NULL, NULL, '1', NULL, 79, '2024-05-21', 11, '2024-06-08 05:47:37', 11, '2024-06-08 05:47:37'),
(185, 1, 'Cuota mantenimiento 2024Q2', 3, 1, '2024-05-20', 108.00, 86, NULL, NULL, '1', NULL, 78, '2024-05-20', 11, '2024-06-08 05:48:43', 11, '2024-07-02 08:27:47'),
(186, 1, '2024Q1 VM', 6, 3, '2024-02-09', 115.43, 82, NULL, NULL, '1', NULL, 76, '2024-02-09', 11, '2024-06-08 06:04:19', 11, '2024-06-08 06:05:06'),
(188, 6, 'Pago José Manuel Power BI', 5, 2, '2024-08-05', -100.00, NULL, NULL, 'Abonado por Tomás', '1', NULL, NULL, '2024-08-05', 11, '2024-08-05 08:52:43', 11, '2024-12-09 06:22:06'),
(190, 8, 'TRIBUTOS 2Q24 IRPF', 5, 17, '2024-07-22', -85.50, NULL, NULL, NULL, '1', NULL, 85, '2024-07-22', 11, '2024-09-20 05:03:48', 11, '2024-12-05 15:58:50'),
(191, 8, 'TRIBUTOS 2Q24 Modelo 303 IVA', 5, 17, '2024-07-22', -176.61, NULL, NULL, NULL, '1', NULL, 84, '2024-07-22', 11, '2024-09-20 05:06:56', 11, '2024-12-05 15:58:50'),
(192, 8, 'TRIBUTOS 2023 Mod 200 Impuesto de sociedades', 5, 17, '2024-07-22', -1005.88, NULL, 'opland/caja/vCiywgF8YO1StztGN4rbUDED1wUOZKQVzcfFR2kX.pdf', NULL, '1', NULL, 83, '2024-07-22', 11, '2024-09-20 05:08:13', 11, '2024-12-07 09:41:40'),
(193, 1, 'VM2024Q2', 6, 3, '2024-07-11', 22.18, 85, NULL, NULL, '1', NULL, 87, '2024-07-11', 11, '2024-09-20 05:12:38', 11, '2024-10-01 14:44:12'),
(194, 9, 'Honorarios administrador 2024/2T', 5, 17, '2024-06-30', -459.00, NULL, NULL, NULL, '1', 27, 81, '2024-06-30', 11, '2024-09-20 05:15:53', 11, '2024-12-05 16:00:18'),
(196, 5, 'Registro mercantil: registro cuentas 2023', NULL, 17, '2024-09-12', -65.91, NULL, NULL, NULL, '1', NULL, 82, '2024-09-12', 11, '2024-09-20 07:44:29', 11, '2024-09-20 07:44:29'),
(197, 1, 'Cuota AllServices 2024Q3', 12, 22, '2024-07-05', 199.65, 117, NULL, NULL, '1', NULL, 88, '2024-07-05', 11, '2024-09-20 07:48:56', 11, '2024-09-20 07:50:09'),
(198, 5, 'Registro mercantil: registro cuentas 2023', NULL, 17, '2024-09-23', -3.15, NULL, NULL, NULL, '1', NULL, 89, '2024-09-23', 11, '2024-09-30 09:14:14', 11, '2024-09-30 09:14:37'),
(199, 9, 'Honorarios administrador 2024/3T', 5, 17, '2024-10-01', -459.00, NULL, NULL, NULL, '1', 29, 97, '2024-10-01', 11, '2024-10-01 14:06:09', 11, '2024-12-05 16:00:18'),
(200, 1, 'Cuota GB2E 2024Q3', 11, 21, '2024-10-01', 217.80, 115, NULL, NULL, '1', NULL, 96, '2024-10-01', 11, '2024-10-01 14:17:13', 11, '2024-10-01 14:23:11'),
(201, 1, 'Modificación cuadro de mandos', 6, 3, '2024-10-24', 284.00, 123, NULL, NULL, '1', NULL, 92, '2024-10-24', 11, '2024-10-01 14:18:49', 11, '2024-10-01 14:23:47'),
(202, 1, 'Corrección IVA en factura', 6, 3, '2024-10-24', -40.00, 123, NULL, NULL, '1', NULL, 93, '2024-10-24', 11, '2024-10-01 14:20:10', 11, '2024-10-01 14:23:19'),
(203, 1, 'Cuota 3Q2024', 6, 3, '2024-10-24', 243.21, 113, NULL, NULL, '1', NULL, 91, '2024-10-24', 11, '2024-10-01 14:20:56', 11, '2024-10-01 14:23:29'),
(204, 1, 'Desarrollo cuadro mandos', 12, 22, '2024-10-24', 163.35, 118, NULL, NULL, '1', NULL, 90, '2024-10-24', 11, '2024-10-01 14:21:37', 11, '2024-10-01 14:24:01'),
(205, 7, 'Dividendos 2023 Carlos de Bernardo', 5, 17, '2024-10-18', -2430.00, NULL, NULL, NULL, '1', NULL, 103, '2023-12-31', 11, '2024-10-30 08:21:34', 11, '2024-12-05 09:40:49'),
(206, 7, 'Dividendos 2023 Tomás Rodríguez', 5, 17, '2024-10-18', -2430.00, NULL, NULL, NULL, '1', NULL, 102, '2023-12-31', 11, '2024-10-30 08:22:17', 11, '2024-12-05 09:40:49'),
(207, 7, 'Dividendos 2023 Carlos Domingo', 5, 17, '2024-10-21', -2430.00, NULL, NULL, NULL, '1', NULL, 101, '2023-12-31', 11, '2024-10-30 08:22:46', 11, '2024-12-05 09:40:49'),
(208, 8, 'TRIBUTOS 3Q24 IRPF', 5, 17, '2024-10-21', -85.50, NULL, NULL, NULL, '1', NULL, 100, '2024-10-21', 11, '2024-10-30 08:27:02', 11, '2024-12-05 15:58:50'),
(209, 8, 'TRIBUTOS 2Q24 Modelo 303 IVA', 5, 17, '2024-07-22', -71.25, NULL, NULL, NULL, '1', NULL, 99, '2024-07-22', 11, '2024-10-30 08:27:58', 11, '2024-12-05 15:58:50'),
(210, 8, 'TRIBUTOS 3Q24 Modelo 202 Impuesto sociedades', 5, 17, '2024-10-21', -322.24, NULL, NULL, NULL, '1', NULL, 98, '2024-10-21', 11, '2024-10-30 08:31:49', 11, '2024-12-05 15:58:50'),
(211, 1, 'Cuota mantenimiento 2024Q3', 3, 1, '2024-10-10', 108.90, 114, NULL, NULL, '1', NULL, 104, '2024-10-10', 11, '2024-10-30 08:42:59', 11, '2024-11-04 15:24:47'),
(212, 1, 'Cuota mantenimiento 2024Q2', 3, 1, '2024-10-10', 0.10, 86, NULL, NULL, '1', NULL, 104, '2024-10-10', 11, '2024-11-04 15:24:51', 11, '2024-11-04 15:26:22'),
(214, 1, 'Cuota mantenimiento 2024Q2', 3, 1, '2024-12-02', 0.70, 86, NULL, NULL, '1', NULL, 105, '2024-12-02', 11, '2024-12-03 08:12:46', 11, '2024-12-03 08:17:42'),
(215, 1, 'Saldo favorable a NF', 3, 1, '2024-12-02', 0.40, NULL, NULL, NULL, '1', NULL, 105, '2024-12-02', 11, '2024-12-03 08:15:58', 11, '2024-12-03 08:17:39'),
(216, 1, 'Cuota mantenimiento 2024Q4', 3, 1, '2024-12-02', 108.90, 120, NULL, NULL, '1', NULL, 105, '2024-12-02', 11, '2024-12-03 08:16:41', 11, '2024-12-03 08:17:35'),
(217, 1, 'Cuota AllServices 2024Q4', 12, 22, '2024-11-07', 199.65, 122, NULL, NULL, '1', NULL, 107, '2024-11-07', 11, '2024-12-03 08:23:08', 11, '2024-12-03 08:28:27'),
(218, 1, 'Cuota AllServices 2024Q4', 12, 22, '2024-11-22', -133.10, 126, NULL, NULL, '1', NULL, 106, '2024-11-22', 11, '2024-12-03 08:23:44', 11, '2024-12-03 08:28:11'),
(219, 1, 'Cuota GB2E 2024Q4', 11, 21, '2024-11-06', 217.80, 121, NULL, NULL, '1', NULL, 108, '2024-11-06', 11, '2024-12-03 08:25:30', 11, '2024-12-03 08:28:47'),
(220, 1, 'Cuota 4Q2024 + desarrollos', 6, 3, '2024-11-06', 485.21, 119, NULL, NULL, '1', NULL, 109, '2024-11-06', 11, '2024-12-03 08:26:31', 11, '2024-12-03 08:29:05'),
(224, 8, 'TRIBUTOS 4Q23 Modelo 202 Impuesto sociedades', 5, 17, '2023-12-20', -392.17, NULL, 'opland/caja/MZfomHNe4ybk1rQ9K3P6f1puo9NNMdwR10sHKncT.pdf', NULL, '1', NULL, 118, '2023-12-20', 11, '2024-12-07 09:28:30', 11, '2024-12-07 09:29:19'),
(225, 9, 'Honorarios administrador 2024/4T', 5, 17, '2024-12-26', -459.00, NULL, NULL, NULL, '1', 30, 119, '2024-12-26', 11, '2024-12-09 06:43:10', 11, '2024-12-26 16:24:36'),
(226, 7, 'TRIBUTOS RETENCIÓN DIVIDENDOS 2023', 5, 17, '2024-12-30', -2000.00, NULL, NULL, NULL, '1', NULL, 120, '2023-12-31', 11, '2024-12-09 06:44:01', 11, '2024-12-09 08:30:54'),
(227, 1, 'Factura 2024/23', 6, 3, '2024-12-30', 96.80, 124, NULL, NULL, '1', NULL, 120, '2024-12-30', 11, '2025-01-15 13:57:46', 11, '2025-01-15 13:57:46'),
(229, 8, 'TRIBUTOS IVA 4Q2025', 5, 17, '2025-01-20', -1795.50, NULL, NULL, NULL, '1', NULL, 123, '2025-01-20', 11, '2026-02-27 08:55:27', 11, '2026-02-27 08:56:41'),
(230, 6, 'Imputaciones Tomás', 5, 17, '2025-01-29', 6050.00, NULL, NULL, NULL, '1', 33, 124, '2025-12-31', 11, '2026-02-27 08:59:36', 11, '2026-02-27 09:03:03'),
(231, 8, 'TRIBUTOS 3Q24 Modelo 202 Impuesto sociedades', 5, 17, '2025-05-06', -322.20, NULL, NULL, NULL, '1', NULL, 125, '2025-05-06', 11, '2026-02-27 09:07:22', 11, '2026-02-27 09:07:22'),
(232, 5, 'Renovación firma digital', 5, 17, '2025-05-17', -16.94, NULL, NULL, NULL, '1', NULL, 126, '2025-07-15', 11, '2026-02-27 09:08:24', 11, '2026-02-27 09:08:34'),
(233, 5, 'Registro mercantil', 5, 17, '2025-07-15', -7.27, NULL, NULL, NULL, '1', NULL, 127, '2025-07-15', 11, '2026-02-27 09:09:31', 11, '2026-02-27 09:09:31'),
(234, 8, 'Impuesto Sobre Sociedades', 5, 17, '2025-07-25', 1036.61, NULL, NULL, NULL, '1', NULL, 128, '2025-07-25', 11, '2026-02-27 09:10:32', 11, '2026-02-27 09:10:32'),
(235, 5, 'Servidor', 5, 17, '2025-09-24', 153.98, NULL, NULL, NULL, '1', NULL, 129, '2025-09-24', 11, '2026-02-27 09:12:02', 11, '2026-02-27 09:12:02'),
(236, 1, 'Implantación Espacios Marbella', 14, 24, '2025-12-05', 121.00, 130, NULL, NULL, '1', NULL, 130, '2025-12-05', 11, '2026-02-27 09:13:22', 11, '2026-02-27 09:14:26'),
(237, 1, 'Cobro VM', 6, 3, '2025-12-17', 1283.81, 129, NULL, NULL, '1', NULL, 131, '2025-12-17', 11, '2026-02-27 09:16:11', 11, '2026-02-27 09:17:31'),
(238, 1, 'Cobro NF', 3, 1, '2025-12-30', 599.00, 128, NULL, NULL, '1', NULL, 132, '2025-12-30', 11, '2026-02-27 09:17:16', 11, '2026-02-27 09:17:16'),
(239, 8, 'Mod 123 2025/4T', 5, 17, '2026-01-20', -57.00, NULL, 'opland/caja/WmFoQgIDSr8EsYoC0rvmK9nB6123XkgogxL1AezA.pdf', NULL, '0', NULL, 133, '2026-01-20', 11, '2026-02-27 09:29:09', 11, '2026-02-27 09:32:46'),
(240, 1, 'Cobro Atenea (I)', 15, 25, '2026-02-17', 5353.04, 131, NULL, NULL, '0', NULL, 134, '2026-02-17', 11, '2026-02-27 09:30:09', 11, '2026-04-09 09:52:20'),
(241, 1, 'Fra 2026/03', 1, 5, '2026-02-27', 1573.00, 134, NULL, NULL, '0', NULL, 144, '2026-02-27', 11, '2026-03-05 18:34:01', 11, '2026-03-11 06:46:12'),
(243, 1, 'Cuadro de mandos y APP', 13, 23, '2026-02-17', 3533.20, NULL, NULL, NULL, '0', NULL, NULL, '2026-02-17', 11, '2026-03-05 18:37:50', 11, '2026-04-09 09:49:24'),
(244, 2, 'Kit Digital', 13, 23, '2026-02-17', 1382.43, 131, NULL, 'CONCEDIDO: 10.000 / COBRADO: 6.400 / SEGÚN PAGO ATENEA (80% DEL TOTAL): 4282.43 / MENOS MI FACTURA: 1382.43', '0', NULL, NULL, '2026-02-17', 11, '2026-03-05 18:37:58', 11, '2026-04-09 09:39:37'),
(245, 2, 'Kit Digital', 11, 21, '2026-02-17', 1070.61, 131, NULL, 'CONCEDIDO: 2500 / COBRADO: 1600 / SEGÚN PAGO ATENEA (20% DEL TOTAL): 1070.61', '0', NULL, NULL, '2026-02-17', 11, '2026-03-05 19:10:50', 11, '2026-04-09 09:39:51'),
(246, 1, '2026/02', 14, 24, '2026-03-05', 363.00, 133, NULL, NULL, '0', NULL, 146, '2026-03-05', 11, '2026-03-05 19:16:46', 11, '2026-03-05 19:16:46'),
(247, 1, '2026/05', 6, 3, '2026-03-02', 1123.80, 138, NULL, NULL, '0', NULL, 147, '2026-03-02', 11, '2026-03-05 19:17:46', 11, '2026-03-11 07:05:56'),
(248, 1, '2026/04', 6, 3, '2026-03-02', 508.20, 137, NULL, NULL, '0', NULL, 148, '2026-03-02', 11, '2026-03-05 19:17:51', 11, '2026-03-11 06:41:58'),
(249, 1, 'Exceso 2026/04', 6, 3, '2026-03-02', 12.60, 138, NULL, NULL, '0', NULL, 148, '2026-03-02', 11, '2026-03-11 06:42:02', 11, '2026-03-11 06:45:02'),
(250, 1, 'Fra 2026/03', 1, 5, '2026-02-27', 23.10, 139, NULL, NULL, '0', NULL, 144, '2026-02-27', 11, '2026-03-11 06:46:20', 11, '2026-03-11 06:47:15'),
(251, 6, 'Fcta202610', 13, 25, '2026-03-30', -1672.74, NULL, NULL, NULL, '0', 34, 160, '2026-03-30', 11, '2026-04-09 11:06:07', 11, '2026-04-09 08:13:58'),
(252, 1, 'Cobro F.2026/08', 6, 3, '2026-03-30', 504.57, 141, NULL, NULL, '0', NULL, 161, '2026-03-30', 11, '2026-04-09 11:06:04', 11, '2026-04-09 08:15:19'),
(253, 1, 'F.2026/09', 6, 3, '2026-03-30', 869.69, 142, NULL, NULL, '0', NULL, 162, '2026-03-30', 11, '2026-04-09 11:05:58', 11, '2026-04-09 08:15:48'),
(254, 1, 'Cobro F.2026/07', 6, 3, '2026-03-31', 2041.88, 140, NULL, NULL, '0', NULL, 163, '2026-03-31', 11, '2026-04-09 11:05:55', 11, '2026-04-09 08:16:32'),
(255, 1, 'Fra 2026/06', 6, 5, '2026-03-31', 2041.88, 139, NULL, NULL, '0', NULL, 164, '2026-03-31', 11, '2026-04-09 11:05:51', 11, '2026-04-09 08:17:09'),
(256, 1, 'Cobro Atenea (II)', 15, 25, '2026-04-01', 2294.16, 131, NULL, NULL, '0', NULL, 165, '2026-04-01', 11, '2026-04-09 11:05:48', 11, '2026-04-09 09:41:46'),
(257, 1, 'Cobro Atenea (III)', 15, 25, '2026-04-01', 193.60, 143, NULL, NULL, '0', NULL, 165, '2026-04-01', 11, '2026-04-09 11:05:28', 11, '2026-04-09 09:41:24'),
(258, 6, 'Pago Atenea a Dysama', 15, 25, '2026-02-17', -5120.00, NULL, NULL, NULL, '0', NULL, NULL, '2026-02-17', 11, '2026-04-09 09:44:57', 11, '2026-04-09 09:48:32'),
(259, 6, 'Pago Atenea a GreenB2E', 15, 25, '2026-02-17', -1360.00, NULL, NULL, NULL, '0', NULL, NULL, '2026-02-17', 11, '2026-04-09 09:51:34', 11, '2026-04-09 09:51:34');

-- --------------------------------------------------------

--
-- Estructura de tabla para la tabla `opland_clientes`
--

CREATE TABLE `opland_clientes` (
  `id` int(10) UNSIGNED NOT NULL,
  `nombre` varchar(255) NOT NULL COMMENT 'Nombre',
  `nombre_fiscal` varchar(255) DEFAULT NULL COMMENT 'Nombre fiscal',
  `nif` varchar(15) DEFAULT NULL COMMENT 'NIF',
  `direccion` varchar(255) DEFAULT NULL COMMENT 'Direccion fiscal',
  `cp` varchar(5) DEFAULT NULL COMMENT 'CP fiscal',
  `poblacion` varchar(255) DEFAULT NULL COMMENT 'Poblacion fiscal',
  `sector` varchar(255) DEFAULT NULL COMMENT 'Sector',
  `direccion_postal` varchar(255) DEFAULT NULL COMMENT 'Direccion postal',
  `cp_postal` varchar(5) DEFAULT NULL COMMENT 'CP Postal',
  `poblacion_postal` varchar(255) DEFAULT NULL COMMENT 'Poblacion postal',
  `deleted` varchar(11) DEFAULT '0' COMMENT 'deleted'
) ENGINE=InnoDB DEFAULT CHARSET=utf8mb4 COLLATE=utf8mb4_unicode_ci;

--
-- Volcado de datos para la tabla `opland_clientes`
--

INSERT INTO `opland_clientes` (`id`, `nombre`, `nombre_fiscal`, `nif`, `direccion`, `cp`, `poblacion`, `sector`, `direccion_postal`, `cp_postal`, `poblacion_postal`, `deleted`) VALUES
(1, 'La Carnicería Gallega', 'Comercial Aloha Gourmet SL', 'B93345577', 'Av. Prado s/n.Urb. River Garden D2 1ª', '29660', 'MARBELLA', 'Retail - Carnicería/Vinoteca', NULL, NULL, NULL, '0'),
(2, 'AEOL', 'AEOL Service SL', 'B97688261', 'Av. El Amet (pol. ind. Pou de Godofred), Nº 3', '46460', 'Silla', 'Tecnología', 'Av. El Amet (pol. ind. Pou de Godofred), Nº 3', '46460', 'Silla', '0'),
(3, 'Nature & Fitness', 'Antonio Gil Martín', '24392920V', 'C/Alboraya 67-2', '46010', 'Valencia', 'Salud', 'C/Alboraya 67-2', '46010', 'Valencia', '0'),
(4, 'La Freshquita', 'Frutería La Freshquita SL', 'B01700541', 'C/Arquilla del agua nº28', '29120', 'Alahurín El Grande', 'Retail - Frutería', 'C/Califa, Nº4', '29660', 'Marbella', '0'),
(5, 'Opland', NULL, NULL, NULL, NULL, NULL, NULL, NULL, NULL, NULL, '0'),
(6, 'Vacation Marbella', '328 Sun & Leisure-Marbella, SL', 'B93368405', 'Avda. Julio Iglesias 103, local 1', '29660', 'Marbella', 'Inmuebles', NULL, NULL, NULL, '0'),
(7, 'Berol', 'Antonio Gil', 'B97390868', 'Ctra. Cruz Negra, 93', '46240', 'Carlet', 'Cristalería', 'Ctra. Cruz Negra, 93', '46240', 'Carlet', '0'),
(8, 'Urbemed consultores', NULL, NULL, NULL, NULL, NULL, NULL, NULL, NULL, NULL, '0'),
(9, 'Dugarse', 'Dugarse SL', 'B96012695', 'Calle de Carles Salvador, 3', '46240', 'Carlet', 'Construcción', NULL, NULL, NULL, '0'),
(10, 'Mareny Blau', 'SCP Mareny Blau', 'J46717757', NULL, NULL, NULL, NULL, NULL, NULL, NULL, '0'),
(11, 'GreenB2E', 'GreenB2E Business to Energy S.L.', 'B98873797', 'Calle Micer Masco, 42 - 10 ENT', '46010', 'Valencia', 'Energía', 'Calle Micer Masco, 42 - 10 ENT', '46010', 'Valencia', '0'),
(12, 'All Services Marbella', 'Acemac Turismo y Servicios S.L.', 'B93655397', 'Av. Oriental 8, 1º', '29670', 'SAN PEDRO ALCANTARA - MARBELLA (MALAGA)', 'Inmuebles', NULL, NULL, NULL, '0'),
(13, 'Dysama', 'AZULEJOS CHIVA S.L.', 'B46985016', 'C/ Ctra. Antigua Nacional III, km 311. Nave 1', '46370', 'Chiva', 'Retail - Construcción', 'C/ Ctra. Antigua Nacional III, km 311. Nave 1', '46370', 'Chiva', '0'),
(14, 'Marbella Espacios', 'INMOBILIARIA MARBELLA ESPACIOS S.L.', 'B93737229', 'C/ Ramón Gómez de la Serna, 23, Local 9', '29602', 'Marbella', 'Turístico', 'C/ Ramón Gómez de la Serna, 23, Local 9', '29602', 'Marbella', '0'),
(15, 'ATENEA', 'ATENEA IURIS CONSULTING GROUP S.L.', 'B98265390', 'AV. Cortes Valencianas 35 bj dcha', '46015', 'Valencia', 'Consultoría', 'AV. Cortes Valencianas 35 bj dcha', '46015', 'Valencia', '0');

-- --------------------------------------------------------

--
-- Estructura de tabla para la tabla `opland_conceptos`
--

CREATE TABLE `opland_conceptos` (
  `id` int(10) UNSIGNED NOT NULL,
  `nombre` varchar(255) NOT NULL COMMENT 'Nombre'
) ENGINE=InnoDB DEFAULT CHARSET=utf8mb4 COLLATE=utf8mb4_unicode_ci;

--
-- Volcado de datos para la tabla `opland_conceptos`
--

INSERT INTO `opland_conceptos` (`id`, `nombre`) VALUES
(1, 'Programación/personalización'),
(2, 'Desplazamiento puesta en marcha'),
(3, 'Cuadro de mandos'),
(4, 'Dirección y asesoramiento'),
(5, 'Creación bases de datos'),
(6, 'Mantenimiento servidor'),
(7, 'Servicio web PowerBI'),
(8, 'Suplido'),
(9, 'Backoffice'),
(10, 'Soporte SaaS'),
(11, 'Migración de datos');

-- --------------------------------------------------------

--
-- Estructura de tabla para la tabla `opland_concepto_factura`
--

CREATE TABLE `opland_concepto_factura` (
  `id` int(10) UNSIGNED NOT NULL,
  `nombre` varchar(255) NOT NULL COMMENT 'Nombre',
  `id_facturas` int(11) DEFAULT NULL COMMENT 'id_facturas',
  `precio` decimal(8,2) DEFAULT NULL COMMENT 'Precio|calc',
  `descuentoe` decimal(8,2) DEFAULT NULL COMMENT 'DescuentoE',
  `id_conceptos` int(11) DEFAULT NULL COMMENT 'id_conceptos',
  `descuentoporc` int(11) DEFAULT NULL COMMENT 'DescuentoPorc',
  `deleted` smallint(6) DEFAULT 0 COMMENT 'deleted'
) ENGINE=InnoDB DEFAULT CHARSET=utf8mb4 COLLATE=utf8mb4_unicode_ci;

--
-- Volcado de datos para la tabla `opland_concepto_factura`
--

INSERT INTO `opland_concepto_factura` (`id`, `nombre`, `id_facturas`, `precio`, `descuentoe`, `id_conceptos`, `descuentoporc`, `deleted`) VALUES
(1, 'Aplicación según requerimientos iniciales', 1, 2220.00, 480.00, 1, 0, 1),
(2, 'Bloques de gastos y objetivos', 1, 180.00, NULL, 5, NULL, 1),
(3, 'Cuadro de mandos', 1, 1800.00, NULL, 3, 80, 1),
(4, 'Mantenimiento servidor aplicación 2022 (12x10€)', 1, 120.00, NULL, 6, NULL, 1),
(5, 'Servicio web PowerBI anual 2022 (12x15€)', 1, 180.00, NULL, 7, NULL, 1),
(6, 'Desarrollo cumpleaños', 1, 140.00, NULL, 3, NULL, 1),
(7, 'Cuadro de mandos liquidaciones', 4, 1000.00, NULL, 3, 20, 1),
(8, 'Implantación ERP Diakros', 3, 1200.00, NULL, 4, NULL, 1),
(9, 'Desarrollo de aplicación de gestión según requerimientos', 2, 1500.00, NULL, 1, 25, 1),
(10, 'Implantación, documentación y formación', 2, 900.00, NULL, 4, 25, 1),
(11, 'Soporte y modificaciones', 2, 855.00, 0.00, 1, 25, 1),
(12, 'Módulo de control ausencias', 2, 470.40, NULL, 1, 40, 1),
(13, 'Módulo de nóminas', 2, 330.40, NULL, 5, 40, 1),
(14, 'Desplazamiento para puesta en marcha', 5, 2150.00, NULL, 2, NULL, 1),
(15, 'Balanza Epelsa de Bartolomé Consultores', 8, 430.76, NULL, 8, NULL, 1),
(17, 'USB wifi para conexión TPV a red móvil', 5, 19.99, NULL, 4, NULL, 1),
(18, 'Scanner Bluetooth para inventario', 5, 59.99, NULL, 4, NULL, 1),
(19, 'Cuadro de mandos DGT', 4, 1000.00, NULL, 3, 20, 1),
(20, 'Formato texto activo/inactivo', 1, 35.00, NULL, 1, NULL, 1),
(21, 'Ticket medio y facturación mensual por grupo', 1, 70.00, NULL, 3, 100, 1),
(22, 'Unificación bases de datos', 3, 700.00, NULL, 3, NULL, 1),
(23, 'Gestión de incidencias con Diakros', 3, 280.00, NULL, 4, NULL, 1),
(24, 'mar-09 --> Gestiones con Dibal (01:00)', 9, 37.50, NULL, 4, NULL, 1),
(25, 'mar-27 --> Clasificación de productos (05:00)', 9, 187.50, NULL, 4, NULL, 1),
(26, 'abr-03 --> Pantalla revisión artículos (01:00)', 9, 37.50, NULL, 3, NULL, 1),
(27, 'abr-06 --> Artículos (02:00)', 9, 74.00, NULL, 1, NULL, 1),
(28, 'abr-06 --> BBDD stock (01:00)', 9, 37.50, NULL, 1, NULL, 1),
(29, 'abr-10 --> Inventario: productos pendientes (02:30)', 9, 93.75, NULL, 1, NULL, 1),
(30, 'abr-27 --> Llamada telefónica: Revisión artículos (00:45)', 9, 28.12, NULL, 1, NULL, 1),
(31, 'abr-29 --> Validación de datos (02:00)', 9, 75.00, NULL, 1, NULL, 1),
(32, 'may-07 --> Carga 40 EAN (00:30)', 9, 18.75, NULL, 1, NULL, 1),
(33, 'may-25 --> Artículos Al peso (00:45)', 9, 28.12, NULL, 1, NULL, 1),
(34, 'jun-04 --> Problemas conexión router (01:00)', 9, 37.50, NULL, 4, NULL, 1),
(35, '50% cuadro de mandos ERP y TPV', 10, 1500.00, NULL, 3, NULL, 1),
(36, 'Implantación, documentación y formación', 5, 2000.00, NULL, 4, NULL, 1),
(37, 'Bono técnico 8h', 11, 280.00, NULL, 1, NULL, 1),
(38, 'Bono técnico 8h', 12, 280.00, NULL, 1, NULL, 1),
(39, 'Balanza Epelsa de Bartolomé Consultores', 13, -430.76, 0.00, 8, NULL, 1),
(40, 'Servicio web PowerBI (18€/mes)', 14, 54.00, 0.00, 7, NULL, 1),
(41, 'Mantenimiento aplicación (12€/mes)', 14, 36.00, 0.00, 6, NULL, 1),
(42, 'Mantenimiento PowerBI  de Dirección (25 €/mes)', 15, 75.00, 0.00, 7, NULL, 1),
(43, 'Mantenimiento PowerBI de Operaciones (25 €/mes)', 15, 75.00, 0.00, 7, NULL, 1),
(44, 'Mantenimiento aplicación (29 €/mes)', 15, 87.00, 0.00, 6, NULL, 1),
(45, 'Gestión de compras', 16, 340.00, 0.00, 4, NULL, 1),
(46, 'Puesta en marcha nuevo TPV', 16, 560.00, 0.00, 4, NULL, 1),
(47, 'Modificación del cuadro de mandos para gestión de dos tiendas', 16, 840.00, 0.00, 3, NULL, 1),
(48, 'Horas imputadas hasta el 10/02/23', 17, 910.00, 0.00, 1, NULL, 1),
(49, 'Cuadro de mandos para KPIs DGT vs AEOL', 24, 1500.00, 0.00, 3, NULL, 1),
(50, 'Servicio web PowerBI (18€/mes)', 25, 54.00, 0.00, 7, NULL, 1),
(51, 'Mantenimiento aplicación (12€/mes)', 25, 36.00, 0.00, 6, NULL, 1),
(52, 'Mantenimiento PowerBI  en portal Microsoft (25 €/mes)', 26, 75.00, 0.00, 7, 40, 1),
(53, 'Cuadros de mandos personalizados en Opland (3x6€/mes)', 26, 54.00, 0.00, 1, 60, 1),
(54, 'Mantenimiento aplicación (24 €/mes)', 26, 72.00, 0.00, 6, 60, 1),
(55, 'Abono desarrollos incluidos en factura 5/2023', 27, -717.50, 0.00, 1, NULL, 1),
(60, 'Servicio web PowerBI (18€/mes)', 33, 54.00, 0.00, 7, NULL, 1),
(61, 'Mantenimiento aplicación (12€/mes)', 33, 36.00, 0.00, 6, NULL, 1),
(62, 'Mantenimiento PowerBI  en portal Microsoft (25 €/mes)', 34, 75.00, 0.00, 7, 40, 1),
(63, 'Cuadros de mandos personalizados en Opland (3x6€/mes)', 34, 54.00, 0.00, 1, 60, 1),
(64, 'Mantenimiento aplicación (24 €/mes)', 34, 72.00, 0.00, 6, 60, 1),
(65, 'Ticada de albaranes de compra', 36, 280.00, 0.00, 9, NULL, 1),
(66, 'Ticada de albaranes de compra', 39, 280.00, 0.00, 9, NULL, 1),
(67, 'Ticada de albaranes de compra', 43, 280.00, 0.00, 9, NULL, 1),
(68, 'Ticada de albaranes de compra', 45, 280.00, 0.00, 9, NULL, 1),
(69, 'Ticada de albaranes de compra', 46, 280.00, 0.00, 9, NULL, 1),
(70, 'Ticada de albaranes de compra', 47, 280.00, 0.00, 9, NULL, 1),
(71, 'Ticada de albaranes de compra', 48, 280.00, 0.00, 9, NULL, 1),
(72, 'Mantenimiento aplicación (12€/mes)', 50, 36.00, 0.00, 6, NULL, 1),
(73, 'Servicio web PowerBI (18€/mes)', 50, 54.00, 0.00, 7, NULL, 1),
(74, 'Mantenimiento aplicación (24 €/mes)', 51, 72.00, 0.00, 6, 60, 1),
(75, 'Cuadros de mandos personalizados en Opland (3x6€/mes)', 51, 54.00, 0.00, 1, 60, 1),
(76, 'Mantenimiento PowerBI  en portal Microsoft (25 €/mes)', 51, 75.00, 0.00, 7, 40, 1),
(77, 'Ticada de albaranes de compra', 49, 280.00, 0.00, 9, NULL, 1),
(78, 'Ticada de albaranes de compra', 60, 280.00, 0.00, 9, NULL, 1),
(79, 'Ticada de albaranes de compra', 61, 280.00, 0.00, 9, NULL, 1),
(80, 'Ticada de albaranes de compra', 62, 280.00, 0.00, 9, NULL, 1),
(81, 'Ticada de albaranes de compra', 67, 280.00, 0.00, 9, NULL, 1),
(82, 'Ticada de albaranes de compra', 68, 280.00, 0.00, 9, NULL, 1),
(83, 'Ticada de albaranes de compra', 69, 280.00, 0.00, 9, NULL, 1),
(84, 'Ticada de albaranes de compra', 70, 280.00, 0.00, 9, NULL, 1),
(85, 'Ticada de albaranes de compra', 71, 280.00, 0.00, 9, NULL, 1),
(86, 'Ticada de albaranes de compra', 72, 280.00, 0.00, 9, NULL, 1),
(87, 'Ticada de albaranes de compra', 73, 280.00, 0.00, 9, NULL, 1),
(88, 'Ticada de albaranes de compra', 74, 280.00, 0.00, 9, NULL, 1),
(89, 'Ticada de albaranes de compra', 75, 280.00, 0.00, 9, NULL, 1),
(90, 'Depuración de datos y migración (40€/h)', 76, 320.00, 0.00, 9, NULL, 1),
(91, 'Implantación de cada módulo: Avales, Escrituras, Facturas emitidas, Facturas recibidas, Firmas digitales, Seguros (160€/ud)', 76, 1120.00, 0.00, 5, NULL, 1),
(92, 'Migración de datos por plantilla', 76, 45.00, 0.00, 9, 100, 1),
(93, 'Pantalla de cuadro de mandos: Avales', 76, 320.00, 0.00, 3, 50, 1),
(94, 'Pantalla de cuadro de mandos: Escrituras', 76, 320.00, 0.00, 3, 75, 1),
(95, 'Pantalla de cuadro de mandos: Facturas emitidas', 76, 320.00, 0.00, 3, 50, 1),
(96, 'Pantalla de cuadro de mandos: Facturas recibidas', 76, 320.00, 0.00, 3, 50, 1),
(97, 'Pantalla de cuadro de mandos: Firmas digitales', 76, 320.00, 0.00, 3, 100, 1),
(98, 'Pantalla de cuadro de mandos: Seguros', 76, 320.00, 0.00, 3, 50, 1),
(99, 'Ticada de albaranes de compra', 77, 280.00, 0.00, 9, NULL, 1),
(100, 'Ticada de albaranes de compra', 78, 280.00, 0.00, 9, NULL, 1),
(101, 'Mantenimiento PowerBI  en portal Microsoft (25 €/mes)', 82, 75.00, 0.00, 7, 40, 1),
(102, 'Cuadros de mandos personalizados en Opland (3x6€/mes)', 82, 54.00, 0.00, 1, 60, 1),
(103, 'Mantenimiento aplicación (24 €/mes)', 82, 72.00, 0.00, 6, 60, 1),
(104, 'Servicio web PowerBI (18€/mes)', 81, 54.00, 0.00, 7, NULL, 1),
(105, 'Mantenimiento aplicación (12€/mes)', 81, 36.00, 0.00, 6, NULL, 1),
(106, 'Ticada de albaranes de compra', 79, 280.00, 0.00, 9, NULL, 1),
(107, 'Ticada de albaranes de compra', 83, 280.00, 0.00, 9, NULL, 1),
(108, 'Mantenimiento aplicación: 7 tablas (35 €/mes)', 84, 105.00, 0.00, 6, NULL, 1),
(109, 'Servicio web PowerBI (25 €/mes)', 84, 75.00, 0.00, 7, NULL, 1),
(110, 'Mantenimiento aplicación (24 €/mes)', 85, 72.00, 0.00, 6, 0, 1),
(111, 'Cuadros de mandos personalizados en Opland (3x6€/mes)', 85, 54.00, 0.00, 1, 0, 1),
(112, 'Mantenimiento PowerBI  en portal Microsoft (25 €/mes)', 85, 75.00, 0.00, 7, 0, 1),
(113, 'Personalización: bloqueo de fichajes', 85, 95.00, 0.00, 1, NULL, 1),
(114, 'Servicio web PowerBI (25 €/mes)', 88, 75.00, 0.00, 7, NULL, 1),
(115, 'Mantenimiento aplicación: 7 tablas (35 €/mes)', 88, 105.00, 0.00, 6, NULL, 1),
(116, 'Mantenimiento aplicación (12€/mes)', 86, 36.00, 0.00, 6, NULL, 1),
(117, 'Servicio web PowerBI (18€/mes)', 86, 54.00, 0.00, 7, NULL, 1),
(118, 'Mantenimiento aplicación: 3 módulos (30€/mes)', 90, 90.00, 0.00, 6, NULL, 1),
(119, 'Servicio web PowerBI (25 €/mes)', 90, 75.00, 0.00, 7, NULL, 1),
(120, 'Cuadro de mandos', 89, 320.00, 0.00, 3, NULL, 1),
(121, 'Implantación Opland: rrhh y tareas', 89, 240.00, 0.00, 5, NULL, 1),
(122, 'Mantenimiento aplicación (24 €/mes)', 92, 72.00, 0.00, 6, 0, 1),
(125, 'Cuadros de mandos personalizados en Opland (3x6€/mes)', 92, 54.00, 0.00, 1, 0, 1),
(128, 'Mantenimiento PowerBI  en portal Microsoft (25 €/mes)', 92, 75.00, 0.00, 7, 0, 1),
(131, 'Personalización: bloqueo de fichajes', 92, 95.00, 0.00, 1, NULL, 1),
(185, 'Mantenimiento aplicación (24 €/mes)', 113, 72.00, 0.00, 6, 0, 1),
(186, 'Cuadros de mandos personalizados en Opland (3x6€/mes)', 113, 54.00, 0.00, 1, 0, 1),
(187, 'Mantenimiento PowerBI  en portal Microsoft (25 €/mes)', 113, 75.00, 0.00, 7, 0, 1),
(189, 'Servicio web PowerBI (25 €/mes)', 115, 75.00, 0.00, 7, NULL, 1),
(190, 'Mantenimiento aplicación: 7 tablas (35 €/mes)', 115, 105.00, 0.00, 6, NULL, 1),
(191, 'Mantenimiento aplicación (12€/mes)', 114, 36.00, 0.00, 6, NULL, 1),
(192, 'Servicio web PowerBI (18€/mes)', 114, 54.00, 0.00, 7, NULL, 1),
(193, 'Mantenimiento aplicación: 3 módulos (30€/mes)', 117, 90.00, 0.00, 6, NULL, 1),
(194, 'Servicio web PowerBI (25 €/mes)', 117, 75.00, 0.00, 7, NULL, 1),
(197, 'Informe Power BI por horas/trabajador', 118, 90.00, 0.00, 3, NULL, 1),
(198, 'Informe Power BI por tareas', 118, 90.00, 0.00, 3, 50, 1),
(199, 'Mantenimiento aplicación (24 €/mes)', 119, 72.00, 0.00, 6, 0, 1),
(200, 'Cuadros de mandos personalizados en Opland (3x6€/mes)', 119, 54.00, 0.00, 1, 0, 1),
(201, 'Mantenimiento PowerBI  en portal Microsoft (25 €/mes)', 119, 75.00, 0.00, 7, 0, 1),
(202, 'Servicio web PowerBI (25 €/mes)', 121, 75.00, 0.00, 7, NULL, 1),
(203, 'Mantenimiento aplicación: 7 tablas (35 €/mes)', 121, 105.00, 0.00, 6, NULL, 1),
(204, 'Mantenimiento aplicación (12€/mes)', 120, 36.00, 0.00, 6, NULL, 1),
(205, 'Servicio web PowerBI (18€/mes)', 120, 54.00, 0.00, 7, NULL, 1),
(206, 'Mantenimiento aplicación: 3 módulos (30€/mes)', 122, 90.00, 0.00, 6, NULL, 1),
(207, 'Servicio web PowerBI (25 €/mes)', 122, 75.00, 0.00, 7, NULL, 1),
(209, 'Informe Power BI para fichajes, ausencias, tareas e inmuebles', 123, 200.00, 0.00, 3, 0, 1),
(210, 'Cuadro de mandos \"Laboral\"', 119, 300.00, 0.00, 3, 60, 1),
(211, 'Configuración y carga de datos bonus', 119, 200.00, 0.00, 3, 60, 1),
(212, 'Informes marketing y €/h [3 horas de bono]', 120, 0.00, 0.00, 3, NULL, 1),
(213, 'Inclusión campo \"dias festivos\" en Fichaje y modificación del informe', 124, 80.00, 0.00, 3, NULL, 1),
(214, 'Mantenimiento aplicación: 3 módulos (30€/mes)', 126, -60.00, 0.00, 6, NULL, 1),
(215, 'Servicio web PowerBI (25 €/mes)', 126, -50.00, 0.00, 7, NULL, 1),
(216, 'Ticadas albaranes', 35, 280.00, 0.00, 9, NULL, 1),
(217, 'Ticadas albaranes', 35, 70.00, 0.00, 3, NULL, 1),
(218, 'Nuevas funcionalidades', 18, 717.50, 0.00, 3, NULL, 1),
(219, 'Correcciones bases de datos', 23, 131.25, 0.00, 11, NULL, 1),
(220, 'Correcciones bases de datos', 28, 533.75, 0.00, 11, NULL, 1),
(221, 'Correcciones bases de datos', 31, 157.50, 0.00, 11, NULL, 1),
(222, 'Correcciones bases de datos', 32, 131.25, 0.00, 11, NULL, 1),
(223, 'Generación de facturas', 128, 80.00, 0.00, 9, NULL, 1),
(224, 'Servicio web PowerBI (20€/mes)', 128, 240.00, 0.00, 7, NULL, 1),
(225, 'Mantenimiento aplicación (12€/mes)', 128, 144.00, 0.00, 6, NULL, 1),
(226, 'Mantenimiento aplicación (10€/mes)', 130, 100.00, 0.00, 6, NULL, 1),
(227, 'Nueva pantalla Power BI \"Opland\" (control de jornadas)', 129, 300.00, 0.00, 3, 25, 1),
(228, 'Mantenimiento PowerBI  en portal Microsoft (25 €/mes)', 129, 300.00, 0.00, 7, 0, 1),
(229, 'Mantenimiento aplicación (24 €/mes)', 129, 72.00, 0.00, 6, 0, 1),
(230, 'Cuadros de mandos personalizados en Opland (2x6€/mes)', 129, 144.00, 0.00, 1, 0, 1),
(231, 'Nuevo módulo \"Proveedores\"', 129, 80.00, 0.00, 5, NULL, 1),
(232, 'AZULEJOS CHIVA  ACUERDO CRM, REDES SOCIALES Y POWER BI', 131, 5120.00, 0.00, 3, NULL, 0),
(233, 'GREENB2 SOLUCIONES  ACUERDO POWER BI Y REDES SOCIALES', 131, 1200.00, 0.00, 3, NULL, 0),
(234, 'Nuevo concepto \"Pausa\"', 129, 90.00, 0.00, 3, NULL, 1),
(235, 'Separación horas extras por fichaje de horas por festivos', 129, 150.00, 0.00, 3, NULL, 1),
(236, 'Limpieza contratos erróneos (0,5h)', 128, 30.00, 0.00, 9, NULL, 1),
(237, 'Programación 2 nuevos módulos en Opland: Inventario y Reposiciones', 138, 180.00, 0.00, 5, NULL, 0),
(238, '2 pantallas en cuadros de mandos: Inventario y Reposiciones', 138, 600.00, 0.00, 3, 0, 0),
(239, 'Bono soporte 8h', 137, 420.00, 0.00, 10, 0, 0),
(240, 'Reconexión cuadro de mandos a dos bbdd', 134, 700.00, 0.00, 3, NULL, 0),
(241, 'Nueva pantalla \"Vinos\"', 134, 350.00, 0.00, 3, NULL, 0),
(242, 'Rediseño pantalla Artículos con nuevos indicadores', 134, 250.00, 0.00, 3, NULL, 0),
(243, 'Programación reglas de negecio en pantalla de Fichaje', 133, 180.00, 0.00, 5, NULL, 0),
(244, 'Modificación pantalla cuadro de mandos', 133, 120.00, 0.00, 3, NULL, 0),
(246, 'Cuadro de mandos para Gobernanta', 138, 120.00, 0.00, 3, 100, 0),
(247, 'Modificaciones en Plantilla Fichaje: Pausas y Turnos rotativos', 138, 180.00, 0.00, 3, NULL, 0),
(248, 'Importe pendiente 2025: Mantenimiento aplicación (24 €/mes, ptes 9 meses)', 141, 216.00, 0.00, 6, NULL, 0),
(249, 'Mantenimiento aplicación (24 €/mes)', 141, 72.00, 0.00, 6, NULL, 0),
(250, 'Cuadros de mandos personalizados en Opland (3x6€/mes)', 141, 54.00, 0.00, 7, NULL, 0),
(251, 'Mantenimiento PowerBI  en portal Microsoft (25 €/mes)', 141, 75.00, 0.00, 7, NULL, 0),
(252, 'GREENB2 SOLUCIONES ACUERDO POWER BI Y REDES SOCIALES', 143, 160.00, 0.00, 3, NULL, 0);

-- --------------------------------------------------------

--
-- Estructura de tabla para la tabla `opland_concepto_presupuesto`
--

CREATE TABLE `opland_concepto_presupuesto` (
  `id` int(10) UNSIGNED NOT NULL,
  `nombre` varchar(255) NOT NULL COMMENT 'Nombre',
  `id_presupuestos` int(11) DEFAULT NULL COMMENT 'Presupuesto',
  `precio` decimal(8,2) DEFAULT NULL COMMENT 'Precio',
  `descuentoe` decimal(8,2) DEFAULT NULL COMMENT 'DescuentoE',
  `id_conceptos` int(11) DEFAULT NULL COMMENT 'id_conceptos',
  `descuentoporc` int(11) DEFAULT NULL COMMENT 'DescuentoPorc'
) ENGINE=InnoDB DEFAULT CHARSET=utf8mb4 COLLATE=utf8mb4_unicode_ci;

--
-- Volcado de datos para la tabla `opland_concepto_presupuesto`
--

INSERT INTO `opland_concepto_presupuesto` (`id`, `nombre`, `id_presupuestos`, `precio`, `descuentoe`, `id_conceptos`, `descuentoporc`) VALUES
(1, 'Desarrollo', 14, 1500.00, NULL, NULL, 25),
(2, 'Implantación, documentación y formación', 14, 900.00, NULL, NULL, 25),
(3, 'Soporte y modificaciones', 14, 855.00, NULL, NULL, 25),
(4, 'Control horario', 14, 470.40, NULL, NULL, 40),
(5, 'Módulo de nóminas', 14, 330.40, NULL, NULL, 40),
(6, 'Cuadro de mandos CRM', 17, 1000.00, NULL, 3, 20),
(7, 'Gestión de compras', 18, 340.00, 0.00, 4, NULL),
(8, 'Puesta en marcha nuevo TPV', 18, 560.00, 0.00, 4, NULL),
(9, 'Modificación del cuadro de mandos para gestión de dos tiendas', 18, 840.00, 0.00, 3, NULL),
(10, 'Depuración de datos: 280€/jornada', 18, 0.00, 0.00, 4, NULL),
(11, 'Mantenimiento aplicación 2023 (12€/mes)', 19, 36.00, 0.00, 6, NULL),
(12, 'Servicio web PowerBI anual 2023 (18€/mes)', 19, 54.00, 0.00, 7, NULL),
(13, 'Mantenimiento aplicación 2023 (35€/mes)', 21, 420.00, 0.00, 6, NULL),
(14, 'Mantenimiento PowerBI-Gestion anual 2023 (25€/mes)', 21, 300.00, 0.00, 7, NULL),
(15, 'Mantenimiento PowerBI-Operaciones anual 2023 (25€/mes)', 21, 300.00, 0.00, 7, NULL),
(16, 'Gestión de compras', 22, 340.00, 0.00, 4, NULL),
(17, 'Puesta en marcha nuevo TPV', 22, 560.00, 0.00, 4, NULL),
(18, 'Modificación del cuadro de mandos para gestión de dos tiendas', 22, 840.00, 0.00, 3, NULL),
(19, 'Depuración de datos: 280€/jornada', 22, 0.00, 0.00, 1, NULL),
(20, 'Toma de requerimientos', 23, 300.00, 0.00, 4, NULL),
(21, 'Personalizaciones para confección de albaranes', 23, 250.00, 0.00, 1, NULL),
(22, 'Cuadro de mandos para la gestión de empleados y tareas', 23, 800.00, 0.00, 3, NULL),
(23, 'Mantenimiento aplicación (29 €/mes)', 23, 0.00, 0.00, 6, NULL),
(24, 'Mantenimiento cuadro de mandos (25 €/mes)', 23, 0.00, 0.00, NULL, NULL),
(25, 'Incorporar localización inicio y fin de jornada, distancia a oficina en fichaje, trayecto y kilómetros', 26, 90.00, 0.00, 1, 20),
(26, 'Análisis requerimientos para instalación detección de huellas', 26, 90.00, 0.00, 4, 70),
(27, 'Modificación de cuadro de mandos para incorporación de nuevos campos', 26, 90.00, 0.00, 3, 20),
(28, 'Implantación de cada módulo: Avales, Escrituras, Facturas emitidas, Facturas recibidas, Firmas digitales, Seguros (160€/ud)', 27, 1120.00, 0.00, 5, NULL),
(29, 'Migración de datos por plantilla', 27, 45.00, 0.00, 5, 100),
(30, 'Depuración de datos y migración (40€/h)', 27, 320.00, 0.00, 5, NULL),
(31, 'Pantalla de cuadro de mandos: Avales', 27, 320.00, 0.00, 5, 50),
(32, 'Cuota mantenimiento anual', 27, 72.00, 0.00, 6, NULL),
(33, 'Cuota mantenimiento mensual por módulo SAAS: Avales, Escrituras, Facturas emitidas, Facturas recibidas, Firmas digitales, Seguros (5€/ud)', 27, 35.00, 0.00, 6, NULL),
(34, 'Cuota mantenimiento mensual por servicio BI', 27, 25.00, 0.00, 7, NULL),
(35, 'Pantalla de cuadro de mandos: Escrituras', 27, 320.00, 0.00, 5, 75),
(36, 'Pantalla de cuadro de mandos: Facturas emitidas', 27, 320.00, 0.00, 5, 50),
(37, 'Pantalla de cuadro de mandos: Facturas recibidas', 27, 320.00, 0.00, 5, 50),
(38, 'Pantalla de cuadro de mandos: Firmas digitales', 27, 320.00, 0.00, 5, 50),
(39, 'Pantalla de cuadro de mandos: Seguros', 27, 320.00, 0.00, 5, 50),
(40, 'Pantalla de cuadro de mandos: Fichajes', 30, 320.00, 0.00, 5, 50),
(41, 'Implantación Fichajes', 30, 160.00, 0.00, 5, 75),
(42, 'Implantación Ausencias con comunicación por mail y aprobación del responsable', 30, 160.00, 0.00, 5, 0),
(43, 'Implantación Nóminas', 30, 160.00, 0.00, 5, 0),
(44, 'Implantación Contratos', 30, 160.00, 0.00, 5, 75),
(45, 'Pantalla de cuadro de mandos: Ausencias', 30, 320.00, 0.00, 5, 50),
(46, 'Pantalla de cuadro de mandos: Empleados (menú control general)', 30, 320.00, 0.00, 5, 50),
(47, 'Personalización en el formulario de fichajes', 31, 95.00, 0.00, 1, NULL),
(48, 'Implantación: tablas de fichajes, contratos y tareas', 32, 180.00, 0.00, 5, NULL),
(49, 'Carga de datos inicial', 32, 60.00, 0.00, 11, NULL),
(50, 'Cuadro de mandos: fichajes, usuarios y tareas', 32, 320.00, 0.00, 11, NULL),
(51, 'Suscripción SaaS modulos contratados: 30 €/mes', 32, 0.00, 0.00, NULL, NULL),
(52, 'Suscripción cuadro de mandos: 25 €/mes', 32, 0.00, 0.00, NULL, NULL),
(53, 'Conexión a fuente de datos', 33, 320.00, 0.00, 3, NULL),
(54, 'Módulo de inventario: listado de artículos con cálculo de márgenes marginales', 33, 320.00, 0.00, 3, NULL),
(55, 'Módulo de clientes: Listado de clientes con última fecha de compra, gráfico según canal (profesional/retail)', 33, 320.00, 0.00, 3, NULL),
(56, 'Módulo de ventas: Evolución de la ventas anuales y márgenes por familia, cliente y gestor administrativo', 33, 320.00, 0.00, 3, NULL),
(57, 'Pantalla detalle artículo: evolución de compras, ventas y márgenes. Aportación a la familia/subfamilia.', 33, 160.00, 0.00, 3, NULL),
(58, 'Módulo de objetivos: gráficas y tablas de objetivos por tienda', 33, 320.00, 0.00, 3, NULL),
(59, 'Pantalla detalle cliente: informe de compras del cliente por familia y gestor administrativo', 33, 160.00, 0.00, 3, NULL),
(60, 'Pantalla de proveedores (listado con métricas básicas)', 33, 160.00, 0.00, 3, 100),
(61, 'Informe Power BI por trabajador', 34, 90.00, 0.00, 3, NULL),
(62, 'Informe Power BI trabajos por empresa', 34, 90.00, 0.00, 3, 50);

-- --------------------------------------------------------

--
-- Estructura de tabla para la tabla `opland_configuracion`
--

CREATE TABLE `opland_configuracion` (
  `id` int(11) NOT NULL,
  `nombre` varchar(32) NOT NULL COMMENT 'nombre',
  `valor` varchar(255) NOT NULL COMMENT 'valor',
  `createdat` timestamp NOT NULL DEFAULT current_timestamp(),
  `deleted` int(11) NOT NULL DEFAULT 0
) ENGINE=InnoDB DEFAULT CHARSET=utf8mb4 COLLATE=utf8mb4_unicode_ci;

--
-- Volcado de datos para la tabla `opland_configuracion`
--

INSERT INTO `opland_configuracion` (`id`, `nombre`, `valor`, `createdat`, `deleted`) VALUES
(1, 'inicio', 'tareas', '2021-09-09 13:07:25', 0),
(2, 'filters', 'tareas', '2021-10-08 12:33:55', 0),
(3, 'deletes', 'oDatos,banco,caja,concepto_factura,tareas,proyectos,imputaciones,fta_soportadas,facturas,powerbi', '2021-10-11 12:20:15', 0),
(4, 'main_filter', 'proyectos', '2021-12-13 15:14:51', 0),
(5, 'guardar', 'nuevo,volver,continuar', '2021-12-15 09:28:55', 0),
(7, 'submenu', 'cuentabbva_8013,rol,configuracion,estado,prioridad,responsable,prioridad,usuarios,concepto_factura,conceptos,etiquetas,responsable,fact_presup,concepto_presupuesto,manual,tipo_caja,tipo_tarea', '2022-03-07 21:23:11', 0),
(8, 'login_code', '12345', '2023-08-24 09:40:58', 0);

-- --------------------------------------------------------

--
-- Estructura de tabla para la tabla `opland_contactos`
--

CREATE TABLE `opland_contactos` (
  `id` int(10) UNSIGNED NOT NULL,
  `nombre` varchar(255) NOT NULL COMMENT 'Nombre',
  `puesto` varchar(255) DEFAULT NULL COMMENT 'Puesto',
  `telefono` varchar(9) DEFAULT NULL COMMENT 'Teléfono',
  `mail` varchar(255) DEFAULT NULL COMMENT 'Mail',
  `id_clientes` int(11) DEFAULT NULL COMMENT 'id_clientes'
) ENGINE=InnoDB DEFAULT CHARSET=utf8mb4 COLLATE=utf8mb4_unicode_ci;

--
-- Volcado de datos para la tabla `opland_contactos`
--

INSERT INTO `opland_contactos` (`id`, `nombre`, `puesto`, `telefono`, `mail`, `id_clientes`) VALUES
(1, 'Adrián Hiebra', 'Propietario', '672467211', 'adrian.hiebra@gmail.com', 1),
(2, 'Alejandra', 'Propietaria', '646159275', 'alexquilis@hotmail.com', 4),
(3, 'Toni Gil', 'Propietario', '652053834', NULL, 3),
(4, 'Tienda Carnicería Gallega', 'Tienda', '658451986', NULL, 1),
(5, 'Santiago Ramón-Llin', 'Propietario', NULL, 'santi@vacationmarbella.com', 6),
(6, 'Pedro Juan Duro', 'Gerente', '661363001', 'pedrojuan.dugarse@gmail.com', 9),
(7, 'Marcelo Leal', 'Operario', '638167361', 'marcelo.dugarse@gmail.com', 9);

-- --------------------------------------------------------

--
-- Estructura de tabla para la tabla `opland_cuentabbva_8013`
--

CREATE TABLE `opland_cuentabbva_8013` (
  `id` int(10) UNSIGNED NOT NULL,
  `nombre` varchar(64) NOT NULL,
  `fecha_contable` date DEFAULT NULL COMMENT 'fecha_contable',
  `fecha_valor` date DEFAULT NULL COMMENT 'fecha_valor',
  `codigo` varchar(4) DEFAULT NULL COMMENT 'codigo',
  `concepto` varchar(255) NOT NULL COMMENT 'concepto',
  `observaciones` varchar(256) DEFAULT NULL COMMENT 'observaciones',
  `importe` decimal(8,2) DEFAULT NULL COMMENT 'importe',
  `saldo` decimal(8,2) DEFAULT NULL COMMENT 'saldo',
  `divisa` varchar(3) DEFAULT NULL COMMENT 'divisa',
  `oficina` varchar(4) DEFAULT NULL COMMENT 'oficina',
  `remesa` varchar(32) DEFAULT NULL COMMENT 'remesa',
  `createuser` bigint(20) DEFAULT NULL,
  `updateuser` bigint(20) DEFAULT NULL,
  `createdat` timestamp NOT NULL DEFAULT current_timestamp(),
  `updatedat` timestamp NOT NULL DEFAULT current_timestamp() ON UPDATE current_timestamp()
) ENGINE=InnoDB DEFAULT CHARSET=utf8mb4 COLLATE=utf8mb4_unicode_ci;

--
-- Volcado de datos para la tabla `opland_cuentabbva_8013`
--

INSERT INTO `opland_cuentabbva_8013` (`id`, `nombre`, `fecha_contable`, `fecha_valor`, `codigo`, `concepto`, `observaciones`, `importe`, `saldo`, `divisa`, `oficina`, `remesa`, `createuser`, `updateuser`, `createdat`, `updatedat`) VALUES
(26, 'Pago SRL 4Q2022', '2022-12-19', '2022-12-19', '0007', 'TRANSFERENCIAS                  ', 'SRM GESTIóN E INVERSIóN PATRIMONIAL', -459.00, 16059.29, 'EUR', '6051', '140000046696665799', NULL, NULL, '2022-12-29 12:27:53', '2022-12-29 12:32:05'),
(27, 'Bono Toni Gil Noviembre 22', '2022-11-09', '2022-11-09', '0009', 'INGRESO EN EFECTIVO             ', 'TONI GIL BONO', 339.00, 16518.29, 'EUR', '0509', NULL, NULL, NULL, '2022-12-29 12:27:53', '2022-12-29 12:33:03'),
(28, 'Devolución cambio administrador 22', '2022-10-28', '2022-10-28', '0007', 'TRANSFERENCIAS                  ', 'DEVOLUCION 2111-2022', 45.82, 16179.29, 'EUR', '7710', '140000045963126475', NULL, NULL, '2022-12-29 12:27:53', '2022-12-29 12:33:16'),
(29, 'Bono Toni Gil Octubre 22', '2022-10-18', '2022-10-18', '0009', 'INGRESO EN EFECTIVO             ', 'BONO TONI GIL', 339.00, 16133.47, 'EUR', '0509', NULL, NULL, NULL, '2022-12-29 12:27:53', '2022-12-29 12:32:55'),
(30, 'Pago Hosting a Pablo 22-23', '2022-10-17', '2022-10-17', '0007', 'TRANSFERENCIAS                  ', 'HOSTING', -81.57, 15794.47, 'EUR', '6051', '140000045825985304', NULL, NULL, '2022-12-29 12:27:53', '2022-12-29 12:33:49'),
(31, 'Cambio administrador 2022: notaría', '2022-10-17', '2022-10-17', '0007', 'TRANSFERENCIAS                  ', 'NOTARíA', -548.42, 15876.04, 'EUR', '6051', '140000045825547712', NULL, NULL, '2022-12-29 12:27:53', '2022-12-29 12:34:05'),
(32, 'Pago a Tomás por TV reuniones', '2022-10-03', '2022-10-03', '0007', 'TRANSFERENCIAS                  ', '100213888', 385.00, 16424.46, 'EUR', '7710', '140000045636891639', NULL, NULL, '2022-12-29 12:27:53', '2022-12-29 12:46:51'),
(33, 'Suplido: portatil', '2022-09-21', '2022-09-21', '0007', 'TRANSFERENCIAS                  ', 'PORTáTIL HUAWEI', -749.00, 16039.46, 'EUR', '6051', '140000045469630388', NULL, NULL, '2022-12-29 12:27:53', '2022-12-29 12:34:28'),
(34, 'PAGO FRA 2/2022', '2022-09-21', '2022-09-21', '0007', 'TRANSFERENCIAS                  ', 'Fra 2-2022', 3535.29, 16788.46, 'EUR', '7710', '140000045467752185', NULL, NULL, '2022-12-29 12:27:53', '2022-12-29 12:44:16'),
(35, 'Suplido: iphone', '2022-09-12', '2022-09-12', '0007', 'TRANSFERENCIAS                  ', 'IPHONE', -909.00, 13253.17, 'EUR', '6051', '140000045350192491', NULL, NULL, '2022-12-29 12:27:53', '2022-12-29 12:34:38'),
(36, 'Devolución TV reuniones', '2022-09-12', '2022-09-12', '0007', 'TRANSFERENCIAS                  ', 'OPLAND ZERO PAPER?100213888', -409.00, 14162.17, 'EUR', '6051', '140000045350021127', NULL, NULL, '2022-12-29 12:27:53', '2022-12-29 12:46:32'),
(37, 'PAGO FRA 5/2022', '2022-08-08', '2022-08-08', '0007', 'TRANSFERENCIAS                  ', 'IMPLANTACION PROGRAMA', 5118.28, 14571.17, 'EUR', '6051', '140000044902595129', NULL, NULL, '2022-12-29 12:27:53', '2022-12-29 12:45:37'),
(38, 'IVA 2Q2022', '2022-07-20', '2022-07-20', '0326', 'IMPUESTOS - TRIBUTOS            ', '3032075979466ZDZECELQ5', -3301.84, 9452.89, 'EUR', '7710', NULL, NULL, NULL, '2022-12-29 12:27:53', '2022-12-29 12:36:06'),
(39, 'IRPF 2Q2022', '2022-07-20', '2022-07-20', '0326', 'IMPUESTOS - TRIBUTOS            ', '1112075962636CCND4DW3G', -82.45, 12754.73, 'EUR', '7710', NULL, NULL, NULL, '2022-12-29 12:27:53', '2022-12-29 12:36:25'),
(40, 'COBRO FRAS 6/2022, 7/2022 Y S1/2022', '2022-07-15', '2022-07-14', '0007', 'TRANSFERENCIAS                  ', 'IMPLANTACION PROGRAMA', 3038.60, 12837.18, 'EUR', '6051', '140000044568453405', NULL, NULL, '2022-12-29 12:27:53', '2022-12-29 12:50:36'),
(41, 'PAGO FRA 22-06', '2022-06-28', '2022-06-28', '0007', 'TRANSFERENCIAS                  ', 'PAGO SUPLIDOS LA FRESHQUITA Y CONSTITUCIóN SOCIEDAD', -1108.77, 9798.58, 'EUR', '6051', '140000044302852201', NULL, NULL, '2022-12-29 12:27:53', '2022-12-29 12:48:13'),
(42, 'Devolución aportación inicial erónea Dopi', '2022-06-23', '2022-06-23', '0007', 'TRANSFERENCIAS                  ', 'DEVOLUCIN TRANSFERENCIA CAPITAL INICIAL DUPLICADA', -1000.00, 10907.35, 'EUR', '6051', '140000044255418764', NULL, NULL, '2022-12-29 12:27:53', '2022-12-29 12:37:33'),
(43, '0', '2022-06-17', '2022-06-17', '0007', 'TRANSFERENCIAS                  ', 'PAGO F/ 4/2022', 1936.00, 11907.35, 'EUR', '7710', '140000044179666814', NULL, NULL, '2022-12-29 12:27:53', '2022-12-29 12:27:53'),
(44, '0', '2022-06-09', '2022-06-09', '0007', 'TRANSFERENCIAS                  ', 'SOFTWARE NATUREFITNESS', 3333.55, 9971.35, 'EUR', '7013', '140000044073055477', NULL, NULL, '2022-12-29 12:27:53', '2022-12-29 12:27:53'),
(45, 'PAGO FRA 3/2022', '2022-06-06', '2022-06-06', '0007', 'TRANSFERENCIAS                  ', 'PAGO FRA 3/2022', 2637.80, 6637.80, 'EUR', '7710', '140000044029535135', NULL, NULL, '2022-12-29 12:27:53', '2022-12-29 12:35:36'),
(46, 'Capital Pelón', '2022-04-14', '2022-04-14', '0007', 'TRANSFERENCIAS                  ', 'CARLOS DE BERNARDO REMOLI - 4', 1000.00, 4000.00, 'EUR', '7710', '140000043354156479', NULL, NULL, '2022-12-29 12:27:53', '2022-12-29 12:35:14'),
(47, 'Capital Tomás', '2022-04-14', '2022-04-14', '0007', 'TRANSFERENCIAS                  ', 'TOMAS RODRIGUEZ ACOSTA 448662', 1000.00, 3000.00, 'EUR', '7710', '140000043354156478', NULL, NULL, '2022-12-29 12:27:53', '2022-12-29 12:35:10'),
(48, 'Capital Dopi', '2022-04-13', '2022-04-13', '0007', 'TRANSFERENCIAS                  ', 'Carlos Domingo 29199630A', 1000.00, 2000.00, 'EUR', '7710', '140000043344554201', NULL, NULL, '2022-12-29 12:27:53', '2022-12-29 12:35:03'),
(49, 'Aportación inicial errónea de Dopi', '2022-04-12', '2022-04-12', '0007', 'TRANSFERENCIAS', 'Start', 1000.00, 1000.00, 'EUR', '7710', '140000043333920388', NULL, 11, '2022-12-29 12:27:53', '2022-12-29 12:31:28');

-- --------------------------------------------------------

--
-- Estructura de tabla para la tabla `opland_estado`
--

CREATE TABLE `opland_estado` (
  `id` int(11) NOT NULL,
  `nombre` varchar(32) NOT NULL
) ENGINE=InnoDB DEFAULT CHARSET=utf8mb4 COLLATE=utf8mb4_unicode_ci;

--
-- Volcado de datos para la tabla `opland_estado`
--

INSERT INTO `opland_estado` (`id`, `nombre`) VALUES
(1, 'Pendiente'),
(2, 'En proceso'),
(3, 'Finalizado'),
(4, 'Anulada'),
(5, 'A futuro'),
(6, 'Nueva'),
(7, 'Validada'),
(8, 'Reabierta');

-- --------------------------------------------------------

--
-- Estructura de tabla para la tabla `opland_etiquetas`
--

CREATE TABLE `opland_etiquetas` (
  `id` int(11) NOT NULL,
  `nombre` varchar(64) NOT NULL
) ENGINE=InnoDB DEFAULT CHARSET=utf8mb4 COLLATE=utf8mb4_unicode_ci;

--
-- Volcado de datos para la tabla `opland_etiquetas`
--

INSERT INTO `opland_etiquetas` (`id`, `nombre`) VALUES
(1, 'casa'),
(4, 'chimenea'),
(14, 'choza'),
(2, 'coche'),
(16, 'Cuadro de mandos'),
(11, 'enciclopedia'),
(7, 'escafandra'),
(10, 'estupendo'),
(13, 'Opland'),
(12, 'proyecto'),
(15, 'prueba'),
(5, 'pulga'),
(9, 'tutoria');

-- --------------------------------------------------------

--
-- Estructura de tabla para la tabla `opland_facturas`
--

CREATE TABLE `opland_facturas` (
  `id` int(10) UNSIGNED NOT NULL,
  `nombre` varchar(86) NOT NULL COMMENT 'nombre',
  `num_fact` varchar(8) NOT NULL COMMENT 'num_fact|hide',
  `descripcion` varchar(75) NOT NULL COMMENT 'descripcion|hide',
  `fecha_emision` date DEFAULT NULL COMMENT 'fecha_emision',
  `id_clientes` int(11) DEFAULT NULL COMMENT 'Cliente',
  `dtototae` decimal(8,2) DEFAULT NULL COMMENT 'DtoTotalE|hide',
  `dtototalporc` int(11) DEFAULT NULL COMMENT 'DtoTotalPorc|hide',
  `file_documento` varchar(512) DEFAULT NULL COMMENT 'Documento',
  `IVA` int(11) DEFAULT 21 COMMENT 'IVA %|hide',
  `id_proyectos` int(11) DEFAULT NULL COMMENT 'id_proyectos',
  `base_imponible` decimal(8,2) DEFAULT NULL COMMENT 'base_imponible',
  `total_a_pagar` decimal(8,2) DEFAULT NULL COMMENT 'total a pagar|calc',
  `incobrable` smallint(6) DEFAULT 0 COMMENT 'incobrable',
  `deleted` smallint(6) DEFAULT 0 COMMENT 'deleted',
  `createuser` int(11) DEFAULT NULL,
  `updateuser` int(11) DEFAULT NULL,
  `createdat` datetime DEFAULT NULL,
  `updatedat` datetime DEFAULT NULL
) ENGINE=InnoDB DEFAULT CHARSET=utf8mb4 COLLATE=utf8mb4_unicode_ci;

--
-- Volcado de datos para la tabla `opland_facturas`
--

INSERT INTO `opland_facturas` (`id`, `nombre`, `num_fact`, `descripcion`, `fecha_emision`, `id_clientes`, `dtototae`, `dtototalporc`, `file_documento`, `IVA`, `id_proyectos`, `base_imponible`, `total_a_pagar`, `incobrable`, `deleted`, `createuser`, `updateuser`, `createdat`, `updatedat`) VALUES
(1, '01/2022 - Desarrollo aplicación y cuadro de mandos', '1/2022', 'Desarrollo aplicación y cuadro de mandos', '2022-06-02', 3, 0.00, 0, 'opland/facturas/w1YATiw6F4r0o4QUotYgJzwiC1GxuAZi2Drrzfpw.pdf', 21, 1, 2755.00, 3333.55, 0, 1, NULL, 11, NULL, '2024-11-04 20:00:04'),
(2, '02/2022 - Desarrollo de módulos aplicación: fichaje, tareas, ausencias y nóminas', '2/2022', 'Desarrollo de módulos aplicación: fichaje, tareas, ausencias y nóminas', '2022-06-02', 6, 0.00, NULL, 'opland/facturas/QdFzsi8W6hlkvH3ozyD7KIa580WMJhIIAnkbGNXU.pdf', 21, 3, 2921.73, 3535.29, 0, 1, NULL, 11, NULL, '2024-11-04 20:00:49'),
(3, '03/2022 - Implantación ERP Diakros', '3/2022', 'Implantación ERP Diakros', '2022-06-02', 1, 0.00, NULL, 'opland/facturas/TLKaVonthz30lCNmlQMWTURQvC9iTeS8bphQOOEZ.pdf', 21, 5, 2180.00, 2637.80, 0, 1, NULL, 11, NULL, '2024-11-04 20:01:24'),
(4, '04/2022 - Cuadros de mandos DGT y liquidaciones', '4/2022', 'Cuadros de mandos DGT y liquidaciones', '2022-06-02', 2, 0.00, NULL, 'opland/facturas/9QNvny7KzzWMkJBPezKPjzS9qd4alNPnfNjSVIE3.pdf', 21, 15, 1600.00, 1936.00, 0, 1, NULL, 11, NULL, '2024-11-04 19:53:25'),
(5, '05/2022 - Puesta en marcha de ERP', '5/2022', 'Puesta en marcha de ERP', '2022-06-13', 4, 0.00, NULL, 'opland/facturas/6No7pW80UrthwZ1sScvnrT2DQFsLfecjbmGT28PR.pdf', 21, 10, 4229.98, 5118.28, 0, 1, NULL, 11, NULL, '2024-11-04 20:01:59'),
(8, 'S1/2022 - Suplidos puesta en marcha', 'S1/2022', 'Suplidos puesta en marcha', '2022-06-13', 4, 0.00, NULL, 'opland/facturas/LGuRViR90XUKtKkbgLNR1WpCyS14BCAgeL8MBVH3.pdf', 21, 10, 430.76, 521.22, 1, 1, NULL, NULL, NULL, NULL),
(9, '06/2022 - Trabajos auxiliares', '6/2022', 'Trabajos auxiliares', '2022-06-13', 4, 0.00, NULL, 'opland/facturas/fPaCdMupPAIJunKNCIj8SZTXFsSHFE9PM7kee6Um.pdf', 21, 10, 655.24, 792.84, 0, 1, NULL, NULL, NULL, NULL),
(10, '07/2022 - Primera entrega del cuadro de mandos', '7/2022', 'Primera entrega del cuadro de mandos', '2022-06-13', 4, 0.00, NULL, 'opland/facturas/0sBh95xtHlSUym9ug7DSXxk0fEaBfEZnjgRoCs6F.pdf', 21, 10, 1500.00, 1815.00, 0, 1, NULL, NULL, NULL, NULL),
(11, '08/2022 - Bono técnico', '8/2022', 'Bono técnico', '2022-10-18', 3, 0.00, NULL, 'opland/facturas/ExHFs2AQf4581x6xjS92ge9zQDOGCFjhNLNG6fMA.pdf', 21, 1, 280.00, 338.80, 0, 1, NULL, NULL, NULL, NULL),
(12, '09/2022 - Bono técnico', '9/2022', 'Bono técnico', '2022-11-15', 3, 0.00, NULL, 'opland/facturas/2m3SBfuhzppcu6JYg8gFeUxoKy7UZepUPQxkSaLX.pdf', 21, 1, 280.00, 338.80, 0, 1, NULL, NULL, NULL, NULL),
(13, 'AA1/2022 - Abono suplidos por error en facturación', 'AA1/2022', 'Abono suplidos por error en facturación', '2022-12-31', 4, 0.00, NULL, 'opland/facturas/SmYblbS4W6Xyt9MlJQlcbaxPW8IpMMbfnyTpVFdd.pdf', 21, 10, -430.76, -521.22, 1, 1, NULL, NULL, NULL, NULL),
(14, '01/2023 - Cuotas de mantenimiento 1er trimestre', '01/2023', 'Cuotas de mantenimiento 1er trimestre', '2023-02-14', 3, 0.00, NULL, 'opland/facturas/OStHXPpVvDf5FKH8kyIoGLltETmyXItqb9Sye5ri.pdf', 21, 1, 90.00, 108.90, 0, 1, NULL, NULL, NULL, NULL),
(15, '04/2023 - Cuotas de mantenimiento 1er trimestre', '04/2023', 'Cuotas de mantenimiento 1er trimestre', '2023-03-24', 6, 0.00, NULL, 'opland/facturas/Yu2SSZcsaqf0vO2eAawroJtvKhcDHVWSGhf4EJNK.pdf', 21, 3, 237.00, 286.77, 0, 1, NULL, NULL, NULL, NULL),
(16, '02/2023 - Implantación ERP en tienda 2', '02/2023', 'Implantación ERP en tienda 2', '2023-02-14', 4, 0.00, NULL, 'opland/facturas/MSTt4pcDjQtNn4yYJaQcA23QckqFnDnvpYihrD09.pdf', 21, 18, 1740.00, 2105.40, 0, 1, NULL, 11, NULL, '2024-11-04 20:02:37'),
(17, '03/2023 - Trabajos adaptación de datos', '03/2023', 'Trabajos adaptación de datos', '2023-02-14', 4, 0.00, NULL, 'opland/facturas/moWGfZ1kpto1b3EtMT7OF5bvpZl12c6B7d0DDf8e.pdf', 21, 18, 910.00, 1101.10, 0, 1, NULL, 11, NULL, '2024-11-04 20:02:52'),
(18, '05/2023 - Desarrollos nuevas peticiones', '05/2023', 'Desarrollos nuevas peticiones', '2023-03-24', 6, 0.00, NULL, 'opland/facturas/imA4Ea9ueNJUcxJf4NsE1ImKAy0WodjFafstpzdj.pdf', 21, 3, 717.50, 868.18, 1, 1, NULL, NULL, NULL, NULL),
(23, '06/2023 - Trabajos post-implantación', '06/2023', 'Trabajos post-implantación', '2023-03-24', 4, 0.00, NULL, 'opland/facturas/Q6UsNi6yUlHV1iEJSIzoFYIk7gZwWmHjnOULGlnf.pdf', 21, 18, 131.25, 158.81, 0, 1, NULL, NULL, NULL, NULL),
(24, '07/2023 - Cuadro de mandos DGT/AEOL', '07/2023', 'Cuadro de mandos DGT/AEOL', '2023-03-24', 2, 0.00, NULL, 'opland/facturas/2q8yA2ClfN5d6iuKj6yLPDPKhbFYY85s1IPERMFj.pdf', 21, 16, 1500.00, 1815.00, 0, 1, NULL, NULL, NULL, NULL),
(25, '08/2023 - Cuotas de mantenimiento 2do trimestre', '08/2023', 'Cuotas de mantenimiento 2do trimestre', '2023-05-08', 3, 0.00, NULL, 'opland/facturas/yNXPfne9vIjkL0FWzfEZRTEyNpQghInIWG3naAgV.pdf', 21, 1, 90.00, 108.90, 0, 1, NULL, NULL, NULL, NULL),
(26, '09/2023 - Cuotas de mantenimiento 2do trimestre', '09/2023', 'Cuotas de mantenimiento 2do trimestre', '2023-05-08', 6, 0.00, NULL, 'opland/facturas/IXZxV370HPiuhefGCvuple37In73KtYx8m7mkZ5n.pdf', 21, 3, 95.40, 115.43, 0, 1, NULL, NULL, NULL, NULL),
(27, 'AA23/01 - Abono por error en plazo de facturación', 'AA23/01', 'Abono por error en plazo de facturación', '2023-03-31', 6, 0.00, NULL, 'opland/facturas/1j9fWoiAIDiw4D4xE6ONShifTAMS3SV2hm38qlkk.pdf', 21, 3, -717.50, -868.18, 1, 1, NULL, NULL, NULL, NULL),
(28, '10/2023 - Trabajos de abril', '10/2023', 'Trabajos de abril', '2023-05-08', 4, 0.00, NULL, 'opland/facturas/3XOhO5vbYphoULTBvzQX8GphUanPWcG3YKhqmJhr.pdf', 21, 18, 533.75, 645.84, 0, 1, NULL, NULL, NULL, NULL),
(31, '11/2023 - Trabajos de mayo', '11/2023', 'Trabajos de mayo', '2023-06-01', 4, 0.00, NULL, 'opland/facturas/WTSdiX4XOgDDlNqtfYzKLE1NC3TGMhbQfbQFNezw.pdf', 21, 18, 157.50, 190.58, 0, 1, NULL, NULL, NULL, NULL),
(32, '12/2023 - Trabajos de junio', '12/2023', 'Trabajos de junio', '2023-07-05', 4, 0.00, NULL, 'opland/facturas/5yjVQ2rUvKrwDKBwBymwnT6lTE3S67iNsrrTrAz5.pdf', 21, 18, 131.25, 158.81, 0, 1, NULL, 11, NULL, '2024-12-02 19:17:22'),
(33, '13/2023 - Cuotas de mantenimiento 3er trimestre', '13/2023', 'Cuotas de mantenimiento 3er trimestre', '2023-07-05', 3, 0.00, NULL, 'opland/facturas/fERd89yu3c3TxhvSnzxxrClNpPSP4v7A4kT05HSa.pdf', 21, 1, 90.00, 108.90, 0, 1, NULL, NULL, NULL, NULL),
(34, '14/2023 - Cuotas de mantenimiento 3er trimestre', '14/2023', 'Cuotas de mantenimiento 3er trimestre', '2023-07-05', 6, 0.00, NULL, 'opland/facturas/bTFLQDv2amJ6HPalr9QSQ7CJKJ8qA7dq67mglHmW.pdf', 21, 3, 95.40, 115.43, 0, 1, NULL, NULL, NULL, NULL),
(35, '15/2023 - Trabajos backoffice: 7-12 de agosto', '15/2023', 'Trabajos backoffice: 7-12 de agosto', '2023-08-12', 4, 0.00, 0, 'opland/facturas/ycbCR60TCBz8b76Caieg1V0LvHek3BWIjmzgsvai.pdf', 21, 19, 350.00, 423.50, 0, 1, NULL, 11, NULL, '2024-12-02 19:03:47'),
(36, '16/2023 - Trabajos backoffice: 14-20 de agosto', '16/2023', 'Trabajos backoffice: 14-20 de agosto', '2023-08-22', 4, 0.00, NULL, 'opland/facturas/paj4WNFF8ln3pncJox3oXqN3neSlkURvdJn4Nild.pdf', 21, 19, 280.00, 338.80, 0, 1, NULL, NULL, NULL, NULL),
(39, '17/2023 - Trabajos backoffice: 21-27 de agosto', '17/2023', 'Trabajos backoffice: 21-27 de agosto', '2023-08-29', 4, 0.00, NULL, 'opland/facturas/dg8IZG9IRKN6PuHzq5M1iZOunK88htN66pcEi87x.pdf', 21, 19, 280.00, 338.80, 0, 1, NULL, NULL, NULL, NULL),
(43, '18/2023 - Trabajos backoffice: 28-agosto/3-septimbre', '18/2023', 'Trabajos backoffice: 28-agosto/3-septimbre', '2023-09-03', 4, 0.00, NULL, 'opland/facturas/GnzqjBAGp1sX0K984lyLpyw02b7XOIrPDpFbYDEl.pdf', 21, 19, 280.00, 338.80, 0, 1, NULL, NULL, NULL, NULL),
(45, '19/2023 - Trabajos backoffice: 4-10 septiembre', '19/2023', 'Trabajos backoffice: 4-10 septiembre', '2023-09-09', 4, 0.00, NULL, 'opland/facturas/S2XCbJhUNdXV5vedK3mEOr9IEu337qEHhXIGkRez.pdf', 21, 19, 280.00, 338.80, 0, 1, NULL, NULL, NULL, NULL),
(46, '20/2023 - Trabajos backoffice: 11-17 septiembre', '20/2023', 'Trabajos backoffice: 11-17 septiembre', '2023-09-18', 4, 0.00, NULL, 'opland/facturas/kk5BcQuraN9QmMhUEZ41yI1WgLs0Oi1Z1BdueFt3.pdf', 21, 19, 280.00, 338.80, 0, 1, NULL, NULL, NULL, NULL),
(47, '21/2023 - Trabajos backoffice: 18-24 septiembre', '21/2023', 'Trabajos backoffice: 18-24 septiembre', '2023-09-25', 4, 0.00, NULL, 'opland/facturas/mLU72FM6YD7sHO6pDRm4AhAKRAKhnNzUgVUHaabX.pdf', 21, 19, 280.00, 338.80, 0, 1, NULL, NULL, NULL, NULL),
(48, '22/2023 - Trabajos backoffice: 25-30 septiembre', '22/2023', 'Trabajos backoffice: 25-30 septiembre', '2023-09-30', 4, 0.00, NULL, 'opland/facturas/kwuIcaWcsedM8JUF8JHKrJxg9kGxrHSetkd38WOs.pdf', 21, 19, 280.00, 338.80, 0, 1, NULL, NULL, NULL, NULL),
(49, '23/2023 - Trabajos backoffice: 01-08 octubre', '23/2023', 'Trabajos backoffice: 01-08 octubre', '2023-10-09', 4, 0.00, NULL, 'opland/facturas/sb8gQGKpatUEPtd4D3eSXHcnDTtkMNaQKbMmjWWd.pdf', 21, 19, 280.00, 338.80, 0, 1, NULL, NULL, NULL, NULL),
(50, '24/2023 - Cuotas de mantenimiento 4er trimestre', '24/2023', 'Cuotas de mantenimiento 4er trimestre', '2023-10-10', 3, 0.00, NULL, 'opland/facturas/vBY7KbhFjrdS9v7HoeiBesWY39SpV5PTd7Mcd8JJ.pdf', 21, 1, 90.00, 108.90, 0, 1, NULL, NULL, NULL, NULL),
(51, '25/2023 - Cuotas de mantenimiento 4er trimestre', '25/2023', 'Cuotas de mantenimiento 4er trimestre', '2023-10-10', 6, 0.00, NULL, 'opland/facturas/9Om9C5S4KyBbSvxE97Y8MN1V77cG46cWr6HsW3FU.pdf', 21, 3, 95.40, 115.43, 0, 1, NULL, NULL, NULL, NULL),
(60, '26/2023 - Trabajos backoffice: 09-15 octubre', '26/2023', 'Trabajos backoffice: 09-15 octubre', '2023-10-17', 4, 0.00, NULL, 'opland/facturas/6SZIdR5wTvbEcdbugAiRQfXSgwknsHKfQZjEBUqV.pdf', 21, 19, 280.00, 338.80, 0, 1, NULL, NULL, NULL, NULL),
(61, '27/2023 - Trabajos backoffice: 16-22 octubre', '27/2023', 'Trabajos backoffice: 16-22 octubre', '2023-10-23', 4, 0.00, NULL, 'opland/facturas/NhtFN0XmUdr2GOcwxFvLUhWE80c7wRmJH4q82iSH.pdf', 21, 19, 280.00, 338.80, 0, 1, NULL, NULL, NULL, NULL),
(62, '28/2023 - Trabajos backoffice: 23-29 octubre', '28/2023', 'Trabajos backoffice: 23-29 octubre', '2023-10-30', 4, 0.00, NULL, 'opland/facturas/sGTQWg8vH2eqeHNV1RHGyWiZiuJDemDglaQYxtJ4.pdf', 21, 19, 280.00, 338.80, 0, 1, NULL, NULL, NULL, NULL),
(67, '29/2023 - Trabajos backoffice: 30 octubre - 4 noviembre', '29/2023', 'Trabajos backoffice: 30 octubre - 4 noviembre', '2023-11-06', 4, 0.00, NULL, 'opland/facturas/tIwxLgX94recMFPRdSKLEac2Fk8bw02K6Il2LUib.pdf', 21, 19, 280.00, 338.80, 0, 1, NULL, NULL, NULL, NULL),
(68, '30/2023 - Trabajos backoffice: 5-12 noviembre', '30/2023', 'Trabajos backoffice: 5-12 noviembre', '2023-11-13', 4, 0.00, NULL, 'opland/facturas/11KpKrWedbFtefXEnNG6Q5mqgLxEHxmb1RrvGqHO.pdf', 21, 19, 280.00, 338.80, 0, 1, NULL, NULL, NULL, NULL),
(69, '31/2023 - Trabajos backoffice: 13-19 noviembre', '31/2023', 'Trabajos backoffice: 13-19 noviembre', '2023-11-20', 4, 0.00, NULL, 'opland/facturas/YwGhBUk30xEGHh22ib6Jz26bNdP2ygmqHCY8MOhJ.pdf', 21, 19, 280.00, 338.80, 0, 1, NULL, NULL, NULL, NULL),
(70, '32/2023 - Trabajos backoffice: 20-26 noviembre', '32/2023', 'Trabajos backoffice: 20-26 noviembre', '2023-11-27', 4, 0.00, NULL, 'opland/facturas/Gm6SwWvCVx0sTzLjAZ2Vyw1CNHY177L0NghO09Z2.pdf', 21, 19, 280.00, 338.80, 0, 1, NULL, NULL, NULL, NULL),
(71, '33/2023 - Trabajos backoffice: 27 nov - 03 dic', '33/2023', 'Trabajos backoffice: 27 nov - 03 dic', '2023-12-04', 4, 0.00, NULL, 'opland/facturas/dqz9daZIhovlWrBjnCmOref6Dg69FyzCJh2VocxE.pdf', 21, 19, 280.00, 338.80, 0, 1, NULL, NULL, NULL, NULL),
(72, '34/2023 - Trabajos backoffice: 04-10 diciembre', '34/2023', 'Trabajos backoffice: 04-10 diciembre', '2023-12-11', 4, 0.00, NULL, 'opland/facturas/zgQGWVPqOW4XZDRmNkBhYODgENWGZweYA3vwdJwn.pdf', 21, 19, 280.00, 338.80, 0, 1, NULL, NULL, NULL, NULL),
(73, '35/2023 - Trabajos backoffice: 11-17 diciembre', '35/2023', 'Trabajos backoffice: 11-17 diciembre', '2023-12-18', 4, 0.00, NULL, 'opland/facturas/FFSXnvBJE3ReYL6fCD7vVNHeLOffAxRgY87c5nWr.pdf', 21, 19, 280.00, 338.80, 0, 1, NULL, NULL, NULL, NULL),
(74, '36/2023 - Trabajos backoffice: 18-25 diciembre', '36/2023', 'Trabajos backoffice: 18-25 diciembre', '2023-12-26', 4, 0.00, NULL, 'opland/facturas/2U1ILrqfnNI7WNkLDYjPLpCyXAVtAwHTok11AZHZ.pdf', 21, 19, 280.00, 338.80, 0, 1, NULL, NULL, NULL, NULL),
(75, '38/2023 - Trabajos backoffice: 25 - 31 diciembre', '38/2023', 'Trabajos backoffice: 25 - 31 diciembre', '2023-12-31', 4, 0.00, NULL, 'opland/facturas/2U1ILrqfnNI7WNkLDYjPLpCyXAVtAwHTok11AZHZ.pdf', 21, 19, 280.00, 338.80, 0, 1, NULL, NULL, NULL, NULL),
(76, '37/2023 - Implantación Opland para administración y cuadro de mandos', '37/2023', 'Implantación Opland para administración y cuadro de mandos', '2023-12-26', 11, 0.00, NULL, 'opland/facturas/gHo7WZsxp13l40KHypTIxcZdtO2vEri76WtKUPww.pdf', 21, 21, 2160.00, 2613.60, 0, 1, NULL, NULL, NULL, NULL),
(77, '2024/01 - Trabajos backoffice: 01-07 enero', '2024/01', 'Trabajos backoffice: 01-07 enero', '2024-01-10', 4, 0.00, NULL, 'opland/facturas/27jBy7mvnfyFQ2d4bmL0ItiIF9C87ECBPk7P9NT9.pdf', 21, 19, 280.00, 338.80, 0, 1, NULL, NULL, NULL, NULL),
(78, '2024/02 - Trabajos backoffice: 08-14 enero', '2024/02', 'Trabajos backoffice: 08-14 enero', '2024-01-16', 4, 0.00, NULL, 'opland/facturas/yN7inblenerV0co1qgkWkT520VO6XfpFQwuu8lgO.pdf', 21, 19, 280.00, 338.80, 0, 1, NULL, NULL, NULL, NULL),
(79, '2024/03 - Trabajos backoffice: 15-21 enero', '2024/03', 'Trabajos backoffice: 15-21 enero', '2024-01-22', 4, 0.00, NULL, 'opland/facturas/OUIrXViehDVPsOjNTnt9jF6SOCbtiHYf4l3bR0EH.pdf', 21, 19, 280.00, 338.80, 0, 1, NULL, NULL, NULL, NULL),
(81, '2024/05 - Cuota de mantenimiento 1er trimestre NF', '2024/05', 'Cuota de mantenimiento 1er trimestre NF', '2024-01-29', 3, 0.00, NULL, 'opland/facturas/r8NTUDf2KbGhFTVJaokRR0RozRqHhlfhX4WfqMqu.pdf', 21, 1, 90.00, 108.90, 0, 1, NULL, NULL, NULL, NULL),
(82, '2024/04 - Cuota de mantenimiento 1er trimestre VM', '2024/04', 'Cuota de mantenimiento 1er trimestre VM', '2024-01-29', 6, 0.00, NULL, 'opland/facturas/orfaqK343laaT9Gq1cFDVs85NSdXoThVaqYOKj4j.pdf', 21, 3, 95.40, 115.43, 0, 1, NULL, NULL, NULL, NULL),
(83, '2024/06 - Trabajos backoffice: 22-28 enero', '2024/06', 'Trabajos backoffice: 22-28 enero', '2024-01-29', 4, 0.00, NULL, 'opland/facturas/sOcCrq9U193TPep1GkLY2muplGSFKRhaYDkT7yE1.pdf', 21, 19, 280.00, 338.80, 0, 1, NULL, NULL, NULL, NULL),
(84, '2024/07 - Cuota de mantenimiento 1er trimestre GB2E', '2024/07', 'Cuota de mantenimiento 1er trimestre GB2E', '2024-02-07', 11, 0.00, NULL, 'opland/facturas/UH4vscQcE6UXGSLVfic9c4pPOrspKahfxAGDaCh8.pdf', 21, 21, 180.00, 217.80, 0, 1, NULL, NULL, NULL, NULL),
(85, '2024/08 - Cuota de mantenimiento 2er trimestre VM + desarrollo personalizado', '2024/08', 'Cuota de mantenimiento 2do trimestre VM + desarrollo personalizado', '2024-04-23', 6, 0.00, NULL, 'opland/facturas/ad9NjPkUL9eiy2DVpZQKvqCtBmr6uHmpT1COIQwh.pdf', 21, 3, 296.00, 358.16, 0, 1, NULL, 11, NULL, '2024-11-04 15:38:49'),
(86, '2024/09 - Cuota de mantenimiento 2do trimestre NF', '2024/09', 'Cuota de mantenimiento 2do trimestre NF', '2024-04-23', 3, 0.00, NULL, 'opland/facturas/6EJlaagEw6iOL9g8aBm2eFIY3VpUGzuAnz6205UF.pdf', 21, 1, 90.00, 108.90, 0, 1, NULL, 11, NULL, '2024-11-04 15:42:54'),
(88, '2024/11 - Cuota de mantenimiento 2do trimestre GB2E', '2024/11', 'Cuota de mantenimiento 2do trimestre GB2E', '2024-04-23', 11, 0.00, NULL, 'opland/facturas/cc4TLh7MlLGiXTyR96q20MWMeXFYMWccqEWh70rz.pdf', 21, 21, 180.00, 217.80, 0, 1, NULL, NULL, NULL, NULL),
(89, '2024/12 - Implantación Opland rrhh y tareas', '2024/12', 'Implantación Opland rrhh y tareas', '2024-04-24', 12, 0.00, NULL, 'opland/facturas/3JUvul4gn2j8VyT5kUlo0hO0BgLulvztiKfExMyS.pdf', 21, 22, 560.00, 677.60, 0, 1, NULL, 11, NULL, '2024-09-18 17:03:45'),
(90, '2024/10 - Cuota de mantenimiento 2do trimestre AllService', '2024/10', 'Cuota de mantenimiento 2do trimestre AllService', '2024-04-23', 12, 0.00, NULL, 'opland/facturas/nyyWg6ZLV4BRYof6taDmvCNemzK1JO5jSICSIjdf.pdf', 21, 22, 165.00, 199.65, 0, 1, NULL, 11, NULL, '2024-11-04 15:38:33'),
(113, '2024/14 - Cuota de mantenimiento 3er trimestre VM', '2024/14', 'Cuota de mantenimiento 3er trimestre VM', '2024-09-19', 6, 0.00, NULL, 'opland/facturas/ozrGhDJQq6MaCWnC5nAor0cf0s0tTRCV39EaGc3z.pdf', 21, 3, 201.00, 243.21, 0, 1, NULL, 11, NULL, '2024-11-04 15:34:17'),
(114, '2024/15 - Cuota de mantenimiento 3er trimestre NF', '2024/15', 'Cuota de mantenimiento 3er trimestre NF', '2024-09-19', 3, 0.00, NULL, 'opland/facturas/RhQIWrz9MEjYpyhRPRTiLGzxUCvP6QoIfvnVqMJE.pdf', 21, 1, 90.00, 108.90, 0, 1, NULL, 11, NULL, '2024-11-04 15:27:24'),
(115, '2024/16 - Cuota de mantenimiento 3er trimestre GB2E', '2024/16', 'Cuota de mantenimiento 3er trimestre GB2E', '2024-09-19', 11, 0.00, NULL, 'opland/facturas/bUZZT5MBZQg25QVtAPdApeaps6UTkncrLfIS3SgG.pdf', 21, 21, 180.00, 217.80, 0, 1, NULL, 11, NULL, '2024-11-04 15:33:02'),
(117, '2024/13 - Cuota de mantenimiento 3er trimestre AllService', '2024/13', 'Cuota de mantenimiento 3er trimestre AllService', '2024-07-04', 12, 0.00, NULL, 'opland/facturas/5GRQW4i2UMfb9qaQSqnuGlXGLDZadu60VSsHJbkU.pdf', 21, 22, 165.00, 199.65, 0, 1, NULL, 11, NULL, '2024-11-04 15:39:05'),
(118, '2024/17 - Desarrollo de informes de tiempos', '2024/17', 'Desarrollo de informes de tiempos', '2024-09-19', 12, 0.00, NULL, 'opland/facturas/xQEeeC3mAvtZZwZe43UgfIb1OVUhXUBvvrKoAeZY.pdf', 21, 22, 135.00, 163.35, 0, 1, 11, 11, '2024-07-19 13:08:48', '2024-11-04 15:39:12'),
(119, '2024/21 - Cuota 4to trimestre VM + Cuadro de mandos \"Laboral\"', '2024/21', 'Cuota de 4to trimestre VM + Cuadro de mandos \"Laboral\"', '2024-11-04', 6, 0.00, NULL, 'opland/facturas/2zDP1wS0CPyY6RYA6fZ3AVUmPiUAmpCd1BQfN2a1.pdf', 21, 3, 401.00, 485.21, 0, 1, NULL, 11, NULL, '2024-10-31 06:06:21'),
(120, '2024/22 - Cuota de mantenimiento 4to trimestre NF', '2024/22', 'Cuota de mantenimiento 4to trimestre NF', '2024-11-04', 3, 0.00, NULL, 'opland/facturas/1NoYQUgCGMEt847eYM76VKSZ02uYWFhKVBxS5nIu.pdf', 21, 1, 90.00, 108.90, 0, 1, NULL, 11, NULL, '2024-11-04 12:42:10'),
(121, '2024/20 - Cuota de mantenimiento 4to trimestre GB2E', '2024/20', 'Cuota de mantenimiento 4to trimestre GB2E', '2024-11-04', 11, 0.00, NULL, 'opland/facturas/GO0ItJiRnaHb2Bgz5gFERXmkWuQNN3aQxkfYGFgO.pdf', 21, 21, 180.00, 217.80, 0, 1, NULL, 11, NULL, '2024-10-30 06:38:51'),
(122, '2024/19 - Cuota de mantenimiento 4to trimestre AllService', '2024/19', 'Cuota de mantenimiento 4to trimestre AllService', '2024-11-04', 12, 0.00, NULL, 'opland/facturas/jyQf4eqe6rUf0FQXJULVIpnhEWV6nIovWOK94YzT.pdf', 21, 22, 165.00, 199.65, 0, 1, NULL, 11, NULL, '2024-11-21 10:33:48'),
(123, '2024/18 - Modificación cuadro de mandos', '2024/18', 'Modificación cuadro de mandos', '2024-09-19', 6, 0.00, NULL, 'opland/facturas/CcpDQeDwucvr1ltvKf4n0gMqIsvQi7EVLI2uVOXq.pdf', 21, 3, 200.00, 242.00, 0, 1, NULL, 11, NULL, '2024-11-04 15:39:19'),
(124, '2024/23 - Fichajes días festivos', '2024/23', 'Fichajes días festivos', '2024-11-07', 6, 0.00, NULL, 'opland/facturas/uedTNHPeZ1tUWu3yT1ZSPysgIKWA1kcDVS4B2wFu.pdf', 21, 3, 80.00, 96.80, 0, 1, 11, 11, '2024-11-06 11:38:48', '2024-11-06 11:46:51'),
(126, '2024/24 - Abono mantenimiento 4to trimestre AllService', '2024/24', 'Abono  mantenimiento 4to trimestre AllService', '2024-11-10', 12, 0.00, NULL, 'opland/facturas/UPOoXbdCGhmhc9dBN9mgQOMmdzjXKIDc4xmCQqgc.pdf', 21, 22, -110.00, -133.10, 0, 1, NULL, 11, NULL, '2024-11-25 10:57:36'),
(128, '2025/02 - Cuota de mantenimiento anual NF', '2025/02', 'Cuota de mantenimiento anual NF', '2025-12-03', 3, 0.00, NULL, 'opland/facturas/nBH2OHThWD1tazXQ50n63bJMKKqLrHeN7cTb9FLw.pdf', 21, 1, 494.00, 597.74, 0, 1, NULL, 11, NULL, '2025-12-03 11:48:16'),
(129, '2025/01 - Cuota de mantenimiento anual VM', '2025/01', 'Cuota de mantenimiento anual VM', '2025-12-03', 6, 0.00, NULL, 'opland/facturas/QNZP6h3dNHQzNOzvS43AcNfzSaeGrYJEk2wPsgqU.pdf', 21, 3, 1061.00, 1283.81, 0, 1, NULL, 11, NULL, '2025-12-03 11:48:05'),
(130, '2025/03 - Cuota de mantenimiento anual ME', '2025/03', 'Cuota de mantenimiento anual ME', '2025-12-03', 14, 0.00, NULL, 'opland/facturas/UeAijXVf24SEaJEbKb28olmKSiCdGeo18zaqCorM.pdf', 21, 24, 100.00, 121.00, 0, 1, NULL, 11, NULL, '2025-12-03 11:49:16'),
(131, '2026/01 - Prestación servicios para gestión de acuerdo KIT DIGITAL', '2026/01', 'Prestación servicios para gestión de acuerdo KIT DIGITAL', '2026-01-08', 15, 0.00, NULL, 'opland/facturas/7Gd1ZtDoLzmza1BbGZtzPMuJd5PDpT0UbTfHX440.pdf', 21, 25, 6320.00, 7647.20, 0, 0, 11, 11, '2025-11-06 07:58:43', '2026-01-08 16:52:40'),
(133, '2026/02 - Fichaje con control horario y localización', '2026/02', 'Fichaje con control horario y localización', '2026-02-24', 14, 0.00, NULL, 'opland/facturas/u1EVHWt3zh8yonuZCUt8JecgDYVPFnfHx4CIP8Tj.pdf', 21, 3, 300.00, 363.00, 0, 0, NULL, 11, NULL, '2026-02-27 08:17:24'),
(134, '2026/03 - Reconexión a 2 bbdd y pantalla de \"Vinos\"', '2026/03', 'Reconexión a 2 bbdd y pantalla de \"Vinos\"', '2026-02-24', 1, 0.00, NULL, 'opland/facturas/JnYMusnt4eENmn6sfraIMOxQDJ2APz9OAaQZwMDR.pdf', 21, 5, 1300.00, 1573.00, 0, 0, NULL, 11, NULL, '2026-03-11 06:10:05'),
(137, '2026/04 - Bono soporte - 8h', '2026/04', 'Bono soporte - 8h', '2026-02-24', 6, 0.00, NULL, 'opland/facturas/8QQfqRO5TyBKwS3FpYuMN714oUko8GpL0g4Wuooo.pdf', 21, 3, 420.00, 508.20, 0, 0, NULL, 11, NULL, '2026-03-11 06:11:09'),
(138, '2026/05 - Módulos de reposiciones e inventario', '2026/05', 'Módulos de reposiciones e inventario', '2026-02-24', 6, 0.00, NULL, 'opland/facturas/8K2k3eDihTqUq1cIGg4xffSnWmKrA3mrzksKkcSo.pdf', 21, 3, 960.00, 1161.60, 0, 0, NULL, 11, NULL, '2026-03-11 06:43:56'),
(139, '2026/06 - Auditoria de ventas de albaranes vs facturas', '2026/06', 'Auditoria de ventas de albaranes vs facturas', '2026-03-25', 1, 0.00, NULL, 'opland/facturas/SifDSZSuJxBPsJSa4I5VF3mH2E37UmMRp1DGgdNR.pdf', 21, 5, 1687.50, 2041.88, 0, 0, NULL, 11, NULL, '2026-03-25 21:56:23'),
(140, '2026/07 - Informe rentabilidad limpiezas', '2026/07', 'Informe rentabilidad limpiezas', '2026-03-30', 6, 0.00, NULL, 'opland/facturas/127HgGoxCmXLjmWf6npl63L0eTJpuZ2ujVAFccRz.pdf', 21, 3, 1687.50, 2041.88, 0, 0, 11, 11, '2026-02-24 08:43:23', '2026-03-25 21:56:41'),
(141, '2026/08 - Cuota de mantenimiento 1er trimestre VM', '2026/08', 'Cuota de mantenimiento 1er trimestre VM', '2026-03-30', 6, 0.00, NULL, 'opland/facturas/kcrToZUwrj07uPGILPLTyEHenVe6VyUn7vDp9FuH.pdf', 21, 3, 417.00, 504.57, 0, 0, 11, 11, '2026-02-27 08:22:24', '2026-03-25 21:57:01'),
(142, '2026/09 - Cuadro de mandos costes limpiezas', '2026/09', 'Cuadro de mandos costes limpiezas', '2026-03-30', 6, 0.00, NULL, 'opland/facturas/J0cZ0p6ZRXTculf3lp7wYTpuY7v5jTcqVedcg0ak.pdf', 21, NULL, 718.75, 869.69, 0, 0, 11, 11, '2026-03-23 19:36:53', '2026-03-25 21:57:27'),
(143, '2026/10 - Prestación servicios para gestión de acuerdo KIT DIGITAL', '2026/10', 'Prestación servicios para gestión de acuerdo KIT DIGITAL', '2026-04-09', 15, 0.00, NULL, 'opland/facturas/cMm59XraPfhInA52os3mxKiIviovJesN7qYZL9DF.pdf', 21, 25, 160.00, 193.60, 0, 0, 11, 11, '2026-04-09 07:06:00', '2026-04-09 07:24:58');

-- --------------------------------------------------------

--
-- Estructura de tabla para la tabla `opland_fact_presup`
--

CREATE TABLE `opland_fact_presup` (
  `id` int(10) UNSIGNED NOT NULL,
  `nombre` varchar(255) NOT NULL COMMENT 'Nombre',
  `id_facturas` int(11) DEFAULT NULL COMMENT 'id_facturas',
  `id_presupuestos` int(11) DEFAULT NULL COMMENT 'id_presupuestos'
) ENGINE=InnoDB DEFAULT CHARSET=utf8mb4 COLLATE=utf8mb4_unicode_ci;

--
-- Volcado de datos para la tabla `opland_fact_presup`
--

INSERT INTO `opland_fact_presup` (`id`, `nombre`, `id_facturas`, `id_presupuestos`) VALUES
(1, 'Facturación total', 1, 2),
(2, 'Facturación total', 1, 4),
(3, 'Facturación total', 1, 3),
(4, 'Facturación total', 1, 1),
(5, 'Facturación total', 2, 8),
(6, 'Facturación total', 2, 9);

-- --------------------------------------------------------

--
-- Estructura de tabla para la tabla `opland_fta_soportadas`
--

CREATE TABLE `opland_fta_soportadas` (
  `id` int(10) UNSIGNED NOT NULL,
  `nombre` varchar(255) NOT NULL COMMENT 'nº factura',
  `fecha_emision` date DEFAULT NULL COMMENT 'fecha emision',
  `nif_proveedor` varchar(255) DEFAULT NULL COMMENT 'nif',
  `nombre_proveedor` varchar(255) DEFAULT NULL COMMENT 'nombre prov',
  `concepto` varchar(255) DEFAULT NULL COMMENT 'concepto',
  `bi` decimal(8,2) DEFAULT NULL COMMENT 'bi',
  `iva` decimal(8,2) DEFAULT NULL COMMENT 'iva',
  `suplidos` decimal(8,2) DEFAULT NULL COMMENT 'suplidos',
  `total_factura` decimal(8,2) DEFAULT NULL COMMENT 'total factura',
  `irpf` decimal(8,2) DEFAULT NULL COMMENT 'IRPF',
  `total_a_pagar` decimal(8,2) DEFAULT NULL COMMENT 'total a pagar',
  `observacion` varchar(255) DEFAULT NULL COMMENT 'observacion',
  `file_documento` varchar(512) DEFAULT NULL COMMENT 'documento'
) ENGINE=InnoDB DEFAULT CHARSET=utf8mb4 COLLATE=utf8mb4_unicode_ci;

--
-- Volcado de datos para la tabla `opland_fta_soportadas`
--

INSERT INTO `opland_fta_soportadas` (`id`, `nombre`, `fecha_emision`, `nif_proveedor`, `nombre_proveedor`, `concepto`, `bi`, `iva`, `suplidos`, `total_factura`, `irpf`, `total_a_pagar`, `observacion`, `file_documento`) VALUES
(3, '02-22-001259', '2022-04-06', '24318963M', 'JAVIER MAXIMO JUAREZ GONZALEZ', 'Constitución sociedad', 311.78, 65.47, 9.41, 386.66, 46.77, 339.89, NULL, 'opland/fta_soportadas/UXi5NMt6dqMuAT0pFfKcZhEnsqNZTBrbJPh9rgQG.pdf'),
(4, 'ME/2022/14032', '2022-02-12', 'E97727168', 'REGISTRO MERCANTIL DE VALENCIA CB', 'Inscripción en RM', 107.89, 22.66, NULL, 130.55, 16.18, 114.37, NULL, 'opland/fta_soportadas/LLPfsQExX5kHm1H6WDSER9fDqnzaLaN6YV7AgnUg.pdf'),
(5, '02-22-001723', '2022-05-12', '24318963M', 'JAVIER MAXIMO JUAREZ GONZALEZ', 'Gestión alta en RM', 130.00, 27.30, NULL, 157.30, 19.50, 137.80, NULL, 'opland/fta_soportadas/DsH2pExDiktnJdAG2hLkWXX6c9M4tKyWkszNbX4C.pdf'),
(7, '029-0009-444320', '2022-09-13', 'B84818442', 'Leroy Merlín', 'Repetidor wifi', 66.11, 13.88, NULL, 79.99, NULL, 79.99, NULL, 'opland/fta_soportadas/trGYG1gqNhbDUxceJGYaX3lPkplyrLhpzFMPDHPs.pdf'),
(8, 'ESHW2022045025', '2022-09-18', 'B84136464', 'Huawei Technologies Espana, S.L', 'Portátil Tomás', 619.01, 129.99, NULL, 749.00, NULL, 749.00, NULL, 'opland/fta_soportadas/1rKgudtMjDeuUeFMtrK7OtJYdOUly1Tm2vNBJ7HO.pdf'),
(9, 'AF72906389', '2022-09-13', 'ESN0072469J', 'Apple Distribution International Ltd', 'IPHONE 13 GREEN', 751.24, 157.76, NULL, 909.00, NULL, 909.00, NULL, 'opland/fta_soportadas/de4IGGioBnbR5xoWzMSkn4m2YNIFKcLpwKwIpNAM.pdf'),
(10, 'FV/2022/072007', '2022-09-13', 'ESB20854071', 'Electroprecio.com S.L.', 'QLED Samsung -DEVUELTA-', 338.02, 70.98, 0.00, 409.00, 0.00, 409.00, NULL, 'opland/fta_soportadas/7xHL1rFsKJ1JovH4YqmmBOmhorb9U6cA1EZ1WUvI.pdf'),
(11, 'A22040048732', '2022-01-04', 'DE294776378', 'AnyDesk Software GmbH', 'Licencia', 183.88, NULL, NULL, 183.88, NULL, 183.88, NULL, 'opland/fta_soportadas/jz3E7sBhTn3tG5aQid7SRj61SbHUuwAfuct7lT8z.pdf'),
(12, 'FA2210-0132', '2022-10-17', '44870706Y', 'Pablo Tamarit Cobo (Inntec)', 'Hosting', 76.96, 16.16, 0.00, 81.57, 11.55, 81.57, NULL, 'opland/fta_soportadas/ioqZ1ntUY8GnG0W5VDaswrmNkxtmV048bimjUCQq.pdf'),
(13, '02-22-004289', '2022-10-14', '24318963M', 'JAVIER MAXIMO JUAREZ GONZALEZ', 'Nombramiento Administrador', 196.81, 41.33, 5.10, 243.41, 29.52, 213.72, NULL, 'opland/fta_soportadas/M1M9keDNa4F8mbyZXC8dhvvJmO2ZVtFf05YSlUe4.pdf'),
(14, '02-22-004498', '2022-04-06', '24318963M', 'JAVIER MAXIMO JUAREZ GONZALEZ', 'Gestión RM', 70.00, 14.70, 0.00, 84.70, 10.50, 74.20, NULL, 'opland/fta_soportadas/uQWWRw4aeRVvx9tn5jBwmdKhbx0IEnG3Uy1fcJji.pdf'),
(15, 'ME/2022/28782', '2022-02-12', 'E97727168', 'REGISTRO MERCANTIL DE VALENCIA CB', 'Inscripción en RM', 146.77, 30.82, 59.11, 236.70, 22.02, 214.68, NULL, ''),
(16, '13-2022', '2022-12-31', 'B-40549172', 'SRM Gestión e Inversión Patrimonial, S.L.', 'Administración SRL 4Q-2022', 450.00, 94.50, 0.00, 544.50, 85.50, 459.00, NULL, 'opland/fta_soportadas/Ylven2WnCUy5WxIKPF71J0SFdb9mJ7IuOjmwo7TQ.pdf'),
(17, 'FAV/2022/005181', '2022-09-26', 'ESB20854071', 'Electroprecio.com S.L.', 'Abono por devolución televisión', -318.18, -66.82, 0.00, -385.00, 0.00, 0.00, NULL, 'opland/fta_soportadas/XKhxYlXCSbXFrPETJu06PxJAsDs6bCaG0XnkcYHg.pdf'),
(18, '00010', '2022-12-30', '29199630A', 'Carlos Domingo Ortiz', 'Servicios de hosting', 127.26, 26.72, 0.00, 153.98, 0.00, 153.98, 'Factura creada por petición de Santi para equilibrar cuentas', 'opland/fta_soportadas/kGlfB4Jnvpio8z1zaudTCqLABrd0S6LXmCL8mLU1.pdf'),
(19, 'PF/2023/688', '2023-02-08', 'E97727168', 'REGISTRO MERCANTIL DE VALENCIA CB', 'Inscripción en RM de firma digital', 6.01, 1.26, 0.00, 7.27, 0.00, 7.27, NULL, 'opland/fta_soportadas/acfdHwzX4SSnSg4PwoJLgSK3Faz0wcjtNb8NjuQx.pdf'),
(20, '9230098417', '2023-02-08', 'ESQ2826004J', 'FNMT-RCM', 'Cert. representante persona jurídica', 14.00, 2.94, 0.00, 16.94, 0.00, 16.94, NULL, 'opland/fta_soportadas/ICPHbbc6HykWG3tJR3cW5HTh0bnZqxXfUS8hT3Dt.pdf'),
(21, '4- 2023', '2023-03-31', 'B-40549172', 'SRM Gestión e Inversión Patrimonial, S.L.', 'Honorarios por el cargo de Administrador Único de la empresa. Enero-Marzo 2023', 450.00, 94.50, 0.00, 459.00, 85.50, 459.00, NULL, 'opland/fta_soportadas/aWdcM9WXXKBLPRnaaMkGUsTQdOIfFTnBzkgyeJfj.pdf'),
(22, '9-2023', '2023-06-30', 'B-40549172', 'SRM Gestión e Inversión Patrimonial, S.L.', 'Honorarios por el cargo de Administrador Único de la empresa. Abril-Junio 2023', 450.00, 94.50, NULL, 544.50, 85.50, 459.00, NULL, 'opland/fta_soportadas/HEQ64lTywUBVQwVAjlXESQSU5VwOEWvYpr9KnxSJ.pdf'),
(23, '13-2023', '2023-09-30', 'B-40549172', 'SRM Gestión e Inversión Patrimonial, S.L.', 'Honorarios por el cargo de Administrador Único de la empresa. Julio-Septiembre 2023', 450.00, 94.50, 0.00, 544.50, 85.50, 459.00, NULL, 'opland/fta_soportadas/Edzgw2LX0OXR8P2z5KVtX4D0kvvDoI6Lwn08TAPP.pdf'),
(24, '18-2023', '2023-12-31', 'B-40549172', 'SRM Gestión e Inversión Patrimonial, S.L.', 'Honorarios por el cargo de Administrador Único de la empresa. Oct-Dic 2023', 450.00, 94.50, 0.00, 544.50, 85.50, 459.00, NULL, 'opland/fta_soportadas/NKjm8dJWTzKPIi4UnDofLEeP6ZtZMYp7wY2dEBP4.pdf'),
(25, '0006', '2024-04-04', '29199630A', 'Carlos Domingo Ortiz', 'Servicios de hosting', 127.26, 26.72, 0.00, 153.98, 0.00, 153.98, NULL, 'opland/fta_soportadas/AMMLgbHhcI9A6FMEG2tJoS5pzUPIsWHS5W9Rhbtg.pdf'),
(26, '04-2024', '2024-03-31', 'B-40549172', 'SRM Gestión e Inversión Patrimonial, S.L.', 'Honorarios por el cargo de Administrador Único de la empresa. Ene-Mar\'2024', 450.00, 94.50, 0.00, 544.50, 85.50, 459.00, NULL, 'opland/fta_soportadas/cHsBvSwDjYz7VcTHaeyNKeCnWdraRizpYOL0ITkB.pdf'),
(27, '11-2024', '2024-06-30', 'B-40549172', 'SRM Gestión e Inversión Patrimonial, S.L.', 'Honorarios por el cargo de Administrador Único de la empresa. Abr-Jun\'2024', 450.00, 94.50, 0.00, 544.50, 85.50, 459.00, NULL, 'opland/fta_soportadas/cQcd9yFVd6m8KRM7U7bp5Y9cDb8tmfG1QZLBd0vb.pdf'),
(29, '17-2024', '2024-09-30', 'B-40549172', 'SRM Gestión e Inversión Patrimonial, S.L.', 'Honorarios por el cargo de Administrador Único de la empresa. Jul-Sept\'2024', 450.00, 94.50, 0.00, 544.50, 85.50, 459.00, NULL, 'opland/fta_soportadas/LRZb9KMXZoFtiSPwNO0LyzxbihTDDKpjEuiJl5Ka.pdf'),
(30, '22-2024', '2024-12-31', 'B-40549172', 'SRM Gestión e Inversión Patrimonial, S.L.', 'Honorarios por el cargo de Administrador Único de la empresa. Oct-Dic\'2024', 450.00, 94.50, 0.00, 544.50, 85.50, 459.00, NULL, 'opland/fta_soportadas/m16v9p5c2OAScUvtkLyfUAePRrkMoaPiAHkW9FaC.pdf'),
(31, '7', '2025-07-19', 'B21825278', 'Invastec by Sunday Boo SRL', 'Hosting, dominio y mantenimiento básico', 127.26, 26.72, 0.00, 153.98, 0.00, 153.98, NULL, 'opland/fta_soportadas/cb4L4eHFh7ut9oVvrIce84l8ehnS912ov29JcfRz.pdf'),
(32, '20-2025', '2025-12-31', 'B-40549172', 'SRM Gestión e Inversión Patrimonial, S.L.', 'Honorarios por el cargo de Administrador Único de la empresa. Oct-Dic\'2024', 300.00, 63.00, 0.00, 363.00, -57.00, 306.00, NULL, 'opland/fta_soportadas/pTeOJPIfG4qJ82BetMlQF7fvgpCKeOrl28bHbtxn.pdf'),
(33, '2024_01', '2024-12-31', '44866296-N', 'Tomás Rodríguez', 'Finalización Proyecto', 5000.00, 1050.00, 0.00, 6050.00, 0.00, 6050.00, NULL, 'opland/fta_soportadas/W8yg7UhiWffWN7lPsZKnlBBhXaQfOnYSELomZwQH.pdf'),
(34, '202610', '2026-02-06', 'B44753234', 'DELHOM COMUNICACIÓN Y PROYECTOS SL', 'Campaña digital con creación de contenido y redes sociales', 1382.43, 290.31, 0.00, 1672.74, 0.00, 1672.74, NULL, 'opland/fta_soportadas/bG2XypNFLtjQJHyQaoBMiJ2qMWljRPdAkoZj0KID.pdf');

-- --------------------------------------------------------

--
-- Estructura de tabla para la tabla `opland_imputaciones`
--

CREATE TABLE `opland_imputaciones` (
  `id` int(10) UNSIGNED NOT NULL,
  `nombre` varchar(255) NOT NULL COMMENT 'Nombre',
  `fecha_imputacion` date NOT NULL COMMENT 'fecha_imputacion',
  `duracion` time NOT NULL COMMENT 'duracion',
  `no_facturable` tinyint(1) DEFAULT NULL COMMENT 'NO FACTURABLE',
  `id_tareas` int(11) DEFAULT NULL COMMENT 'id_tareas',
  `observacion` text DEFAULT NULL COMMENT 'observacion|hide',
  `id_presupuestos` int(11) DEFAULT NULL COMMENT 'id_presupuestos|hide',
  `control_user` int(11) DEFAULT NULL COMMENT 'control_user',
  `createuser` int(11) DEFAULT NULL COMMENT 'createuser',
  `updateuser` int(11) DEFAULT NULL,
  `createdat` datetime DEFAULT NULL,
  `updatedat` datetime DEFAULT NULL,
  `factura_opland` varchar(255) DEFAULT NULL COMMENT 'factura_opland|hide',
  `factura_pago_interna` varchar(255) DEFAULT NULL COMMENT 'fta interna|hide',
  `id_fta_soportadas` int(11) DEFAULT NULL COMMENT 'id_fta_soportadas|hide',
  `file_imagen` varchar(512) DEFAULT NULL COMMENT 'imagen',
  `deleted` smallint(6) DEFAULT 0 COMMENT 'deleted',
  `fecha_contable` date DEFAULT NULL COMMENT 'fecha_contable'
) ENGINE=InnoDB DEFAULT CHARSET=utf8mb4 COLLATE=utf8mb4_unicode_ci;

--
-- Volcado de datos para la tabla `opland_imputaciones`
--

INSERT INTO `opland_imputaciones` (`id`, `nombre`, `fecha_imputacion`, `duracion`, `no_facturable`, `id_tareas`, `observacion`, `id_presupuestos`, `control_user`, `createuser`, `updateuser`, `createdat`, `updatedat`, `factura_opland`, `factura_pago_interna`, `id_fta_soportadas`, `file_imagen`, `deleted`, `fecha_contable`) VALUES
(1, 'Detectar y quitar duplicado de la tabla clientes', '2021-10-14', '00:30:00', 0, 76, NULL, NULL, 11, 11, 11, NULL, '2024-12-08 19:22:30', NULL, 'Dividendos 2022', NULL, NULL, 0, '2021-10-14'),
(2, 'Quitar CHAR(10) y CHAR(13) de Nombre, NombreLF, Direccion...', '2021-10-14', '00:45:00', 0, 76, NULL, NULL, 11, 11, 11, NULL, '2024-12-08 19:22:30', NULL, 'Dividendos 2022', NULL, NULL, 0, '2021-10-14'),
(3, 'Detectar y quitar CHAR(10) y CHAR(13) de Nombre, NombreLF, Direccion...', '2021-09-29', '02:00:00', 0, 76, '<p>UPDATE [diTPV].[dbo].[Clientes] SET Nombre = REPLACE(REPLACE(Nombre, CHAR(13),\'\'),CHAR(10),\'\');<br>UPDATE [diTPV].[dbo].[Clientes] SET NombreLF = REPLACE(REPLACE(NombreLF, CHAR(13),\'\'),CHAR(10),\'\');<br>UPDATE [diTPV].[dbo].[Clientes] SET NIF = REPLACE(REPLACE(NIF, CHAR(13),\'\'),CHAR(10),\'\');<br>UPDATE [diTPV].[dbo].[Clientes] SET Poblacion = REPLACE(REPLACE(Poblacion, CHAR(13),\'\'),CHAR(10),\'\');<br>UPDATE [diTPV].[dbo].[Clientes] SET Provincia = REPLACE(REPLACE(Provincia, CHAR(13),\'\'),CHAR(10),\'\');<br>UPDATE [diTPV].[dbo].[Clientes] SET Pais = REPLACE(REPLACE(Pais, CHAR(13),\'\'),CHAR(10),\'\');<br>UPDATE [diTPV].[dbo].[Clientes] SET CodPostal = REPLACE(REPLACE(CodPostal, CHAR(13),\'\'),CHAR(10),\'\');</p>', NULL, 11, 11, 11, NULL, '2024-12-08 19:22:30', NULL, 'Dividendos 2022', NULL, NULL, 0, '2021-09-29'),
(4, 'Presentación PBI', '2021-10-14', '02:00:00', 0, 79, NULL, NULL, 11, 11, 11, NULL, '2024-12-08 19:22:30', NULL, 'Dividendos 2022', NULL, NULL, 0, '2021-10-14'),
(5, 'Inserción datos en TPV', '2021-10-17', '00:45:00', 0, 80, '<p>Prueba de emisión de facturas PF (x)</p><p>Cierre de caja</p><p>Observaciones de líneas</p><p>Fecha de movimientos de caja (x)</p><p>Cuadre de caja</p>', NULL, 11, 11, 11, NULL, '2024-12-08 19:22:30', NULL, 'Dividendos 2022', NULL, NULL, 0, '2021-10-17'),
(6, 'Inserción datos y cálculo deuda acumulada', '2021-10-18', '02:00:00', 0, 80, NULL, NULL, 11, 11, 11, NULL, '2024-12-08 19:22:30', NULL, 'Dividendos 2022', NULL, NULL, 0, '2021-10-18'),
(7, 'Modelo de datos y esquema PBI', '2021-10-18', '02:30:00', 0, 81, NULL, NULL, 11, 11, 11, NULL, '2024-12-08 19:22:30', NULL, 'Dividendos 2022', NULL, NULL, 0, '2021-10-18'),
(8, 'Vídeo tutorial', '2021-10-19', '01:00:00', 0, 82, NULL, NULL, 11, 11, 11, NULL, '2024-12-08 19:22:30', NULL, 'Dividendos 2022', NULL, NULL, 0, '2021-10-19'),
(9, 'Modificacion jornadas', '2021-11-22', '01:00:00', 0, 100, '<p>Ya está cambiado el formato horas, el abrir solo funciona desde la descripción, se han ocultado las columnas createuser y updateuser y en la vista movil ya se ve la fecha inicio y la de fin</p>', NULL, 18, 1, 11, NULL, '2024-12-08 19:22:02', NULL, 'Compensación socios 2022', NULL, NULL, 0, '2021-11-22'),
(10, 'Cañonazo', '2021-11-24', '00:15:00', 0, 105, '<p>UPDATE u323365229_opland.fitness_contratos<br>SET nombre=\'Verde\' where id_grupo=1;</p><p>UPDATE u323365229_opland.fitness_contratos<br>SET nombre=\'Azul\' where id_grupo=2;</p><p>UPDATE u323365229_opland.fitness_contratos<br>SET nombre=\'Rojo\' where id_grupo=3;</p><p>UPDATE u323365229_opland.fitness_contratos<br>SET nombre=\'Amarillo\' where id_grupo=6;</p><p>UPDATE u323365229_opland.fitness_contratos<br>SET nombre=\'Naranja\' where id_grupo=7;</p><p>UPDATE u323365229_opland.fitness_contratos<br>SET nombre=\'Consulta\' where id_grupo=8;</p><p>UPDATE u323365229_opland.fitness_contratos<br>SET nombre=\'Otros\' where id_grupo=9;</p>', NULL, 11, 11, 11, NULL, '2024-12-08 19:22:30', NULL, 'Dividendos 2022', NULL, NULL, 0, '2021-11-24'),
(11, 'Quitar tildes de los nombres de artículos para facilitar búsqueda.', '2021-12-01', '01:00:00', 0, 76, '<p>UPDATE [diTPV].[dbo].[Articulos] SET Articulo=REPLACE(Articulo,\'Á\',\'A\');<br>UPDATE [diTPV].[dbo].[Articulos] SET Articulo=REPLACE(Articulo,\'É\',\'E\');<br>UPDATE [diTPV].[dbo].[Articulos] SET Articulo=REPLACE(Articulo,\'Í\',\'I\');<br>UPDATE [diTPV].[dbo].[Articulos] SET Articulo=REPLACE(Articulo,\'Ó\',\'O\');<br>UPDATE [diTPV].[dbo].[Articulos] SET Articulo=REPLACE(Articulo,\'Ú\',\'U\');<br>UPDATE [diTPV].[dbo].[Articulos] SET Articulo=REPLACE(Articulo,\'À\',\'A\');<br>UPDATE [diTPV].[dbo].[Articulos] SET Articulo=REPLACE(Articulo,\'È\',\'E\');<br>UPDATE [diTPV].[dbo].[Articulos] SET Articulo=REPLACE(Articulo,\'Ò\',\'O\');</p>', NULL, 11, 11, 11, NULL, '2024-12-08 19:22:30', NULL, 'Dividendos 2022', NULL, NULL, 0, '2021-12-01'),
(12, 'Summarize líneas albaranes proveedor mismo artículo', '2021-12-08', '01:30:00', 0, 107, '<p>En un albarán vienen varias líneas de un mismo artículo, bien porque regalan algunas unidades, bien porque viene en varias piezas. Esto es considerado como distintas compras, además de afectar al cálculo del coste promedio (el precio se mantiene pero se añade un dto del 100%).</p>', NULL, 11, 11, 11, NULL, '2024-12-08 19:22:30', NULL, 'Dividendos 2022', NULL, NULL, 0, '2021-12-08'),
(13, 'Summarize ventas mismo artículo', '2021-12-09', '04:00:00', 0, 107, '<p>Una venta desde el TPV tiene varias líneas para un mismo artículo si se hace un descuento → Para obtener el precio real de venta es necesario agrupar estas filas. También se hace para los albaranes por si sucediera algo parecido.</p>', NULL, 11, 11, 11, NULL, '2024-12-08 19:22:30', NULL, 'Dividendos 2022', NULL, NULL, 0, '2021-12-09'),
(14, 'Summarizes --> problemas con TOPN', '2021-12-09', '03:00:00', 0, 107, '<p>La función TOPN para el último precio de compra estaba devolviendo más de una línea por el criterio de ordenación</p>', NULL, 11, 11, 11, NULL, '2024-12-08 19:22:30', NULL, 'Dividendos 2022', NULL, NULL, 0, '2021-12-09'),
(15, 'Inserción de periodos', '2021-12-12', '01:00:00', 0, 107, '<p>Insertar tabla períodos: hoy, ayer, últimos X días…</p>', NULL, 11, 11, 11, NULL, '2024-12-08 19:22:30', NULL, 'Dividendos 2022', NULL, NULL, 0, '2021-12-12'),
(16, 'Vista ventas totales: tiques + albaranes', '2021-12-12', '02:00:00', 0, 107, NULL, NULL, 11, 11, 11, NULL, '2024-12-08 19:22:30', NULL, 'Dividendos 2022', NULL, NULL, 0, '2021-12-12'),
(17, 'Revisión datos', '2021-12-12', '02:00:00', 0, 107, '<p>Se están comprando la “Paleta Maquina Naval 100Gr” a 60€ y se está vendiendo a 10€</p>', NULL, 11, 11, 11, NULL, '2024-12-08 19:22:30', NULL, 'Dividendos 2022', NULL, NULL, 0, '2021-12-12'),
(18, 'Creación cuadros de mandos', '2022-05-01', '08:00:00', 0, 163, NULL, NULL, 11, 11, 11, NULL, '2024-12-08 19:42:05', NULL, 'Compensación socios 2022', NULL, NULL, 0, '2022-05-01'),
(19, 'Unir tablas de líneas', '2021-12-14', '03:00:00', 0, 107, NULL, NULL, 11, 11, 11, NULL, '2024-12-08 19:22:30', NULL, 'Dividendos 2022', NULL, NULL, 0, '2021-12-14'),
(20, 'Unir tablas cabecera', '2021-12-15', '03:00:00', 0, 107, NULL, NULL, 11, 11, 11, NULL, '2024-12-08 19:22:30', NULL, 'Dividendos 2022', NULL, NULL, 0, '2021-12-15'),
(21, 'Vistas movil', '2021-12-18', '01:30:00', 0, 107, NULL, NULL, 11, 11, 11, NULL, '2024-12-08 19:22:30', NULL, 'Dividendos 2022', NULL, NULL, 0, '2021-12-18'),
(22, 'Cabeceras y lineas ventas', '2021-12-17', '02:00:00', 0, 107, NULL, NULL, 11, 11, 11, NULL, '2024-12-08 19:22:30', NULL, 'Dividendos 2022', NULL, NULL, 0, '2021-12-17'),
(23, 'Validación', '2021-12-18', '02:00:00', 0, 108, NULL, NULL, 11, 11, 11, NULL, '2024-12-08 19:22:30', NULL, 'Dividendos 2022', NULL, NULL, 0, '2021-12-18'),
(24, 'Función para la carga de sucesivas llamadas a la API', '2021-12-30', '03:00:00', 0, 110, '<p>let<br>&nbsp;&nbsp;&nbsp;&nbsp;Origen = (Tabla) =&gt; let<br>&nbsp;&nbsp;&nbsp;&nbsp;#\"Llamadas\" = List.Generate(<br>&nbsp;&nbsp;&nbsp;&nbsp;&nbsp;()&nbsp; =&gt;&nbsp; [ Offset = 1, registros = fnNumFilasFact(Tabla, 1) ],<br>&nbsp;&nbsp;&nbsp;&nbsp;&nbsp;each [registros]&gt;0,<br>&nbsp;&nbsp;&nbsp;&nbsp;&nbsp;each [Offset =&nbsp; [Offset] + 1, registros = fnNumFilasFact( Tabla, [Offset]+1 )],<br>&nbsp;&nbsp;&nbsp;&nbsp;&nbsp;each [Offset]<br>&nbsp;),<br>&nbsp;&nbsp;&nbsp;&nbsp;#\"Convertida en tabla\" = Table.FromList(Llamadas, Splitter.SplitByNothing(), null, null, ExtraValues.Error),<br>&nbsp;&nbsp;&nbsp;&nbsp;#\"Columnas con nombre cambiado\" = Table.RenameColumns(#\"Convertida en tabla\",{{\"Column1\", \"Llamadas\"}}),<br>&nbsp;&nbsp;&nbsp;&nbsp;#\"Tipo cambiado\" = Table.TransformColumnTypes(#\"Columnas con nombre cambiado\",{{\"Llamadas\", type text}}),<br>SearchSuccessful = (Llamadas) =&gt;<br>let<br>&nbsp;&nbsp;&nbsp;&nbsp;Origen = Json.Document(Web.Contents(\"<a href=\"https://smart.aeolservice.es/api/getInfo2/GFGUILLEM1/\">https://smart.aeolservice.es/api/getInfo2/GFGUILLEM1/</a>\"&amp;Tabla&amp;\"/\"&amp;Llamadas, [Headers=[#\"X-Auth-Token\"=\"DivpoKTsHYWiITS1pk4NlrE18iBvJ3W0D5XbwEeB\"]])),<br>&nbsp;&nbsp;&nbsp;&nbsp;#\"Convertido en tabla\" = Record.ToTable(Origen),<br>&nbsp;&nbsp;&nbsp;&nbsp;#\"Filas filtradas1\" = Table.SelectRows(#\"Convertido en tabla\", each ([Name] = \"values\")),<br>&nbsp;&nbsp;&nbsp;&nbsp;#\"Otras columnas quitadas\" = Table.SelectColumns(#\"Filas filtradas1\",{\"Value\"}),<br>&nbsp;&nbsp;&nbsp;&nbsp;#\"Se expandió Value\" = Table.ExpandListColumn(#\"Otras columnas quitadas\", \"Value\")<br>in<br>&nbsp;&nbsp;&nbsp;&nbsp;#\"Se expandió Value\",<br>Output = Table.AddColumn(#\"Tipo cambiado\",\"Column1\",each SearchSuccessful([Llamadas])),<br>&nbsp;&nbsp;&nbsp;&nbsp;&nbsp;&nbsp;&nbsp;&nbsp;#\"Se expandió Column1\" = Table.ExpandTableColumn(Output, \"Column1\", {\"Value\"}, {\"Value\"})<br>in<br>&nbsp;&nbsp;&nbsp;&nbsp;#\"Se expandió Column1\"<br>in<br>&nbsp;&nbsp;&nbsp;&nbsp;Origen</p>', NULL, 11, 11, 11, NULL, '2024-12-08 19:22:30', NULL, 'Dividendos 2022', NULL, NULL, 0, '2021-12-30'),
(25, 'Función para definir número de registros de una tabla', '2021-12-30', '02:00:00', 0, 110, '<p>Función <strong>fnNumFilasFact:</strong><br>let<br>&nbsp;&nbsp;&nbsp;&nbsp;Origen = (Tabla,Offset) =&gt; let<br>&nbsp;&nbsp;&nbsp;&nbsp;Origen = Json.Document(Web.Contents(\"<a href=\"https://smart.aeolservice.es/api/getInfo2/GFGUILLEM1/\">https://smart.aeolservice.es/api/getInfo2/GFGUILLEM1/</a>\"&amp;Tabla&amp;\"/\"&amp; Number.ToText( Offset )<br>&nbsp;&nbsp;&nbsp;&nbsp;, [Headers=[#\"X-Auth-Token\"=\"DivpoKTsHYWiITS1pk4NlrE18iBvJ3W0D5XbwEeB\"]]))[values],<br>&nbsp;&nbsp;&nbsp;&nbsp;#\"Recuento calculado\" = List.NonNullCount(Origen)<br>in<br>&nbsp;&nbsp;&nbsp;&nbsp;#\"Recuento calculado\"<br>in<br>&nbsp;&nbsp;&nbsp;&nbsp;Origen</p>', NULL, 11, 11, 11, NULL, '2024-12-08 19:22:30', NULL, 'Dividendos 2022', NULL, NULL, 0, '2021-12-30'),
(26, 'Modelo de datos', '2021-12-29', '02:00:00', 0, 110, NULL, NULL, 11, 11, 11, NULL, '2024-12-08 19:22:30', NULL, 'Dividendos 2022', NULL, NULL, 0, '2021-12-29'),
(27, 'Power BI', '2022-02-05', '02:00:00', 0, 111, NULL, 1, 11, 11, 11, NULL, '2024-12-08 19:22:30', NULL, 'Dividendos 2022', NULL, NULL, 0, '2022-02-05'),
(28, 'Setter alarma a 0 para cumpleaños consecutivos', '2022-02-10', '01:00:00', 0, 111, NULL, 1, 11, 11, 11, NULL, '2024-12-08 19:22:30', NULL, 'Dividendos 2022', NULL, NULL, 0, '2022-02-10'),
(29, 'Varios facturación', '2022-02-10', '01:00:00', 0, 113, '<p>Impresión de duplicados serie T desde el ERP.</p><p>Consulta de clientes con facturación &gt; 3000€</p><p>Facturas rectificativas</p>', NULL, 11, 11, 11, NULL, '2024-12-08 19:22:30', NULL, 'Dividendos 2022', NULL, NULL, 0, '2022-02-10'),
(30, 'Modelo de datos', '2022-02-16', '02:00:00', 0, 110, '<p>Analizar modelo de datos y versión 0 pbi&nbsp;</p>', NULL, 11, 11, 11, NULL, '2024-12-08 19:22:30', NULL, 'Dividendos 2022', NULL, NULL, 0, '2022-02-16'),
(31, 'Revisión listados', '2022-02-23', '01:00:00', 0, 113, NULL, NULL, 11, 11, 11, NULL, '2024-12-08 19:22:30', NULL, 'Dividendos 2022', NULL, NULL, 0, '2022-02-23'),
(32, 'Validación de datos listados', '2022-02-25', '02:00:00', 0, 113, NULL, NULL, 11, 11, 11, NULL, '2024-12-08 19:22:30', NULL, 'Dividendos 2022', NULL, NULL, 0, '2022-02-25'),
(33, 'Modelo de datos', '2022-02-26', '03:00:00', 0, 110, NULL, NULL, 11, 11, 11, NULL, '2024-12-08 19:22:30', NULL, 'Dividendos 2022', NULL, NULL, 0, '2022-02-26'),
(34, 'Facturación', '2022-02-26', '02:00:00', 0, 107, NULL, NULL, 11, 11, 11, NULL, '2024-12-08 19:22:30', NULL, 'Dividendos 2022', NULL, NULL, 0, '2022-02-26'),
(35, 'Modelo de datos', '2022-02-28', '02:00:00', 0, 110, NULL, NULL, 11, 11, 11, NULL, '2024-12-08 19:22:30', NULL, 'Dividendos 2022', NULL, NULL, 0, '2022-02-28'),
(36, 'Modelo de datos', '2022-03-05', '02:00:00', 0, 110, NULL, NULL, 11, 11, 11, NULL, '2024-12-08 19:22:30', NULL, 'Dividendos 2022', NULL, NULL, 0, '2022-03-05'),
(37, 'Buscador y ficha alumnos', '2022-03-06', '02:00:00', 0, 110, NULL, NULL, 11, 11, 11, NULL, '2024-12-08 19:22:30', NULL, 'Dividendos 2022', NULL, NULL, 0, '2022-03-06'),
(38, 'Demo', '2022-03-17', '01:00:00', 0, 115, NULL, 5, 11, 11, 11, NULL, '2024-12-08 19:22:30', NULL, 'Dividendos 2022', NULL, NULL, 0, '2022-03-17'),
(39, 'Requerimientos', '2021-12-02', '01:30:00', 0, 115, NULL, 5, 11, 11, 11, NULL, '2024-12-08 19:22:30', NULL, 'Dividendos 2022', NULL, NULL, 0, '2021-12-02'),
(40, 'Dibal', '2022-03-09', '01:00:00', 0, 115, NULL, NULL, 11, 11, 11, NULL, '2024-12-08 19:22:30', '6/2022', 'Dividendos 2022', NULL, NULL, 0, '2022-03-09'),
(41, 'Medidas alumnos y movimientos de caja', '2022-03-22', '02:00:00', 0, 110, NULL, NULL, 11, 11, 11, NULL, '2024-12-08 19:22:30', NULL, 'Dividendos 2022', NULL, NULL, 0, '2022-03-22'),
(42, 'Movimientos', '2022-03-23', '01:00:00', 0, 110, NULL, NULL, 11, 11, 11, NULL, '2024-12-08 19:22:30', NULL, 'Dividendos 2022', NULL, NULL, 0, '2022-03-23'),
(43, 'Clasificación de productos', '2022-03-27', '05:00:00', 0, 117, NULL, NULL, 11, 11, 11, NULL, '2024-12-08 19:22:30', '6/2022', 'Dividendos 2022', NULL, NULL, 0, '2022-03-27'),
(44, 'Parametrizar cuadro para pruebas con distintas autoescuelas', '2022-03-28', '02:00:00', 0, 110, NULL, NULL, 11, 11, 11, NULL, '2024-12-08 19:22:30', NULL, 'Dividendos 2022', NULL, NULL, 0, '2022-03-28'),
(45, 'Importación calendario php', '2022-03-29', '04:00:00', 0, 118, NULL, NULL, 1, 1, 11, NULL, '2024-12-08 19:22:19', NULL, 'Dividendos 2022', NULL, NULL, 0, '2022-03-29'),
(46, 'Crear eventos desde el calendario', '2022-03-29', '04:00:00', 0, 118, '<p>incluye el modulo calendario que he comprado</p>', NULL, 1, 1, 11, NULL, '2024-12-08 19:22:19', NULL, 'Compensación socios 2022', NULL, NULL, 0, '2022-03-29'),
(47, 'Cuadro de mandos AEOL - DGT', '2022-03-30', '11:00:00', 0, 178, '<p>Cuadro de mandos para AEOL de la base de datos \"dgt\"</p>', 11, 18, 10, 11, NULL, '2024-12-08 19:22:02', '4/2022', 'Compensación socios 2022', NULL, NULL, 0, '2022-03-30'),
(48, 'Modelo de datos', '2022-04-03', '03:00:00', 0, 119, NULL, 7, 11, 11, 11, NULL, '2024-12-08 19:22:30', NULL, 'Dividendos 2022', NULL, NULL, 0, '2022-04-03'),
(49, 'Imágenes', '2022-04-03', '01:30:00', 0, 119, NULL, 7, 11, 11, 11, NULL, '2024-12-08 19:22:30', NULL, 'Dividendos 2022', NULL, NULL, 0, '2022-04-03'),
(50, 'Pantalla revisión artículos', '2022-04-03', '01:00:00', 0, 134, NULL, NULL, 11, 11, 11, NULL, '2024-12-08 19:22:30', '6/2022', 'Dividendos 2022', NULL, NULL, 0, '2022-04-03'),
(51, 'Modelo de datos y esquema PBI', '2022-04-05', '04:00:00', 0, 120, NULL, NULL, 11, 11, 11, NULL, '2024-12-08 19:22:30', NULL, 'Dividendos 2022', NULL, NULL, 0, '2022-04-05'),
(52, 'Artículos', '2022-04-06', '02:00:00', 0, 119, NULL, 7, 11, 11, 11, NULL, '2024-12-08 19:22:30', '6/2022', 'Dividendos 2022', NULL, NULL, 0, '2022-04-06'),
(53, 'bbdd stock', '2022-04-06', '01:00:00', 0, 117, NULL, NULL, 11, 11, 11, NULL, '2024-12-08 19:22:30', '6/2022', 'Dividendos 2022', NULL, NULL, 0, '2022-04-06'),
(54, 'Documento factura', '2022-04-07', '01:30:00', 0, 120, NULL, NULL, 11, 11, 11, NULL, '2024-12-08 19:22:30', NULL, 'Dividendos 2022', NULL, NULL, 0, '2022-04-07'),
(55, 'Inventario: productos pendientes', '2022-04-10', '02:30:00', 0, 117, NULL, NULL, 11, 11, 11, NULL, '2024-12-08 19:22:30', '6/2022', 'Dividendos 2022', NULL, NULL, 0, '2022-04-10'),
(56, 'Redireccionamiento tras login', '2022-04-12', '00:30:00', 0, 116, '<p>Ya te lleva a la página de la que venías</p>', NULL, 1, 1, 11, NULL, '2024-12-08 19:22:19', NULL, 'Compensación socios 2022', NULL, NULL, 0, '2022-04-12'),
(57, 'Modelo de datos', '2022-04-11', '06:00:00', 0, 153, '<p>Modelo de datos y carga de dummies</p>', NULL, 11, 11, 11, NULL, '2024-12-08 19:22:30', NULL, 'Dividendos 2022', NULL, NULL, 0, '2022-04-11'),
(58, 'Cuadro de mandos', '2022-04-13', '03:00:00', 0, 153, NULL, NULL, 11, 11, 11, NULL, '2024-12-08 19:22:30', NULL, 'Dividendos 2022', NULL, NULL, 0, '2022-04-13'),
(59, 'Iconos y marcadores', '2022-04-15', '04:00:00', 0, 119, NULL, 7, 11, 11, 11, NULL, '2024-12-08 19:22:30', NULL, 'Dividendos 2022', NULL, NULL, 0, '2022-04-15'),
(60, 'Modelo de datos y cuadro de mandos', '2022-04-19', '05:00:00', 0, 124, NULL, NULL, 11, 11, 11, NULL, '2024-12-08 19:42:05', NULL, 'Compensación socios 2022', NULL, NULL, 0, '2022-04-19'),
(61, 'Presentación en Carlet', '2022-04-22', '03:00:00', 0, 124, NULL, 15, 11, 11, 11, NULL, '2024-12-08 19:22:30', NULL, 'Dividendos 2022', NULL, NULL, 0, '2022-04-22'),
(62, 'Reunión Javier Mendoza  ERPim', '2022-04-21', '02:30:00', 0, 154, '<p>ERP &nbsp;implantando en pauferro con front sobre access y back en sql server. Reunión de presentación con &nbsp;Javier <a href=\"tel:+34 654 044 952\">+34 654 044 952</a> de https://implementados.com/</p>', NULL, 11, 11, 11, NULL, '2024-12-08 19:22:30', NULL, 'Dividendos 2022', NULL, NULL, 0, '2022-04-21'),
(63, 'Modelo de datos: inclusión control_user en imputaciones', '2022-04-23', '01:00:00', 0, 120, NULL, NULL, 11, 11, 11, NULL, '2024-12-08 19:22:30', NULL, 'Dividendos 2022', NULL, NULL, 0, '2022-04-23'),
(64, 'Desplazamiento puesta en marcha', '2022-03-30', '12:00:00', 0, 119, NULL, 6, 11, 11, 11, NULL, '2024-12-08 19:42:05', NULL, 'Compensación socios 2022', NULL, NULL, 0, '2022-03-30'),
(65, 'Desplazamiento puesta en marcha', '2022-03-31', '12:00:00', 0, 119, NULL, 6, 11, 11, 11, NULL, '2024-12-08 19:42:05', NULL, 'Compensación socios 2022', NULL, NULL, 0, '2022-03-31'),
(66, 'Desplazamiento puesta en marcha', '2022-04-01', '08:00:00', 0, 119, NULL, 6, 11, 11, 11, NULL, '2024-12-08 19:22:30', NULL, 'Dividendos 2022', NULL, NULL, 0, '2022-04-01'),
(67, 'Formación y gestión stock', '2022-04-23', '01:30:00', 0, 119, '<p>Tutorial de cómo introducir artículos y albaranes que hacer una hoja Excel para que haga inventario con código de barras</p>', 5, 11, 11, 11, NULL, '2024-12-08 19:22:30', NULL, 'Dividendos 2022', NULL, NULL, 0, '2022-04-23'),
(68, 'Query volumetrías de tablas', '2021-10-05', '02:00:00', 0, 80, '<p>SELECT OBJECT_NAME(id),rowcnt#(lf)FROM sys.sysindexes#(lf)WHERE indid=1 and rowcnt&gt;0#(lf)ORDER BY rowcnt desc</p>', NULL, 11, 11, 11, NULL, '2024-12-08 19:22:30', NULL, 'Dividendos 2022', NULL, NULL, 0, '2021-10-05'),
(69, 'Llamada telefónica: Revisión artículos', '2022-04-27', '00:45:00', 0, 134, '<ul><li>Variedades de patatas que no se venden en tienda</li><li>Enviar excel proveedores para setear forma de pago</li><li>Ampliar diccionario formas de pago</li><li>Enviar consultas a Diakros:<ul><li>Incidencia apertura cajón de cobro</li><li>Orden en TPV de nuevos productos</li><li>Formato botones nuevas familias/productos</li></ul></li><li>Listado para actualizar “Al peso”</li></ul>', 7, 11, 11, 11, NULL, '2024-12-08 19:22:30', '6/2022', 'Dividendos 2022', NULL, NULL, 0, '2022-04-27'),
(70, 'Validación de datos', '2022-04-29', '02:00:00', 0, 134, '<ul><li>Quitar patatas de la venta</li><li>Nuevas formas de pago</li><li>actualizar artículos al peso</li><li>Actualizar % margen en artículos</li><li>actualizar precios según listado</li><li>revisar &nbsp;artículos duplicados</li></ul>', NULL, 11, 11, 11, NULL, '2024-12-08 19:22:30', '6/2022', 'Dividendos 2022', NULL, NULL, 0, '2022-04-29'),
(71, 'Revisión precios en albaranes no actualiza ficha artículo', '2022-04-29', '00:30:00', 0, 119, NULL, NULL, 11, 11, 11, NULL, '2024-12-08 19:22:30', NULL, 'Dividendos 2022', NULL, NULL, 0, '2022-04-29'),
(72, 'Albarán Biogra', '2022-04-29', '03:00:00', 0, 134, NULL, NULL, 11, 11, 11, NULL, '2024-12-08 19:22:30', NULL, 'Dividendos 2022', NULL, NULL, 0, '2022-04-29'),
(73, 'Gestión con Diakros y validación de datos', '2022-05-02', '03:00:00', 0, 135, NULL, NULL, 11, 11, 11, NULL, '2024-12-08 19:22:30', NULL, 'Dividendos 2022', NULL, NULL, 0, '2022-05-02'),
(74, 'Modificaciones en cuadros de mandos', '2022-05-03', '02:00:00', 0, 135, NULL, NULL, 11, 11, 11, NULL, '2024-12-08 19:22:30', NULL, 'Dividendos 2022', NULL, NULL, 0, '2022-05-03'),
(75, 'Reunión con José Manuel', '2022-05-03', '01:00:00', 0, 136, NULL, NULL, 11, 11, 11, NULL, '2024-12-08 19:22:30', NULL, 'Dividendos 2022', NULL, NULL, 0, '2022-05-03'),
(76, 'Reunión con Carolina y crearle usuario de prueba', '2022-05-04', '01:00:00', 0, 136, NULL, NULL, 11, 11, 11, NULL, '2024-12-08 19:22:30', NULL, 'Dividendos 2022', NULL, NULL, 0, '2022-05-04'),
(77, 'Creación de un seleccionar a 0 en los desplegables', '2022-05-03', '00:30:00', 0, 133, NULL, NULL, 18, 1, 11, NULL, '2024-12-08 19:22:02', NULL, 'Compensación socios 2022', NULL, NULL, 0, '2022-05-03'),
(78, 'Añadidas todas las opciones al crear la tabla configuración', '2022-05-06', '00:30:00', 0, 130, NULL, NULL, 1, 1, 11, NULL, '2024-12-08 19:22:19', NULL, 'Compensación socios 2022', NULL, NULL, 0, '2022-05-06'),
(79, 'Renombrado', '2022-05-03', '00:30:00', 0, 126, '<p>Falta que se permita hacer las dos a la vez</p>', NULL, 1, 1, 11, NULL, '2024-12-08 19:22:19', NULL, 'Compensación socios 2022', NULL, NULL, 0, '2022-05-03'),
(80, 'Ocultar id actual en subformularios', '2022-05-03', '00:30:00', 0, 97, NULL, NULL, 1, 1, 11, NULL, '2024-12-08 19:22:19', NULL, 'Compensación socios 2022', NULL, NULL, 0, '2022-05-03'),
(81, 'Carga 40 EAN', '2022-05-07', '00:30:00', 0, 134, NULL, NULL, 11, 11, 11, NULL, '2024-12-08 19:22:30', '6/2022', 'Dividendos 2022', NULL, NULL, 0, '2022-05-07'),
(82, 'Recálculo márgenes PowerBI', '2022-05-08', '02:00:00', 0, 135, NULL, NULL, 11, 11, 11, NULL, '2024-12-08 19:22:30', NULL, 'Dividendos 2022', NULL, NULL, 0, '2022-05-08'),
(83, 'adaptación cuadro mandos y gestión usuarios de pruebas', '2022-05-12', '02:00:00', 0, 153, NULL, NULL, 11, 11, 11, NULL, '2024-12-08 19:22:30', NULL, 'Dividendos 2022', NULL, NULL, 0, '2022-05-12'),
(84, 'Recuperación factura 217', '2022-05-14', '00:30:00', 0, 135, NULL, NULL, 11, 11, 11, NULL, '2024-12-08 19:22:30', NULL, 'Dividendos 2022', NULL, NULL, 0, '2022-05-14'),
(85, 'CM Freshquita', '2022-05-07', '03:00:00', 0, 119, '<p>Añadir bookmarks y cambiar el formato del cuadro de mandos</p>', 7, 18, 10, 11, NULL, '2024-12-08 19:22:02', NULL, 'Compensación socios 2022', NULL, NULL, 0, '2022-05-07'),
(86, 'Artículos Al peso', '2022-05-25', '00:45:00', 0, 134, NULL, NULL, 11, 11, 11, NULL, '2024-12-08 19:22:30', '6/2022', 'Dividendos 2022', NULL, NULL, 0, '2022-05-25'),
(87, 'Cambio realizado', '2022-05-25', '01:30:00', 0, 138, '<p>Me ha costado un poco interpretar correctamente las instrucciones peo ya está resuelto</p>', NULL, 1, 1, 11, NULL, '2024-12-08 19:22:19', NULL, 'Compensación socios 2022', NULL, NULL, 0, '2022-05-25'),
(88, 'Cambio de cuadro de mandos', '2022-05-25', '01:00:00', 0, 138, '<p>Generar sistema para cambio rápido de cuadro de mandos por usuario<br>Ya que estoy con esto termino la gestión</p>', NULL, 1, 1, 11, NULL, '2024-12-08 19:22:19', NULL, 'Compensación socios 2022', NULL, NULL, 0, '2022-05-25'),
(89, 'Formación: ejercicios iniciales', '2022-05-24', '02:00:00', 0, 134, NULL, 5, 11, 11, 11, NULL, '2024-12-08 19:22:30', NULL, 'Dividendos 2022', NULL, NULL, 0, '2022-05-24'),
(90, 'Solventar dudas', '2022-05-28', '00:30:00', 0, 134, NULL, 5, 11, 11, 11, NULL, '2024-12-08 19:22:30', NULL, 'Dividendos 2022', NULL, NULL, 0, '2022-05-28'),
(91, 'Insertar CM en cualquier aplicación', '2022-06-02', '03:00:00', 0, 138, '<p>Ya he generado el sistema de tokens de un solo uso para poder insertar cm en cualquier aplicación de cliente</p>', NULL, 1, 1, 11, NULL, '2024-12-08 19:22:19', NULL, 'Compensación socios 2022', NULL, NULL, 0, '2022-06-02'),
(92, 'Problemas conexión router', '2022-06-04', '01:00:00', 0, 134, NULL, NULL, 11, 11, 11, NULL, '2024-12-08 19:22:30', '6/2022', 'Dividendos 2022', NULL, NULL, 0, '2022-06-04'),
(93, 'Log de conexiones de usuario', '2022-06-09', '00:30:00', 0, 98, '<p>Creación de tabla común con datos de ip, id usuario y fecha y hora y registro cuando se hace login del usuario que lo ha realizado. Falta subir a producción.</p>', NULL, 1, 1, 11, NULL, '2024-12-08 19:22:19', NULL, 'Compensación socios 2022', NULL, NULL, 0, '2022-06-09'),
(94, 'Subido a producción', '2022-06-10', '00:30:00', 0, 98, NULL, NULL, 1, 1, 11, NULL, '2024-12-08 19:22:19', NULL, 'Compensación socios 2022', NULL, NULL, 0, '2022-06-10'),
(95, 'Creación del campo y funcionalidad', '2022-05-03', '01:00:00', 0, 139, '<p>No sé si ya estaba en otra tarea pero no la encuentro</p>', NULL, 18, 1, 11, NULL, '2024-12-08 19:22:02', NULL, 'Compensación socios 2022', NULL, NULL, 0, '2022-05-03'),
(96, 'Cambio el mapa por un enlace', '2022-06-16', '01:00:00', 0, 139, NULL, NULL, 18, 1, 11, NULL, '2024-12-08 19:22:02', NULL, 'Compensación socios 2022', NULL, NULL, 0, '2022-06-16'),
(97, 'Revisión de funcionalidad y creación de loginas', '2022-06-17', '01:30:00', 0, 133, NULL, NULL, 18, 1, 11, NULL, '2024-12-08 19:22:02', NULL, 'Compensación socios 2022', NULL, NULL, 0, '2022-06-17'),
(98, 'Añadido a las tablas correspondientes de vacation', '2022-07-04', '00:30:00', 0, 139, NULL, NULL, 18, 1, 11, NULL, '2024-12-08 19:22:02', NULL, 'Compensación socios 2022', NULL, NULL, 0, '2022-07-04'),
(99, 'Ocultar artículos HORECA en TPV', '2022-07-14', '01:00:00', 0, 134, NULL, NULL, 11, 11, 11, NULL, '2024-12-08 19:22:30', NULL, 'Dividendos 2022', NULL, NULL, 0, '2022-07-14'),
(100, 'Modificaciones en ventas', '2022-07-14', '01:00:00', 0, 119, NULL, NULL, 11, 11, 11, NULL, '2024-12-08 19:22:30', NULL, 'Dividendos 2022', NULL, NULL, 0, '2022-07-14'),
(101, 'Restaurar y modificar datos', '2022-08-25', '01:30:00', 0, 140, NULL, NULL, 11, 11, 11, NULL, '2024-12-08 19:22:30', '8/2022', 'Dividendos 2022', NULL, NULL, 0, '2022-08-25'),
(104, 'recuperar copia', '2022-08-25', '00:30:00', 0, 140, NULL, NULL, 1, 11, 11, NULL, '2024-12-08 19:22:19', '8/2022', 'Compensación socios 2022', NULL, NULL, 0, '2022-08-25'),
(105, 'Revisión de datos inscritos', '2022-09-02', '00:30:00', 0, 141, NULL, NULL, 11, 11, 11, NULL, '2024-12-08 19:22:30', '8/2022', 'Dividendos 2022', NULL, NULL, 0, '2022-09-02'),
(106, 'Calculo de facturación por curso', '2022-09-03', '01:00:00', 0, 142, NULL, NULL, 11, 11, 11, NULL, '2024-12-08 19:22:30', NULL, 'Dividendos 2022', NULL, NULL, 0, '2022-09-03'),
(107, 'Revisión de inscritos vs pagos', '2022-09-13', '00:15:00', 0, 141, NULL, NULL, 11, 11, 11, NULL, '2024-12-08 19:22:30', '8/2022', 'Dividendos 2022', NULL, NULL, 0, '2022-09-13'),
(108, 'Crear campo y nuevo filtro en PBI', '2022-09-13', '01:00:00', 0, 143, NULL, NULL, 11, 11, 11, NULL, '2024-12-08 19:22:30', NULL, 'Dividendos 2022', NULL, NULL, 0, '2022-09-13'),
(109, 'Modelo de datos', '2022-09-13', '01:00:00', 0, 144, NULL, 17, 11, 11, 11, NULL, '2024-12-08 19:22:30', NULL, 'Dividendos 2022', NULL, NULL, 0, '2022-09-13'),
(110, 'Solucionar incidencia en la creación de pagos por error en la configuración del nuevo campo updatedat', '2022-09-14', '00:30:00', 0, 143, NULL, NULL, 11, 11, 11, NULL, '2024-12-08 19:22:30', NULL, 'Dividendos 2022', NULL, NULL, 0, '2022-09-14'),
(111, 'Finalizado', '2022-09-15', '00:30:00', 0, 145, '<p>Añadido el reportid a la tabla de pbi asignado el permiso a la aplicación opland y mostrado para todos los usuarios de idrica</p>', NULL, 1, 12, 11, NULL, '2024-12-08 19:22:19', NULL, 'Compensación socios 2022', NULL, NULL, 0, '2022-09-15'),
(112, 'Modificación CM', '2022-09-17', '02:00:00', 0, 110, NULL, NULL, 18, 2, 11, NULL, '2024-12-08 19:22:02', NULL, 'Compensación socios 2022', NULL, NULL, 0, '2022-09-17'),
(113, 'Crear campos y modificar BI', '2022-09-21', '01:00:00', 0, 146, NULL, NULL, 11, 11, 11, NULL, '2024-12-08 19:22:30', NULL, 'Dividendos 2022', NULL, NULL, 0, '2022-09-21'),
(114, 'Análisis de datos', '2022-09-21', '01:00:00', 0, 144, NULL, 17, 11, 11, 11, NULL, '2024-12-08 19:22:30', NULL, 'Dividendos 2022', NULL, NULL, 0, '2022-09-21'),
(115, 'Análisis de datos', '2022-09-27', '01:00:00', 0, 144, NULL, 17, 11, 11, 11, NULL, '2024-12-08 19:22:30', NULL, 'Dividendos 2022', NULL, NULL, 0, '2022-09-27'),
(116, 'Merge realizado', '2022-09-29', '05:30:00', 0, 147, NULL, NULL, 1, 1, 11, NULL, '2024-12-08 19:22:19', NULL, 'Dividendos 2022', NULL, NULL, 0, '2022-09-29'),
(117, 'Aplicar el merge a desarrollos', '2022-09-29', '02:30:00', 0, 147, NULL, NULL, 1, 1, 11, NULL, '2024-12-08 19:22:19', NULL, 'Compensación socios 2022', NULL, NULL, 0, '2022-09-29'),
(118, 'Últimas mejoras y código perdido y recuperado', '2022-09-30', '02:00:00', 0, 147, NULL, NULL, 1, 1, 11, NULL, '2024-12-08 19:22:19', NULL, 'Compensación socios 2022', NULL, NULL, 0, '2022-09-30'),
(119, 'Permitir controlar los permisos por role de proyecto', '2022-10-03', '01:00:00', 0, 148, NULL, NULL, 1, 1, 11, NULL, '2024-12-08 19:22:19', NULL, 'Compensación socios 2022', NULL, NULL, 0, '2022-10-03'),
(120, 'Metricas crm', '2022-10-09', '02:00:00', 0, 144, NULL, 17, 11, 11, 11, NULL, '2024-12-08 19:22:30', NULL, 'Dividendos 2022', NULL, NULL, 0, '2022-10-09'),
(121, 'Recalculo de métricas y cambio de estétiva', '2022-10-12', '02:30:00', 0, 144, NULL, 17, 11, 11, 11, NULL, '2024-12-08 19:22:30', NULL, 'Dividendos 2022', NULL, NULL, 0, '2022-10-12'),
(122, 'Revisión requerimientos', '2022-10-11', '00:45:00', 0, 144, NULL, 17, 11, 11, 11, NULL, '2024-12-08 19:22:30', NULL, 'Dividendos 2022', NULL, NULL, 0, '2022-10-11'),
(123, 'Mapeo de permisos', '2022-10-12', '01:00:00', 0, 144, NULL, 17, 11, 11, 11, NULL, '2024-12-08 19:22:30', NULL, 'Dividendos 2022', NULL, NULL, 0, '2022-10-12'),
(124, 'Modificación tareas, materiales y precios. Nueva tabla Albaranes', '2022-10-14', '02:00:00', 0, 149, NULL, NULL, 11, 11, 11, NULL, '2024-12-08 19:22:30', NULL, 'Dividendos 2022', NULL, NULL, 0, '2022-10-14'),
(125, 'Modificación cuadro de mandos', '2022-10-08', '02:00:00', 0, 110, '<p>Ordenar meses en el tooltip y hacer versión móvil&nbsp;</p>', 11, 18, 2, 11, NULL, '2024-12-08 19:22:02', NULL, 'Compensación socios 2022', NULL, NULL, 0, '2022-10-08'),
(126, 'Explotar tabla ausencias en PowerBI', '2022-10-19', '02:00:00', 0, 150, NULL, NULL, 11, 11, 11, NULL, '2024-12-08 19:22:30', '5/2023', 'Dividendos 2022', NULL, NULL, 0, '2022-10-19'),
(127, 'Toma de requerimientos', '2022-10-14', '01:30:00', 0, 150, NULL, NULL, 11, 11, 11, NULL, '2024-12-08 19:22:30', '5/2023', 'Dividendos 2022', NULL, NULL, 0, '2022-10-14'),
(128, 'Modificación modelo de datos', '2022-10-18', '01:30:00', 0, 150, NULL, NULL, 11, 11, 11, NULL, '2024-12-08 19:22:30', '5/2023', 'Dividendos 2022', NULL, NULL, 0, '2022-10-18'),
(129, 'Calendarios ausencias y festivos', '2022-10-20', '02:00:00', 0, 150, NULL, NULL, 11, 11, 11, NULL, '2024-12-08 19:22:30', '5/2023', 'Dividendos 2022', NULL, NULL, 0, '2022-10-20'),
(130, 'Enviar mail felicitando', '2022-10-21', '01:30:00', 0, 151, NULL, NULL, 1, 1, 11, NULL, '2024-12-08 19:22:19', NULL, 'Compensación socios 2022', NULL, NULL, 0, '2022-10-21'),
(131, 'Cambiamos la forma de envío y usamos sendinblue', '2022-10-21', '00:30:00', 0, 152, NULL, NULL, 1, 1, 11, NULL, '2024-12-08 19:22:19', NULL, 'Compensación socios 2022', NULL, NULL, 0, '2022-10-21'),
(132, 'Adaptadas todas las personalizaciones N&F al nuevo estilo para poder subir estos cambios', '2022-10-21', '01:00:00', 0, 147, NULL, NULL, 1, 1, 11, NULL, '2024-12-08 19:22:19', NULL, 'Dividendos 2022', NULL, NULL, 0, '2022-10-21'),
(133, 'Creados dos botones para las distintas formas de pago', '2022-10-21', '00:30:00', 0, 156, NULL, NULL, 1, 1, 11, NULL, '2024-12-08 19:22:19', NULL, 'Compensación socios 2022', NULL, NULL, 0, '2022-10-21'),
(134, 'Mejorada la introducción de elementos en la subtabla', '2022-10-21', '00:30:00', 0, 147, '<p>Ahora aparece seleccionada y no se puede cambiar la tabla principal</p>', NULL, 1, 1, 11, NULL, '2024-12-08 19:22:19', NULL, 'Compensación socios 2022', NULL, NULL, 0, '2022-10-21'),
(135, 'Guardamos la url al hacer login y otras', '2022-10-21', '00:30:00', 0, 147, NULL, NULL, 1, 1, 11, NULL, '2024-12-08 19:22:19', NULL, 'Compensación socios 2022', NULL, NULL, 0, '2022-10-21'),
(136, 'Modificaciones: nuevas métricas', '2022-10-21', '02:00:00', 0, 144, NULL, 17, 11, 11, 11, NULL, '2024-12-08 19:22:30', NULL, 'Dividendos 2022', NULL, NULL, 0, '2022-10-21'),
(137, 'Modificaciones: nuevos filtros', '2022-10-22', '01:00:00', 0, 144, NULL, 17, 11, 11, 11, NULL, '2024-12-08 19:22:30', NULL, 'Dividendos 2022', NULL, NULL, 0, '2022-10-22'),
(139, 'Incidencia permisos vendidos duplicados', '2022-10-26', '00:30:00', 0, 144, NULL, 17, 11, 11, 11, NULL, '2024-12-08 19:22:30', NULL, 'Dividendos 2022', NULL, NULL, 0, '2022-10-26'),
(140, 'Dashboard e imagen inmuebles', '2022-10-26', '01:30:00', 0, 150, NULL, NULL, 11, 11, 11, NULL, '2024-12-08 19:22:30', '5/2023', 'Dividendos 2022', NULL, NULL, 0, '2022-10-26'),
(141, 'Estado trabajador según ausencias', '2022-11-01', '01:00:00', 0, 150, NULL, NULL, 11, 11, 11, NULL, '2024-12-08 19:22:30', '5/2023', 'Dividendos 2022', NULL, NULL, 0, '2022-11-01'),
(142, 'Mejoras del listado de raúl', '2022-11-02', '02:00:00', 0, 147, '<p>Multiples cambios en ficheros debidos al merge y ajustes de todo tipo</p>', NULL, 1, 1, 11, NULL, '2024-12-08 19:22:19', NULL, 'Compensación socios 2022', NULL, NULL, 0, '2022-11-02'),
(143, 'Validación pantallas Vacation y Fitness', '2022-11-04', '02:00:00', 0, 147, NULL, NULL, 11, 11, 11, NULL, '2024-12-08 19:22:30', NULL, 'Dividendos 2022', NULL, NULL, 0, '2022-11-04'),
(144, 'Cambio clasificación Programas y corrección de errores', '2022-11-06', '01:00:00', 0, 144, NULL, 17, 11, 11, 11, NULL, '2024-12-08 19:22:30', NULL, 'Dividendos 2022', NULL, NULL, 0, '2022-11-06'),
(145, 'Dejar gestion listo para el cambio de estilos', '2022-11-09', '02:00:00', 0, 147, NULL, NULL, 1, 1, 11, NULL, '2024-12-08 19:22:19', NULL, 'Compensación socios 2022', NULL, NULL, 0, '2022-11-09'),
(146, 'Validación pantallas Fitness', '2022-11-11', '01:30:00', 0, 147, NULL, NULL, 11, 11, 11, NULL, '2024-12-08 19:22:30', NULL, 'Dividendos 2022', NULL, NULL, 0, '2022-11-11'),
(147, 'Cálculo días ausencias y formato listado usuarios y ficha usuario', '2022-11-13', '02:30:00', 0, 150, NULL, NULL, 11, 11, 11, NULL, '2024-12-08 19:22:30', '5/2023', 'Dividendos 2022', NULL, NULL, 0, '2022-11-13'),
(148, 'Subidos cambios por vacation y naturefitnes', '2022-11-14', '01:30:00', 0, 147, NULL, NULL, 1, 1, 11, NULL, '2024-12-08 19:22:19', NULL, 'Compensación socios 2022', NULL, NULL, 0, '2022-11-14'),
(149, 'Nuevas adaptaciones NatureFitnes', '2022-11-16', '01:00:00', 0, 147, NULL, NULL, 1, 1, 11, NULL, '2024-12-08 19:22:19', NULL, 'Compensación socios 2022', NULL, NULL, 0, '2022-11-16'),
(150, 'Actualización Cuadro de Mandos', '2022-11-15', '00:30:00', 0, 150, NULL, NULL, 18, 2, 11, NULL, '2024-12-08 19:22:02', '5/2023', 'Compensación socios 2022', NULL, NULL, 0, '2022-11-15'),
(151, 'Revisión de modificaciones en nueva versión para NF y VM', '2022-11-12', '02:00:00', 0, 147, NULL, NULL, 18, 2, 11, NULL, '2024-12-08 19:22:02', NULL, 'Compensación socios 2022', NULL, NULL, 0, '2022-11-12'),
(152, 'Validación pantallas Fitness', '2022-11-17', '01:00:00', 0, 147, NULL, NULL, 11, 11, 11, NULL, '2024-12-08 19:22:30', NULL, 'Dividendos 2022', NULL, NULL, 0, '2022-11-17'),
(153, 'Cambio estilo plantilla', '2022-11-17', '01:00:00', 0, 150, NULL, NULL, 11, 11, 11, NULL, '2024-12-08 19:22:30', NULL, 'Dividendos 2022', NULL, NULL, 0, '2022-11-17'),
(154, 'Información de programas y modificación relaciones para filtrado de listado', '2022-11-24', '02:00:00', 0, 144, NULL, 17, 11, 11, 11, NULL, '2024-12-08 19:22:30', NULL, 'Dividendos 2022', NULL, NULL, 0, '2022-11-24'),
(155, 'Incidencia con elementos archivados', '2022-11-23', '01:00:00', 0, 152, NULL, NULL, 11, 11, 11, NULL, '2024-12-08 19:22:30', NULL, 'Dividendos 2022', NULL, NULL, 0, '2022-11-23'),
(156, 'Mapeo nuevos programas y diseño final de pantallas', '2022-11-26', '01:30:00', 0, 144, NULL, 17, 11, 11, 11, NULL, '2024-12-08 19:22:30', NULL, 'Dividendos 2022', NULL, NULL, 0, '2022-11-26'),
(157, 'Cambiadas todas las tablas', '2022-11-25', '03:00:00', 0, 157, '<p>Solo me falta users pero seguramente haga algo distinto</p>', NULL, 1, 1, 11, NULL, '2024-12-08 19:22:19', NULL, 'Compensación socios 2022', NULL, NULL, 0, '2022-11-25'),
(158, 'Revisión OPland y CM', '2022-12-02', '02:30:00', 0, 150, NULL, NULL, 11, 11, 11, NULL, '2024-12-08 19:22:30', '5/2023', 'Dividendos 2022', NULL, NULL, 0, '2022-12-02'),
(159, 'Formación Alejandra albaranes de venta y revisión datos', '2022-12-03', '02:30:00', 0, 158, '<p>Formación creación albaranes de venta (llamada telefónica 75min)</p><p>Revisión datos por modificación manual del %beneficio horeca -→ Lo han cambiado de 30% a 0% y están metiendo el precio de compra en el campo precio horeca, que es el que se calcula automáticamente desde el albarán de compra.</p><p>Esto no ha tenido consecuencias porque no están haciendo albaranes de venta.</p>', 22, 11, 11, 11, NULL, '2024-12-08 19:22:30', '3/2023', 'Dividendos 2022', NULL, NULL, 0, '2022-12-03'),
(160, 'Subir a producción', '2022-12-05', '01:30:00', 0, 157, '<p>Subidos a producción los cambios, a partir de ahora salvo \"users\" que no se puede cambiar, el resto de tablas maestras deberían empezar por admin_ y se deberían gestionar desde el proyecto admin.</p>', NULL, 1, 1, 11, NULL, '2024-12-08 19:22:19', NULL, 'Compensación socios 2022', NULL, NULL, 0, '2022-12-05'),
(161, 'Botones semiautomáticos', '2022-12-05', '02:00:00', 0, 159, '<p>Al editar los campos de una tabla se pueden asignar con solo apretar un botón, campos claves como “deleted” que permite archivar entradas en ese tabla, control_user que permite llevar un control de los usuarios que pueden modificar esa tabla y se podrían crear más sin problema.</p>', NULL, 1, 1, 11, NULL, '2024-12-08 19:22:19', NULL, 'Compensación socios 2022', NULL, NULL, 0, '2022-12-05'),
(162, 'Formación Opland a Vito, Araceli y Carolina', '2022-12-09', '01:00:00', 0, 150, NULL, NULL, 11, 11, 11, NULL, '2024-12-08 19:22:30', '5/2023', 'Dividendos 2022', NULL, NULL, 0, '2022-12-09'),
(163, 'Recálculo horas extras con compensación y horas extra remoto', '2022-12-10', '02:30:00', 0, 150, NULL, NULL, 11, 11, 11, NULL, '2024-12-08 19:22:30', '5/2023', 'Dividendos 2022', NULL, NULL, 0, '2022-12-10'),
(164, 'Validación desarrollos', '2022-12-11', '01:30:00', 0, 162, NULL, NULL, 11, 11, 11, NULL, '2024-12-08 19:22:30', NULL, 'Dividendos 2022', NULL, NULL, 0, '2022-12-11'),
(165, 'Diseño resumen, mejoras, tareas, imputaciones, caja y facturación', '2022-12-11', '08:00:00', 0, 163, NULL, NULL, 18, 2, 11, NULL, '2024-12-08 19:22:02', NULL, 'Compensación socios 2022', NULL, NULL, 0, '2022-12-11'),
(166, 'Cambio tamaño O, imagen y tamaño logo y ajuste Usuario y Password. Pruebas imágenes fondo.', '2022-12-09', '03:00:00', 0, 164, NULL, NULL, 18, 2, 11, NULL, '2024-12-08 19:22:02', NULL, 'Compensación socios 2022', NULL, NULL, 0, '2022-12-09'),
(167, 'Revisión nuevas mejoras con Raúl', '2022-12-14', '01:00:00', 0, 162, NULL, NULL, 11, 11, 11, NULL, '2024-12-08 19:22:30', NULL, 'Dividendos 2022', NULL, NULL, 0, '2022-12-14'),
(168, 'Validación mejoras con Raúl', '2022-12-18', '01:00:00', 0, 162, NULL, NULL, 11, 11, 11, NULL, '2024-12-08 19:22:30', NULL, 'Dividendos 2022', NULL, NULL, 0, '2022-12-18'),
(169, 'Solicitud de ofertas a Diakros, Bartolome y preparación de presupuesto', '2022-12-21', '02:00:00', 0, 166, NULL, 22, 11, 11, 11, NULL, '2024-12-08 19:22:30', '2/2023', 'Dividendos 2022', NULL, NULL, 0, '2022-12-21'),
(170, 'Presupuesto cuotas mantenimiento VM y N&F', '2022-12-21', '01:00:00', 0, 165, NULL, NULL, 11, 11, 11, NULL, '2024-12-08 19:22:30', NULL, 'Dividendos 2022', NULL, NULL, 0, '2022-12-21'),
(172, 'Boton archivado', '2022-12-20', '01:30:00', 0, 155, '<p>En realidad solucioné eso y otras cosas y sé que no va aquí pero como esas tareas las tiene raúl, pues lo pongo aquí y de todos modos ahora soluciono esto también…</p>', NULL, 1, 1, 11, NULL, '2024-12-08 19:22:19', NULL, 'Compensación socios 2022', NULL, NULL, 0, '2022-12-20'),
(173, 'Usuario BBVA, revisión movimientos cuenta y revisión IVA 2Q2022', '2022-12-29', '02:00:00', 0, 165, NULL, NULL, 11, 11, 11, NULL, '2024-12-08 19:22:30', NULL, 'Dividendos 2022', NULL, NULL, 0, '2022-12-29'),
(174, 'Modificación descrita en la tarea', '2022-12-29', '01:00:00', 0, 167, NULL, NULL, 11, 11, 11, NULL, '2024-12-08 19:22:30', NULL, 'Dividendos 2022', NULL, NULL, 0, '2022-12-29'),
(175, 'Adaptación cuadro de mandos operaciones', '2022-12-30', '01:00:00', 0, 150, NULL, NULL, 11, 11, 11, NULL, '2024-12-08 19:22:30', '5/2023', 'Dividendos 2022', NULL, NULL, 0, '2022-12-30'),
(176, 'Extracción de datos de TPV Chipolino', '2023-01-02', '04:00:00', 0, 158, NULL, 22, 11, 11, 11, NULL, '2024-12-09 06:37:32', '3/2023', 'Factura 2024', NULL, NULL, 0, '2023-01-02'),
(177, 'Análisis datos Chipolino y cruce con datos TPV LF', '2023-01-03', '02:00:00', 0, 166, NULL, 22, 11, 11, 11, NULL, '2024-12-08 19:22:30', '2/2023', 'Dividendos 2023', NULL, NULL, 0, '2023-01-03'),
(178, 'Carga de artículos Chipolino en TPV Diakros', '2023-01-05', '06:00:00', 0, 158, NULL, 22, 11, 11, 11, NULL, '2024-12-08 19:22:30', '3/2023', 'Dividendos 2023', NULL, NULL, 0, '2023-01-05'),
(179, 'Modificación IVA productos 0%', '2023-01-05', '02:00:00', 0, 158, NULL, 22, 11, 11, 11, NULL, '2024-12-08 19:22:30', '3/2023', 'Dividendos 2023', NULL, NULL, 0, '2023-01-05'),
(180, 'Inclusión de costes en plantilla Inventario', '2023-01-12', '00:30:00', 0, 158, NULL, 22, 11, 11, 11, NULL, '2024-12-08 19:22:30', '3/2023', 'Dividendos 2023', NULL, NULL, 0, '2023-01-12'),
(181, 'Incidencia conexión central-remoto', '2023-01-11', '01:30:00', 0, 166, NULL, 22, 11, 11, 11, NULL, '2024-12-08 19:22:30', '2/2023', 'Dividendos 2023', NULL, NULL, 0, '2023-01-11'),
(182, 'Modificar cuadro de mandos de VM para Santi y para el resto', '2023-01-10', '02:00:00', 0, 150, NULL, NULL, 11, 2, 11, NULL, '2024-12-09 06:37:32', NULL, 'Factura 2024', NULL, NULL, 0, '2023-01-10'),
(183, 'Modificar cuadro de mandos de VM para Santi y para el resto', '2023-01-12', '01:00:00', 0, 150, NULL, NULL, 11, 2, 11, NULL, '2024-12-09 06:37:32', NULL, 'Factura 2024', NULL, NULL, 0, '2023-01-12'),
(184, 'Análisis \"incidencias\" Dopi', '2023-01-12', '02:00:00', 0, 144, '<ol><li>Me gustaría saber el plazo de tiempo, cuando dice los últimos 12 meses de cuando a cuando va.</li><li>Por otro lado si filtramos por la zona dgt nos da un dato que no tiene sentido. En concreto en albacete por ejemplo debería haber más de 50 autoescuelas y dice que hay 9.</li><li>Por último aparecen muchos códigos provinciales con el bit DGT y el bit de AEOL apagados, es decir que ni están en la dgt ni en aeol, pero entonces de donde salen? si por ejemplo pones provincia Albacete, permiso B, en el listado aparecen varios pero en general aparecen en más sitios y no tienen ni nombre ni nada así que no sabemos a qué corresponden...</li></ol>', NULL, 11, 11, 11, NULL, '2024-12-09 06:37:32', NULL, 'Factura 2024', NULL, NULL, 0, '2023-01-12'),
(185, 'Modificación modelo de datos y rating autoescuelas', '2023-01-16', '01:00:00', 0, 144, NULL, NULL, 11, 11, 11, NULL, '2024-12-09 06:37:32', NULL, 'Factura 2024', NULL, NULL, 0, '2023-01-16'),
(186, 'Modificación de queries para optimizar funcionamiento de cuadros de mandos Diakros', '2023-01-14', '04:00:00', 0, 166, NULL, 22, 11, 11, 11, NULL, '2024-12-08 19:22:30', '2/2023', 'Dividendos 2023', NULL, NULL, 0, '2023-01-14'),
(187, 'Revisión queries por diferencias entre series AL y AT', '2023-01-17', '02:00:00', 0, 166, NULL, 22, 11, 11, 11, NULL, '2024-12-08 19:22:30', '2/2023', 'Dividendos 2023', NULL, NULL, 0, '2023-01-17'),
(188, 'Validación subida a PRO', '2023-01-20', '00:30:00', 0, 162, NULL, NULL, 11, 11, 11, NULL, '2024-12-08 19:22:30', NULL, 'Factura 2024', NULL, NULL, 0, '2023-01-20'),
(189, 'Modificar cuadro de mandos de VM para Santi y para el resto', '2023-01-19', '01:00:00', 0, 150, NULL, NULL, 11, 2, 11, NULL, '2024-12-09 06:37:32', NULL, 'Factura 2024', NULL, NULL, 0, '2023-01-19'),
(190, 'Modificar cuadro de mandos de VM para Santi y para el resto', '2023-01-21', '02:30:00', 0, 150, NULL, NULL, 11, 2, 11, NULL, '2024-12-09 06:37:32', NULL, 'Factura 2024', NULL, NULL, 0, '2023-01-21'),
(191, 'Modificar cuadro de mandos de VM para Santi y para el resto', '2023-01-13', '02:00:00', 0, 150, NULL, NULL, 11, 2, 11, NULL, '2024-12-09 06:37:32', NULL, 'Factura 2024', NULL, NULL, 0, '2023-01-13'),
(192, 'Poder modificar un select a partir de otro select seleccionado', '2023-01-24', '03:00:00', 0, 51, '<p>Esto se puede aplicar a cualquier proyecto como personalización</p>', NULL, 1, 1, 11, NULL, '2024-12-08 19:22:19', NULL, 'Compensación socios 2024', NULL, NULL, 0, '2023-01-24'),
(193, 'Puesta en  marcha Dugarse', '2023-01-25', '04:00:00', 0, 169, NULL, NULL, 11, 11, 11, NULL, '2024-12-08 19:22:30', NULL, 'Factura 2024', NULL, NULL, 0, '2023-01-25'),
(194, 'Revisión cuadro de mandos', '2023-01-26', '01:00:00', 0, 150, NULL, NULL, 11, 11, 11, NULL, '2024-12-09 06:37:32', '5/2023', 'Factura 2024', NULL, NULL, 0, '2023-01-26'),
(195, 'Revisión incidencias Dugarse', '2023-01-25', '01:00:00', 0, 169, '<p>reporte de incidencias con el cambio de contraseña, error en despliegue de menú tres puntos.</p><p>reporte de personalizaciones</p>', NULL, 11, 11, 11, NULL, '2024-12-08 19:22:30', NULL, 'Factura 2024', NULL, NULL, 0, '2023-01-25'),
(196, 'Carga de usuarios y tiendas y generación de tokens', '2023-01-30', '02:00:00', 0, 169, NULL, NULL, 11, 11, 11, NULL, '2024-12-08 19:22:30', NULL, 'Factura 2024', NULL, NULL, 0, '2023-01-30'),
(197, 'Modificación queries y tablas agregadas en DAX para el cálculo de márgenes vs compra anterior', '2023-01-27', '04:00:00', 0, 168, NULL, NULL, 11, 11, 11, NULL, '2024-12-08 19:22:30', NULL, 'Compensación socios 2024', NULL, NULL, 0, '2023-01-27'),
(198, 'Personalizaciones urgentes', '2023-01-31', '02:00:00', 0, 169, '<p>Todo lo que había en la tarea <a href=\"https://desarrollos.opland.es/ficha/tareasraul/mejoras/118\">https://desarrollos.opland.es/ficha/tareasraul/mejoras/118</a> menos lo del proceso diario</p>', NULL, 1, 1, 11, NULL, '2024-12-08 19:22:19', NULL, 'Compensación socios 2024', NULL, NULL, 0, '2023-01-31'),
(199, 'Modificar cuadro de mandos de VM para Santi y para el resto', '2023-01-31', '03:00:00', 0, 150, NULL, NULL, 11, 2, 11, NULL, '2024-12-09 06:37:32', NULL, 'Factura 2024', NULL, NULL, 0, '2023-01-31'),
(200, 'Modificación cuadro de mandos LF: validación de artículos', '2023-02-01', '02:00:00', 0, 166, NULL, 22, 11, 2, 11, NULL, '2024-12-08 19:22:30', '2/2023', 'Dividendos 2023', NULL, NULL, 0, '2023-02-01'),
(201, 'Revisión de precios de LaFreshquita', '2023-02-03', '01:00:00', 0, 158, NULL, 22, 11, 2, 11, NULL, '2024-12-08 19:22:30', '3/2023', 'Dividendos 2023', NULL, NULL, 0, '2023-02-03'),
(202, 'Formatear fichero nuevos precios Chipolino (excel)', '2023-02-01', '03:00:00', 0, 158, NULL, 22, 11, 2, 11, NULL, '2024-12-08 19:22:30', '3/2023', 'Dividendos 2023', NULL, NULL, 0, '2023-02-01'),
(203, 'Configuración de Anydesk desde Chipolino', '2023-02-03', '00:30:00', 0, 158, NULL, 22, 11, 2, 11, NULL, '2024-12-08 19:22:30', '3/2023', 'Dividendos 2023', NULL, NULL, 0, '2023-02-03'),
(204, 'Validación modificaciones Dugarse', '2023-02-03', '01:00:00', 0, 149, NULL, NULL, 11, 2, 11, NULL, '2024-12-08 19:22:30', NULL, 'Factura 2024', NULL, NULL, 0, '2023-02-03'),
(205, 'Formación Stefanía: sesión I', '2023-02-06', '00:45:00', 0, 158, NULL, 22, 11, 11, 11, NULL, '2024-12-08 19:22:30', '3/2023', 'Dividendos 2023', NULL, NULL, 0, '2023-02-06'),
(206, 'Carga de nuevos precios y sincronización con TPV2', '2023-02-04', '02:00:00', 0, 158, NULL, 22, 11, 11, 11, NULL, '2024-12-08 19:22:30', '3/2023', 'Dividendos 2023', NULL, NULL, 0, '2023-02-04'),
(207, 'Llamada Estefania: problema con IVAs en factura Cadidiet', '2023-02-09', '01:00:00', 0, 158, '<p>Modificación del PowerBI para filtrar por IVA y nombres de artículos</p>', 22, 11, 11, 11, NULL, '2024-12-08 19:22:30', '3/2023', 'Dividendos 2023', NULL, NULL, 0, '2023-02-09'),
(208, 'Plantilla para clasificación de artículos-familias', '2023-02-09', '02:00:00', 0, 158, '<p>Hago la plantilla y clasifico 700 artículos</p>', 22, 11, 11, 11, NULL, '2024-12-08 19:22:30', '3/2023', 'Dividendos 2023', NULL, NULL, 0, '2023-02-09'),
(209, 'Corrección albarán cadidiet', '2023-02-10', '00:45:00', 0, 158, '<p>Modificaciones de IVA y actualización de todas las líneas. Detección error en IVA espirales rojas en albarán del proveedor. Corrección del régimen fiscal asociado al proveedor (no tenía IVA)</p>', 22, 11, 11, 11, NULL, '2024-12-08 19:22:30', '3/2023', 'Dividendos 2023', NULL, NULL, 0, '2023-02-10'),
(210, 'Nuevo añadir tabla enlazada a la tabla actual y otro cambios', '2023-02-13', '06:00:00', 0, 169, '<p>Esto afecta a las tablas que tiene contenidos sin asignar</p>', NULL, 1, 1, 11, NULL, '2024-12-08 19:22:19', NULL, 'Compensación socios 2024', NULL, NULL, 0, '2023-02-13'),
(211, 'Facturación y modificación cuadro de mandos para factura por imputaciones', '2023-02-14', '01:30:00', 0, 165, NULL, NULL, 11, 11, 11, NULL, '2024-12-08 19:22:30', NULL, 'Factura 2024', NULL, NULL, 0, '2023-02-14'),
(212, 'Modificar cuadro de mandos de VM para Santi y para el resto', '2023-02-04', '01:30:00', 0, 150, NULL, NULL, 11, 2, 11, NULL, '2024-12-09 06:37:32', NULL, 'Factura 2024', NULL, NULL, 0, '2023-02-04');
INSERT INTO `opland_imputaciones` (`id`, `nombre`, `fecha_imputacion`, `duracion`, `no_facturable`, `id_tareas`, `observacion`, `id_presupuestos`, `control_user`, `createuser`, `updateuser`, `createdat`, `updatedat`, `factura_opland`, `factura_pago_interna`, `id_fta_soportadas`, `file_imagen`, `deleted`, `fecha_contable`) VALUES
(213, 'Presupuesto nueva licencia ERP y validación datos IVA y familias', '2023-02-15', '00:45:00', 0, 170, NULL, NULL, 11, 11, 11, NULL, '2024-12-08 19:22:30', NULL, 'Dividendos 2023', NULL, 'opland/imputaciones/5SJQSDd7QvpKkluMFHQBemoDtu8fKMAiGFaNHmZH.png', 0, '2023-02-15'),
(214, 'Puesta en marcha', '2023-02-17', '04:00:00', 0, 169, '<p>Visita a Carlet para puesta en marcha. Cambio de nombre de tablas y nuevos requerimientos</p>', NULL, 11, 11, 11, NULL, '2024-12-08 19:22:30', NULL, 'Factura 2024', NULL, NULL, 0, '2023-02-17'),
(215, 'Modificaciones puesta en marcha', '2023-02-17', '01:30:00', 0, 171, NULL, NULL, 11, 11, 11, NULL, '2024-12-08 19:22:30', NULL, 'Factura 2024', NULL, NULL, 0, '2023-02-17'),
(216, 'Presentación opland a Voro', '2023-02-17', '01:00:00', 0, 172, NULL, NULL, 11, 11, 11, NULL, '2024-12-08 19:22:30', NULL, 'Factura 2024', NULL, NULL, 0, '2023-02-17'),
(217, 'Reordenar meses según criterio Meses curso', '2023-02-20', '00:15:00', 0, 173, NULL, NULL, 11, 11, 11, NULL, '2024-12-09 06:37:32', NULL, 'Factura 2024', NULL, NULL, 0, '2023-02-20'),
(218, 'Listado de artículos con precio venta igual a coste de compra (error empleados)', '2023-02-20', '00:30:00', 0, 170, NULL, NULL, 11, 11, 11, NULL, '2024-12-08 19:22:30', NULL, 'Dividendos 2023', NULL, NULL, 0, '2023-02-20'),
(219, 'Más cambios', '2023-02-20', '01:00:00', 0, 171, NULL, NULL, 1, 1, 11, NULL, '2024-12-08 19:22:19', NULL, 'Compensación socios 2024', NULL, NULL, 0, '2023-02-20'),
(220, 'Actualización estado Mejoras', '2023-02-21', '00:30:00', 0, 165, NULL, NULL, 11, 11, 11, '2023-02-21 08:26:19', '2024-12-08 19:22:30', NULL, 'Factura 2024', NULL, NULL, 0, '2023-02-21'),
(221, 'Llamada Estefania: formación y problema con Recargo de equivalencia', '2023-02-22', '00:30:00', 0, 170, NULL, NULL, 11, 11, 11, '2023-02-22 15:13:49', '2024-12-08 19:22:30', NULL, 'Dividendos 2023', NULL, NULL, 0, '2023-02-22'),
(222, 'Modificación calculo margen', '2023-02-21', '01:00:00', 0, 168, NULL, NULL, 11, 11, 11, '2023-02-22 21:23:03', '2024-12-08 19:22:30', NULL, 'Factura 2024', NULL, NULL, 0, '2023-02-21'),
(223, 'Presentación comercial a Pablo Hernández', '2023-02-21', '00:45:00', 0, 165, NULL, NULL, 11, 11, 11, '2023-02-22 21:23:51', '2024-12-08 19:22:30', NULL, 'Factura 2024', NULL, NULL, 0, '2023-02-21'),
(224, 'Modificar albaranes HERMNOS BURGOS, sincronizar artículos y crear validación para sincronizaciones', '2023-02-23', '01:30:00', 0, 170, NULL, NULL, 11, 11, 11, '2023-02-23 06:42:40', '2024-12-08 19:22:30', NULL, 'Dividendos 2023', NULL, NULL, 0, '2023-02-23'),
(225, 'Cambio en tabla Facturas y Presupuestos', '2023-02-23', '03:00:00', 0, 176, '<p>La mayor parte del tiempo imputado fue para estudiarlo. Una vez que lo tuve claro, lo hice en 15-20 minutos.</p>', NULL, 18, 2, 11, '2023-02-26 13:08:58', '2024-12-08 19:22:02', NULL, 'Compensación socios 2024', NULL, NULL, 0, '2023-02-23'),
(226, 'Modificación de medidas para calcular entre fechas en lugar de X últimos meses', '2023-02-25', '01:30:00', 0, 144, NULL, NULL, 11, 11, 11, '2023-02-26 19:30:56', '2024-12-09 06:37:32', NULL, 'Factura 2024', NULL, NULL, 0, '2023-02-25'),
(227, 'Cálculo de rating y modificación de visualizaciones', '2023-02-26', '02:00:00', 0, 144, NULL, NULL, 11, 11, 11, '2023-02-26 19:31:32', '2024-12-09 06:37:32', NULL, 'Factura 2024', NULL, NULL, 0, '2023-02-26'),
(228, 'Análisis de incidencia y modificación de datos en bbdd', '2023-02-27', '00:45:00', 0, 177, NULL, NULL, 11, 11, 11, '2023-02-27 18:20:02', '2024-12-09 06:37:32', NULL, 'Factura 2024', NULL, NULL, 0, '2023-02-27'),
(229, 'Sincronización 138 artículos', '2023-02-27', '00:30:00', 0, 170, NULL, NULL, 11, 11, 11, '2023-02-27 22:34:03', '2024-12-08 19:22:30', NULL, 'Dividendos 2023', NULL, NULL, 0, '2023-02-27'),
(230, 'Todas las últimas personalizaciones y puestas en producción', '2023-02-28', '06:00:00', 0, 174, NULL, NULL, 1, 1, 11, '2023-02-28 16:11:11', '2024-12-08 19:22:19', NULL, 'Compensación socios 2024', NULL, NULL, 0, '2023-02-28'),
(231, 'Reunión con Santi y facturación', '2023-02-28', '01:30:00', 0, 150, NULL, NULL, 11, 11, 11, '2023-02-28 22:08:09', '2024-12-09 06:37:32', NULL, 'Factura 2024', NULL, NULL, 0, '2023-02-28'),
(232, 'Revisión modelo de datos para filtro ZonaDGT', '2023-03-03', '02:30:00', 0, 144, NULL, NULL, 11, 11, 11, '2023-03-03 14:15:04', '2024-12-09 06:37:32', NULL, 'Factura 2024', NULL, NULL, 0, '2023-03-03'),
(233, 'Modificación cálculo  programas vendidos', '2023-03-10', '02:00:00', 0, 144, NULL, NULL, 11, 11, 11, '2023-03-11 07:44:07', '2024-12-09 06:37:32', NULL, 'Factura 2024', NULL, NULL, 0, '2023-03-10'),
(234, 'Modificación de gráficos y nuevas métricas', '2023-03-17', '03:00:00', 0, 179, NULL, NULL, 11, 11, 11, '2023-03-17 18:49:50', '2024-12-09 06:37:32', NULL, 'Factura 2024', NULL, NULL, 0, '2023-03-17'),
(235, 'Cuadro de mandos liquidaciones', '2022-10-17', '20:00:00', 0, 180, NULL, NULL, 18, 11, 11, '2023-03-17 18:58:28', '2024-12-08 19:22:02', '4/2022', 'Compensación socios 2024', NULL, NULL, 0, '2022-10-17'),
(236, 'Carga de materiales', '2023-03-20', '01:00:00', 0, 169, NULL, NULL, 11, 11, 11, '2023-03-20 21:34:30', '2024-12-08 19:22:30', NULL, 'Factura 2024', NULL, NULL, 0, '2023-03-20'),
(237, 'Facturación VM y LF', '2023-03-24', '01:30:00', 0, 165, '<p>Modificación del PBI para facturación por imputaciones o por conceptos</p>', NULL, 11, 11, 11, '2023-03-24 08:19:11', '2024-12-08 19:22:30', NULL, 'Factura 2024', NULL, NULL, 0, '2023-03-24'),
(238, 'Modificación de gráficos y diseño Dashboard', '2023-03-23', '02:00:00', 0, 179, NULL, NULL, 11, 11, 11, '2023-03-25 05:54:45', '2024-12-09 06:37:32', NULL, 'Factura 2024', NULL, NULL, 0, '2023-03-23'),
(239, 'Sincronización 325 artículos, setter margen 30% en nuevos productos', '2023-04-03', '00:45:00', 0, 181, NULL, NULL, 11, 11, 11, '2023-04-03 15:41:18', '2024-12-08 19:22:30', NULL, 'Dividendos 2023', NULL, NULL, 0, '2023-04-03'),
(240, 'Actualizar PVP de productos con bajo margen (PVP= 2x precio última compra)', '2023-04-03', '00:30:00', 0, 181, NULL, NULL, 11, 11, 11, '2023-04-03 16:27:24', '2024-12-08 19:22:30', NULL, 'Dividendos 2023', NULL, NULL, 0, '2023-04-03'),
(241, 'Modificar precios albarán 184 (Ocean)', '2023-04-03', '00:45:00', 0, 181, NULL, NULL, 11, 11, 11, '2023-04-03 20:44:55', '2024-12-08 19:22:30', NULL, 'Dividendos 2023', NULL, NULL, 0, '2023-04-03'),
(242, 'Llamada para inserción en albarán 184 de productos recién creados', '2023-04-04', '00:30:00', 0, 181, NULL, NULL, 11, 11, 11, '2023-04-04 07:15:41', '2024-12-08 19:22:30', NULL, 'Dividendos 2023', NULL, NULL, 0, '2023-04-04'),
(243, 'Requerimientos modificación plantilla albarán y alta nueva tarifa para Ocean', '2023-04-05', '01:00:00', 0, 181, NULL, NULL, 11, 11, 11, '2023-04-05 12:08:58', '2024-12-08 19:22:30', NULL, 'Dividendos 2023', NULL, NULL, 0, '2023-04-05'),
(244, 'Márgenes y revisión de precios', '2023-04-07', '02:00:00', 0, 181, NULL, NULL, 11, 11, 11, '2023-04-07 07:37:10', '2024-12-08 19:22:30', NULL, 'Dividendos 2023', NULL, NULL, 0, '2023-04-07'),
(245, 'Cálculo de margen por venta', '2023-04-08', '04:00:00', 0, 181, NULL, NULL, 11, 11, 11, '2023-04-10 07:12:53', '2024-12-08 19:22:30', NULL, 'Dividendos 2023', NULL, NULL, 0, '2023-04-08'),
(246, 'Actualización precios 4 para tarifa de OCEAN', '2023-04-10', '01:00:00', 0, 181, NULL, NULL, 11, 11, 11, '2023-04-10 11:58:44', '2024-12-08 19:22:30', NULL, 'Dividendos 2023', NULL, NULL, 0, '2023-04-10'),
(247, 'Validación PorcPrecio4=40% y modificación precio compra para artículos comprados en lote', '2023-04-10', '01:00:00', 0, 181, NULL, NULL, 11, 11, 11, '2023-04-10 17:29:52', '2024-12-08 19:22:30', NULL, 'Dividendos 2023', NULL, NULL, 0, '2023-04-10'),
(248, 'Recuperación cierre de caja en tienda 2', '2023-04-10', '01:00:00', 0, 181, NULL, NULL, 11, 11, 11, '2023-04-10 20:37:07', '2024-12-08 19:22:30', NULL, 'Dividendos 2023', NULL, NULL, 0, '2023-04-10'),
(249, 'Revisión plantilla albaranes de venta con Diakros', '2023-04-11', '00:30:00', 0, 181, NULL, NULL, 11, 11, 11, '2023-04-11 19:53:31', '2024-12-08 19:22:30', NULL, 'Dividendos 2023', NULL, NULL, 0, '2023-04-11'),
(250, 'Llamada Nerea: sincronización y depuración de nombres', '2023-04-21', '00:45:00', 0, 181, NULL, NULL, 11, 11, 11, '2023-04-21 17:40:37', '2024-12-08 19:22:30', NULL, 'Dividendos 2023', NULL, NULL, 0, '2023-04-21'),
(251, 'Validación productos Dr Organics con Nerea', '2023-04-25', '00:30:00', 0, 181, NULL, NULL, 11, 11, 11, '2023-04-25 10:40:18', '2024-12-08 19:22:30', NULL, 'Dividendos 2023', NULL, NULL, 0, '2023-04-25'),
(252, 'Arreglar links tareas en CM VM', '2023-04-26', '00:30:00', 0, 183, '<p>Al pasar de tener tabla de tareas a tareas_limpieza y tareas_mantenimiento olvidamos modificar los prefijos de las urls.</p>', NULL, 18, 2, 11, '2023-04-26 20:01:27', '2024-12-08 19:22:02', NULL, 'Compensación socios 2024', NULL, NULL, 0, '2023-04-26'),
(253, 'Estudio iclock 560', '2023-04-26', '01:00:00', 0, NULL, NULL, 26, 18, 2, 11, '2023-04-26 20:02:35', '2024-12-09 06:39:49', NULL, 'Factura 2024', NULL, NULL, 1, '2023-04-26'),
(254, 'Personalización Mareny Blau Pidescu', '2023-04-26', '01:00:00', 0, 182, NULL, NULL, 18, 2, 11, '2023-04-26 20:03:27', '2024-12-08 19:22:02', NULL, 'Compensación socios 2024', NULL, NULL, 0, '2023-04-26'),
(255, 'Revisión precios compra para márgenes y creación de facturas', '2023-04-29', '01:00:00', 0, 181, NULL, NULL, 11, 11, 11, '2023-04-29 17:26:10', '2024-12-08 19:22:30', NULL, 'Dividendos 2023', NULL, NULL, 0, '2023-04-29'),
(256, 'Comprobación facturación mayo de Ocean: faltan descuentos', '2023-05-04', '02:00:00', 0, 185, NULL, NULL, 11, 11, 11, '2023-05-08 13:48:41', '2024-12-08 19:22:30', NULL, 'Dividendos 2023', NULL, NULL, 0, '2023-05-04'),
(257, 'Error albaranes Funky: se está usando fecha de entrega en lugar de fecha albarán', '2023-05-05', '00:30:00', 0, 185, NULL, NULL, 11, 11, 11, '2023-05-08 13:51:20', '2024-12-08 19:22:30', NULL, 'Dividendos 2023', NULL, NULL, 0, '2023-05-05'),
(258, 'Facturación segundo trimestre', '2023-05-08', '01:00:00', 0, 165, NULL, NULL, 11, 11, 11, '2023-05-08 13:52:29', '2024-12-08 19:22:30', NULL, 'Factura 2024', NULL, NULL, 0, '2023-05-08'),
(259, 'Solucionar incidencia con fecha fichaje', '2023-05-25', '01:00:00', 0, 175, NULL, NULL, 11, 2, 11, '2023-05-25 21:33:59', '2024-12-09 06:37:32', NULL, 'Factura 2024', NULL, NULL, 0, '2023-05-25'),
(260, 'Facturación Ocean y Circo del mes de mayo: revisión de datos y modificación pdf', '2023-05-31', '02:00:00', 0, 185, NULL, NULL, 11, 2, 11, '2023-05-31 17:16:11', '2024-12-08 19:22:30', NULL, 'Dividendos 2023', NULL, NULL, 0, '2023-05-31'),
(261, 'Modificación de tarifa Ocean y Circo al 50%', '2023-06-02', '00:45:00', 0, 186, NULL, NULL, 11, 11, 11, '2023-06-02 09:08:34', '2024-12-08 19:22:30', NULL, 'Dividendos 2023', NULL, NULL, 0, '2023-06-02'),
(262, 'Cuadro de mandos para validación de facturación con descuentos', '2023-06-01', '02:30:00', 0, NULL, NULL, NULL, 11, 11, 11, '2023-06-02 09:09:18', '2024-12-08 19:53:15', NULL, 'Factura 2024', NULL, NULL, 1, '2023-06-01'),
(263, 'Datos para presentación de impuestos', '2023-07-05', '01:00:00', 0, 165, NULL, NULL, 11, 11, 11, '2023-07-05 17:06:30', '2024-12-08 19:22:30', NULL, 'Factura 2024', NULL, NULL, 0, '2023-07-05'),
(264, 'Corrección factura Ocean', '2023-07-03', '00:30:00', 0, 186, NULL, NULL, 11, 11, 11, '2023-07-05 17:11:26', '2024-12-08 19:22:30', NULL, 'Dividendos 2023', NULL, NULL, 0, '2023-07-03'),
(265, 'Emisión facturas', '2023-07-05', '00:45:00', 0, 165, NULL, NULL, 11, 11, 11, '2023-07-05 17:31:49', '2024-12-08 19:22:30', NULL, 'Factura 2024', NULL, NULL, 0, '2023-07-05'),
(266, 'Solución del fallo', '2023-07-26', '00:25:00', 0, 187, NULL, NULL, 37, 37, 11, '2023-07-26 11:04:40', '2023-10-08 06:48:29', NULL, 'Metálico', NULL, NULL, 0, '2023-07-26'),
(267, 'Solución tarea (tarea sin error)', '2023-07-26', '00:10:00', 0, 188, '<p>no fallaba nada, era porque tenia usuario en opland</p>', NULL, 37, 37, 11, '2023-07-26 11:15:49', '2023-10-08 06:48:29', NULL, 'Metálico', NULL, NULL, 0, '2023-07-26'),
(268, 'Solucionado (con un menu especial para perfil)', '2023-07-26', '00:35:00', 0, 189, '<p>Solucionado poniendo un menu especial para la pantalla de perfil con una opcion contraseña que es lo único que permite cambiar ahora, pero para futuro sacar mas opciones como datos personales, suscripciones, etc, etc</p>', NULL, 37, 37, 11, '2023-07-26 16:20:01', '2023-10-08 06:48:29', NULL, 'Metálico', NULL, NULL, 0, '2023-07-26'),
(269, 'Solución fallo (modificación estilo)', '2023-07-28', '00:20:00', 0, 192, NULL, NULL, 37, 37, 11, '2023-07-28 08:30:51', '2023-10-08 06:48:29', NULL, 'Metálico', NULL, NULL, 0, '2023-07-28'),
(270, 'Solución mejora (insertado \"breadcrumbs\")', '2023-07-28', '00:30:00', 0, 193, '<p>Insertado lo llamado migas de pan de la tabla padre en la pantalla de ficha con un link con subrayado para que destaque y se note que se puede clicar</p>', NULL, 37, 37, 11, '2023-07-28 08:59:51', '2023-10-08 06:48:29', NULL, 'Metálico', NULL, NULL, 0, '2023-07-28'),
(271, 'Formación PBI', '2023-08-02', '00:45:00', 0, 196, NULL, NULL, 11, 11, 11, '2023-08-02 17:48:42', '2024-12-09 06:37:32', NULL, 'Factura 2024', NULL, NULL, 0, '2023-08-02'),
(272, 'Nuevo desarrollo para clonar', '2023-08-03', '02:10:00', 0, 190, NULL, NULL, 37, 37, 11, '2023-08-03 11:02:58', '2023-10-08 06:48:29', NULL, 'Metálico', NULL, NULL, 0, '2023-08-03'),
(273, 'Probado una idea que tenia \"Fallida\"', '2023-08-07', '00:45:00', 0, 195, '<p>He realizado pruebas con una cosa que se me ocurrió el dia anterior pero no ha funcionado</p>', NULL, 37, 37, 11, '2023-08-07 11:02:19', '2023-10-08 06:48:29', NULL, 'Metálico', NULL, NULL, 0, '2023-08-07'),
(274, 'He realizado unas pruebas rapidas', '2023-08-18', '00:25:00', 0, 195, '<p>He estado realizando unas pruebas rápidas en el inspeccionar elementos de Chrome pero no he conseguido nada&nbsp;</p>', NULL, 37, 37, 11, '2023-08-07 11:07:31', '2023-10-08 06:48:29', NULL, 'Metálico', NULL, NULL, 0, '2023-08-18'),
(275, 'Solucionado el fallo (ocultar editar en registros bloqued)', '2023-08-08', '00:10:00', 0, 198, NULL, NULL, 37, 37, 11, '2023-08-08 10:20:27', '2023-10-08 06:48:29', NULL, 'Metálico', NULL, NULL, 0, '2023-08-08'),
(276, 'Solucionado (control de bloqued en actualizar varios)', '2023-08-08', '01:00:00', 0, 194, NULL, NULL, 37, 37, 11, '2023-08-08 11:03:12', '2023-10-08 06:48:29', NULL, 'Metálico', NULL, NULL, 0, '2023-08-08'),
(277, 'Validación de formatos de compra y márgenes de artículos \"opland\"', '2023-08-08', '06:00:00', 0, 199, NULL, NULL, 11, 11, 11, '2023-08-09 07:43:05', '2024-12-08 19:22:30', NULL, 'Compensación socios 2024', NULL, NULL, 0, '2023-08-08'),
(278, 'Validación de formatos de compra y márgenes de artículos \"opland\"', '2023-08-10', '06:00:00', 0, 199, NULL, NULL, 11, 11, 11, '2023-08-10 23:51:10', '2024-12-08 19:22:30', NULL, 'Dividendos 2023', NULL, NULL, 0, '2023-08-10'),
(279, 'Actualización artículos y precios de hoja excel de inventario', '2023-08-11', '06:00:00', 0, 199, NULL, NULL, 11, 11, 11, '2023-08-11 17:09:50', '2024-12-08 19:22:30', NULL, 'Dividendos 2023', NULL, NULL, 0, '2023-08-11'),
(280, 'Reunión telefónica: Revisión de productos y márgenes', '2023-08-12', '06:00:00', 0, 199, NULL, NULL, 11, 11, 11, '2023-08-12 17:27:21', '2024-12-08 19:22:30', NULL, 'Dividendos 2023', NULL, NULL, 0, '2023-08-12'),
(281, 'Servicio de backoffice: albaranes de compras (8h/sem)', '2023-08-12', '06:00:00', 0, 199, NULL, NULL, 11, 11, 11, '2023-08-12 17:28:25', '2024-12-08 19:22:30', NULL, 'Dividendos 2023', NULL, NULL, 0, '2023-08-12'),
(282, 'Iniciando la tareas', '2023-08-25', '02:40:00', 0, 201, NULL, NULL, 37, 37, 11, '2023-08-28 11:01:53', '2023-10-08 06:48:29', NULL, 'Metálico', NULL, NULL, 0, '2023-08-25'),
(283, 'Terminando el proyecto', '2023-08-28', '03:35:00', 0, 201, NULL, NULL, 37, 37, 11, '2023-08-28 16:27:56', '2023-10-08 06:48:29', NULL, 'Metálico', NULL, NULL, 0, '2023-08-28'),
(284, 'comentar la linea de notificación email bienvenida', '2023-08-31', '00:05:00', 0, 208, '<p>App\\Http\\Controllers\\Auth\\RegisterController &nbsp; &nbsp; - &nbsp; Linea 123<br>$user-&gt;notify(new WelcomeEmailNotification($user));</p><p>&nbsp;</p>', NULL, 37, 37, 11, '2023-08-31 11:56:34', '2023-10-08 06:48:29', NULL, 'Metálico', NULL, NULL, 0, '2023-08-31'),
(285, 'Solucionado el fallo de css de los logos', '2023-08-31', '00:20:00', 0, 204, NULL, NULL, 37, 37, 11, '2023-08-31 12:03:04', '2023-10-08 06:48:29', NULL, 'Metálico', NULL, NULL, 0, '2023-08-31'),
(286, 'Agregada comprobación de correos duplicados en la tabla usuarios del proyecto', '2023-08-31', '00:20:00', 0, 206, NULL, NULL, 37, 37, 11, '2023-08-31 12:17:28', '2023-10-08 06:48:29', NULL, 'Metálico', NULL, NULL, 0, '2023-08-31'),
(287, 'Supuestamente esta solucionado porque no esta todo subido a desarrollo', '2023-09-01', '00:40:00', 0, 209, NULL, NULL, 37, 37, 11, '2023-09-01 08:42:06', '2023-10-08 06:48:29', NULL, 'Metálico', NULL, NULL, 0, '2023-09-01'),
(288, 'Acceso a cuadros de mandos por url y según permisos', '2023-09-01', '00:30:00', 0, 212, NULL, NULL, 37, 2, 11, '2023-09-01 10:03:09', '2023-10-08 06:48:29', NULL, 'Metálico', NULL, NULL, 0, '2023-09-01'),
(289, 'Solucionado el problema de los roles', '2023-09-05', '00:40:00', 0, 210, NULL, NULL, 37, 37, 11, '2023-09-05 12:04:25', '2023-10-08 06:48:29', NULL, 'Metálico', NULL, NULL, 0, '2023-09-05'),
(290, 'Solucionado y pantalla montada', '2023-09-06', '03:15:00', 0, 207, NULL, NULL, 37, 37, 11, '2023-09-06 16:06:04', '2023-10-08 06:48:29', NULL, 'Metálico', NULL, NULL, 0, '2023-09-06'),
(291, 'Reabierto el error y solucionado', '2023-09-06', '00:25:00', 0, 209, NULL, NULL, 37, 37, 11, '2023-09-06 17:16:46', '2023-10-08 06:48:29', NULL, 'Metálico', NULL, NULL, 0, '2023-09-06'),
(292, 'Modificando las pantallas para separar perfil de contraseña', '2023-09-06', '00:23:00', 0, 211, NULL, NULL, 37, 37, 11, '2023-09-06 18:44:17', '2023-10-08 06:48:29', NULL, 'Metálico', NULL, NULL, 0, '2023-09-06'),
(293, 'Presentación Opland y Power BI', '2023-09-20', '01:30:00', 0, 215, NULL, NULL, 11, 11, 11, '2023-09-20 12:44:58', '2024-12-08 19:22:30', NULL, 'Factura 2024', NULL, NULL, 0, '2024-01-01'),
(294, 'Modelo de datos para avales y migración de datos', '2023-09-20', '02:00:00', 0, 215, NULL, NULL, 11, 11, 11, '2023-09-20 17:35:57', '2024-12-08 19:22:30', NULL, 'Factura 2024', NULL, NULL, 0, '2024-01-01'),
(295, 'Power BI demo', '2023-09-21', '02:00:00', 0, 215, NULL, NULL, 11, 11, 11, '2023-09-20 17:35:57', '2024-12-08 19:22:30', NULL, 'Factura 2024', NULL, NULL, 0, '2024-01-01'),
(296, 'Soluciondo la tarea', '2023-10-03', '04:30:00', NULL, 218, '<p>He metido el aspecto visual que comentaba tomas, eliminar el documento tanto de base de datos como de los ficheros del servidor, sacando un modal por si no estas seguro, y sacando mensaje de error o correcto , ademas de en caso de ser correcto actualiza la pantalla</p>', NULL, 37, 37, 37, '2023-10-03 12:05:14', '2023-10-03 12:05:14', NULL, 'Metálico', NULL, NULL, 0, '2023-10-03'),
(297, 'Poner un boton de volver en la nueva pantalla de perfil', '2023-10-03', '00:15:00', NULL, 211, NULL, NULL, 37, 37, 37, '2023-10-03 12:28:40', '2023-10-03 12:28:40', NULL, 'Metálico', NULL, NULL, 0, '2023-10-03'),
(298, 'Modificación del css', '2023-10-03', '00:10:00', NULL, 216, NULL, NULL, 37, 37, 37, '2023-10-03 13:06:43', '2023-10-03 13:06:43', NULL, 'Metálico', NULL, NULL, 0, '2023-10-03'),
(299, 'Solucionado', '2023-10-03', '00:46:00', NULL, 217, '<p>He modificado una comprobacion de controller que a base de investigar he visto que ya habia una comprobacion parecida y cambiado el texto que comparaba y en el front he modificado el js</p>', NULL, 37, 37, 37, '2023-10-03 14:26:35', '2023-10-03 14:26:35', NULL, 'Metálico', NULL, NULL, 0, '2023-10-03'),
(300, 'Solucionado el problema', '2023-10-04', '00:30:00', NULL, 214, NULL, NULL, 37, 37, 37, '2023-10-04 09:13:11', '2023-10-04 09:13:11', NULL, 'Metálico', NULL, NULL, 0, '2023-10-04'),
(301, 'Solucionada la tarea', '2023-10-04', '00:45:00', NULL, 212, NULL, NULL, 37, 37, 37, '2023-10-04 10:39:15', '2023-10-04 10:39:15', NULL, 'Metálico', NULL, NULL, 0, '2023-10-04'),
(302, 'Mostrado filtro e investigando', '2023-10-05', '01:00:00', NULL, 202, NULL, NULL, 37, 37, 37, '2023-10-05 09:04:27', '2023-10-05 09:04:27', NULL, 'Metálico', NULL, NULL, 0, '2023-10-05'),
(303, 'Actualización caja y preparación info impuestos 3Q', '2023-10-07', '01:00:00', 0, 165, NULL, NULL, 11, 11, 11, '2023-10-07 16:07:06', '2024-12-08 19:22:30', NULL, 'Factura 2024', NULL, NULL, 0, '2023-10-07'),
(305, 'Servicio de backoffice: albaranes de compras (8h/sem)', '2023-08-19', '06:00:00', 0, 200, NULL, NULL, 11, 11, 11, '2023-08-12 17:28:25', '2024-12-08 19:22:30', NULL, 'Dividendos 2023', NULL, NULL, 0, '2023-08-19'),
(306, 'Servicio de backoffice: albaranes de compras (8h/sem)', '2023-08-26', '06:00:00', 0, 205, NULL, NULL, 11, 11, 11, '2023-08-12 17:28:25', '2024-12-08 19:22:30', NULL, 'Dividendos 2023', NULL, NULL, 0, '2023-08-26'),
(307, 'Servicio de backoffice: albaranes de compras (8h/sem)', '2023-09-02', '06:00:00', 0, 232, NULL, NULL, 11, 11, 11, '2023-08-12 17:28:25', '2024-12-08 19:22:30', NULL, 'Dividendos 2023', NULL, NULL, 0, '2023-09-02'),
(308, 'Servicio de backoffice: albaranes de compras (8h/sem)', '2023-09-09', '06:00:00', 0, 227, NULL, NULL, 11, 11, 11, '2023-08-12 17:28:25', '2024-12-08 19:22:30', NULL, 'Dividendos 2023', NULL, NULL, 0, '2023-09-09'),
(309, 'Servicio de backoffice: albaranes de compras (8h/sem)', '2023-09-16', '06:00:00', 0, 228, NULL, NULL, 11, 11, 11, '2023-08-12 17:28:25', '2024-12-08 19:22:30', NULL, 'Dividendos 2023', NULL, NULL, 0, '2023-09-16'),
(310, 'Servicio de backoffice: albaranes de compras (8h/sem)', '2023-09-23', '06:00:00', 0, 229, NULL, NULL, 11, 11, 11, '2023-08-12 17:28:25', '2024-12-08 19:22:30', NULL, 'Dividendos 2023', NULL, NULL, 0, '2023-09-23'),
(311, 'Servicio de backoffice: albaranes de compras (8h/sem)', '2023-09-30', '06:00:00', 0, 230, NULL, NULL, 11, 11, 11, '2023-08-12 17:28:25', '2024-12-08 19:22:30', NULL, 'Dividendos 2023', NULL, NULL, 0, '2023-09-30'),
(312, 'Servicio de backoffice: albaranes de compras (8h/sem)', '2023-10-07', '06:00:00', 0, 231, NULL, NULL, 11, 11, 11, '2023-08-12 17:28:25', '2024-12-08 19:22:30', NULL, 'Dividendos 2023', NULL, NULL, 0, '2023-10-07'),
(313, 'Conciliación caja-banco y cuadro de mandos', '2023-10-08', '03:00:00', 0, 165, NULL, NULL, 11, 11, 11, '2023-10-07 16:07:06', '2024-12-08 19:22:30', NULL, 'Factura 2024', NULL, NULL, 0, '2023-10-08'),
(314, 'Servicio de backoffice: albaranes de compras (8h/sem)', '2023-10-16', '06:00:00', 0, 234, NULL, NULL, 11, 11, 11, '2023-08-12 17:28:25', '2024-12-08 19:22:30', NULL, 'Dividendos 2023', NULL, NULL, 0, '2023-10-16'),
(315, 'Modificación vista de cuadro de mandos', '2023-10-10', '02:00:00', 0, 236, NULL, NULL, 18, 2, 11, '2023-10-10 16:52:18', '2024-12-08 19:22:02', NULL, 'Compensación socios 2024', NULL, NULL, 0, '2023-10-10'),
(316, 'Solucionado con try catch y mensaje alerta contacte con soporte', '2023-10-16', '00:30:00', NULL, 223, NULL, NULL, 37, 37, 37, '2023-10-16 09:18:27', '2023-10-16 09:18:27', NULL, 'Metálico', NULL, NULL, 0, '2023-10-16'),
(317, 'Solucionado el problema haciendo como en la tarea anterior de editar campos', '2023-10-16', '00:30:00', NULL, 224, NULL, NULL, 37, 37, 37, '2023-10-16 09:54:49', '2023-10-16 09:54:49', NULL, 'Metálico', NULL, NULL, 0, '2023-10-16'),
(318, 'Solucionado', '2023-10-16', '02:00:00', 0, 225, NULL, NULL, 37, 37, 11, '2023-10-16 14:46:04', '2024-02-19 19:20:22', NULL, 'Metálico', NULL, 'opland/imputaciones/GeX2zCKRfwWbZD3HnHtvFuuh2ADnWzo2QQLBfIdR.png', 0, '2023-10-16'),
(319, 'Solucionado con un modal que pide campo personalizado', '2023-10-16', '01:25:00', NULL, 226, NULL, NULL, 37, 37, 37, '2023-10-16 17:05:36', '2023-10-16 17:05:36', NULL, 'Metálico', NULL, NULL, 0, '2023-10-16'),
(320, 'Solucionado', '2023-10-16', '00:15:00', NULL, 236, '<p>Aun asi lo de que no tenga scroll tenemos que verlo con calma porque con la soluciona que me ha apsado carlos solo es valido para ese cuadro de mandos por ejemplo el de opland es mucho mas alto.</p>', NULL, 37, 37, 37, '2023-10-16 17:23:47', '2023-10-16 17:23:47', NULL, 'Metálico', NULL, NULL, 0, '2023-10-16'),
(321, 'Solucionado', '2023-10-16', '00:30:00', NULL, 235, NULL, NULL, 37, 37, 37, '2023-10-16 20:12:18', '2023-10-16 20:12:18', NULL, 'Metálico', NULL, NULL, 0, '2023-10-16'),
(322, 'Solucionado', '2023-10-17', '00:50:00', NULL, 233, NULL, NULL, 37, 37, 37, '2023-10-17 10:46:08', '2023-10-17 10:46:08', NULL, 'Metálico', NULL, NULL, 0, '2023-10-17'),
(323, 'Modificado el estilo', '2023-10-27', '01:00:00', NULL, 238, NULL, NULL, 37, 37, 37, '2023-10-27 08:34:57', '2023-10-27 08:34:57', NULL, NULL, NULL, NULL, 0, '2023-10-27'),
(324, 'Toma de requerimientos', '2023-10-26', '01:00:00', 0, 239, NULL, 27, 11, 11, 11, '2023-10-29 22:57:07', '2024-12-08 19:22:30', NULL, 'Factura 2024', NULL, NULL, 0, '2024-01-01'),
(325, 'Migración', '2023-10-27', '12:00:00', 0, 239, NULL, 27, 11, 11, 11, '2023-10-29 22:58:42', '2024-12-08 19:22:30', NULL, 'Compensación socios 2024', NULL, NULL, 0, '2024-01-01'),
(326, 'Cuadro de mandos', '2023-10-28', '18:00:00', 0, 239, NULL, 27, 11, 11, 11, '2023-10-29 22:59:04', '2024-12-08 19:22:30', NULL, 'Compensación socios 2024', NULL, NULL, 0, '2024-01-01'),
(327, 'Revisión y nuevos requerimientos', '2023-10-31', '02:00:00', 0, 240, NULL, 27, 11, 11, 11, '2023-10-31 13:50:30', '2024-12-08 19:22:30', NULL, 'Factura 2024', NULL, NULL, 0, '2024-01-01'),
(328, 'Prueba', '2023-11-02', '00:00:00', 0, 241, NULL, NULL, 11, 11, 11, '2023-11-02 08:08:44', '2024-12-08 19:22:30', NULL, 'Factura 2024', NULL, NULL, 0, '2023-11-02'),
(329, 'Prueba 2', '2023-11-02', '00:00:00', 0, 241, NULL, NULL, 11, 11, 11, '2023-11-02 08:11:17', '2024-12-08 19:22:30', NULL, 'Factura 2024', NULL, NULL, 0, '2023-11-02'),
(330, 'Modificaciones', '2023-10-31', '02:00:00', 0, 240, NULL, NULL, 11, 11, 11, '2023-11-06 19:34:53', '2024-12-08 19:22:30', NULL, 'Factura 2024', NULL, NULL, 0, '2024-01-01'),
(331, 'Personalización campo nombre en tablas cuentas_anuales y firmas_digitales', '2023-11-08', '01:30:00', 0, 245, '<p>1.- Creación de carpeta greenb2e en /public_html/resources/views/custom/</p><p>2.- Creación de archivos cuentas_anuales_editar_content.blade.php y firmas_digitales_content.blade.php en /public_html/resources/views/custom/greenb2e</p>', NULL, 18, 2, 11, '2023-11-08 19:22:52', '2024-12-08 19:22:02', NULL, 'Compensación socios 2024', NULL, NULL, 0, '2024-01-01'),
(332, 'Analizar roles y cuadros de mandos', '2023-11-08', '01:00:00', 0, 246, NULL, NULL, 11, 11, 11, '2023-11-08 22:07:24', '2024-12-09 06:37:32', NULL, 'Factura 2024', NULL, NULL, 0, '2023-11-08'),
(333, 'Creación de manual de proyecto - Sesión 1', '2023-10-12', '01:00:00', 0, 247, '<p>01.- Creación de proyecto</p><p>02.- Acceso a proyecto</p><p>03.- Panel / Ajustes</p><p>04.- Tabla Configuración<br><br><br>&nbsp;</p>', NULL, 18, 2, 11, '2023-11-09 08:02:10', '2024-12-08 19:22:02', NULL, 'Compensación socios 2024', NULL, NULL, 0, '2023-10-12'),
(334, 'Servicio de backoffice: albaranes de compras (8h/sem)', '2023-11-20', '06:00:00', 0, 256, NULL, NULL, 11, 11, 11, '2023-11-15 07:34:01', '2024-12-08 19:22:30', NULL, 'Dividendos 2023', NULL, NULL, 0, '2023-11-20'),
(335, 'Servicio de backoffice: albaranes de compras (8h/sem)', '2023-10-23', '06:00:00', 0, 252, NULL, NULL, 11, 11, 11, '2023-11-15 07:34:17', '2024-12-08 19:22:30', NULL, 'Dividendos 2023', NULL, NULL, 0, '2023-10-23'),
(336, 'Servicio de backoffice: albaranes de compras (8h/sem)', '2023-10-30', '06:00:00', 0, 253, NULL, NULL, 11, 11, 11, '2023-11-15 07:34:31', '2024-12-08 19:22:30', NULL, 'Dividendos 2023', NULL, NULL, 0, '2023-10-30'),
(337, 'Servicio de backoffice: albaranes de compras (8h/sem)', '2023-11-06', '06:00:00', 0, 254, NULL, NULL, 11, 11, 11, '2023-11-15 07:34:43', '2024-12-08 19:22:30', NULL, 'Dividendos 2023', NULL, NULL, 0, '2023-11-06'),
(338, 'Servicio de backoffice: albaranes de compras (8h/sem)', '2023-11-13', '06:00:00', 0, 255, NULL, NULL, 11, 11, 11, '2023-11-15 07:35:04', '2024-12-08 19:22:30', NULL, 'Dividendos 2023', NULL, NULL, 0, '2023-11-13'),
(339, 'Servicio de backoffice: albaranes de compras (8h/sem)', '2023-10-09', '06:00:00', 0, 251, NULL, NULL, 11, 11, 11, '2023-11-15 07:42:23', '2024-12-08 19:22:30', NULL, 'Dividendos 2023', NULL, NULL, 0, '2023-10-09'),
(340, 'Migración avales y cuadro de bajados', '2023-11-17', '06:00:00', 0, 240, NULL, NULL, 11, 11, 11, '2023-11-18 11:39:49', '2024-12-08 19:22:30', NULL, 'Factura 2024', NULL, NULL, 0, '2024-01-01'),
(341, 'Reunión', '2023-11-23', '01:30:00', 0, 257, NULL, NULL, 11, 2, 11, '2023-11-23 14:28:05', '2024-12-08 19:22:30', NULL, 'Factura 2024', NULL, NULL, 0, '2024-01-01'),
(342, 'Formación nuevos usuarios', '2023-11-30', '01:00:00', 0, 258, NULL, NULL, 11, 11, 11, '2023-11-30 16:37:31', '2024-12-09 06:37:32', NULL, 'Factura 2024', NULL, NULL, 0, '2023-11-30'),
(343, 'Modificación cuadro de mandos y cálculo desfase fichajes', '2023-12-03', '01:00:00', 0, 258, NULL, NULL, 11, 11, 11, '2023-12-04 09:20:32', '2024-12-09 06:37:32', NULL, 'Factura 2024', NULL, NULL, 0, '2023-12-03'),
(344, 'Modificación cuadro de mandos', '2023-12-08', '04:00:00', 0, 257, NULL, NULL, 11, 11, 11, '2023-12-14 05:57:02', '2024-12-08 19:22:30', NULL, 'Factura 2024', NULL, NULL, 0, '2024-01-01'),
(345, 'Limpieza de datos', '2023-12-08', '02:00:00', 0, 257, NULL, NULL, 11, 11, 11, '2023-12-14 05:57:32', '2024-12-08 19:22:30', NULL, 'Factura 2024', NULL, NULL, 0, '2024-01-01'),
(346, 'Modificación cuadro de mandos y validación horas extra', '2023-12-12', '02:00:00', 0, 258, NULL, NULL, 11, 11, 11, '2023-12-14 06:00:18', '2024-12-09 06:37:32', NULL, 'Factura 2024', NULL, NULL, 0, '2023-12-12'),
(347, 'Servicio de backoffice: albaranes de compras (8h/sem)', '2023-11-27', '06:00:00', 0, 260, NULL, NULL, 11, 11, 11, '2023-12-14 06:11:41', '2024-12-08 19:22:30', NULL, 'Dividendos 2023', NULL, NULL, 0, '2023-11-27'),
(348, 'Servicio de backoffice: albaranes de compras (8h/sem)', '2023-12-04', '06:00:00', 0, 261, NULL, NULL, 11, 11, 11, '2023-12-14 06:11:53', '2024-12-08 19:22:30', NULL, 'Dividendos 2023', NULL, NULL, 0, '2023-12-04'),
(349, 'Servicio de backoffice: albaranes de compras (8h/sem)', '2023-12-11', '06:00:00', 0, 262, NULL, NULL, 11, 11, 11, '2023-12-14 06:12:20', '2024-12-08 19:22:30', NULL, 'Dividendos 2023', NULL, NULL, 0, '2023-12-11'),
(350, 'Servicio de backoffice: albaranes de compras (8h/sem)', '2023-12-18', '06:00:00', 0, 263, NULL, NULL, 11, 11, 11, '2023-12-14 06:12:34', '2024-12-08 19:22:30', NULL, 'Dividendos 2023', NULL, NULL, 0, '2023-12-18'),
(351, 'Servicio de backoffice: albaranes de compras (8h/sem)', '2023-12-25', '06:00:00', 0, 264, NULL, NULL, 11, 11, 11, '2023-12-14 06:12:46', '2024-12-09 06:37:32', NULL, 'Factura 2024', NULL, NULL, 0, '2023-12-25'),
(352, 'Servicio de backoffice: albaranes de compras (8h/sem)', '2024-01-05', '06:00:00', 0, 266, NULL, NULL, 11, 11, 11, '2024-01-10 17:42:08', '2024-12-08 19:22:30', NULL, 'Factura 2024', NULL, NULL, 0, '2024-01-05'),
(353, 'Hecho', '2024-01-12', '01:00:00', 0, 265, NULL, NULL, 1, 1, 11, '2024-01-12 11:04:45', '2024-12-08 19:22:19', NULL, 'Compensación socios 2024', NULL, NULL, 0, '2024-01-12'),
(354, 'Servicio de backoffice: albaranes de compras (8h/sem)', '2024-01-12', '06:00:00', 0, 267, NULL, NULL, 11, 11, 11, '2024-01-16 00:09:01', '2024-12-08 19:22:30', NULL, 'Factura 2024', NULL, NULL, 0, '2024-01-12'),
(355, 'Servicio de backoffice: albaranes de compras (8h/sem)', '2024-01-19', '06:00:00', 0, 268, NULL, NULL, 11, 2, 11, '2024-01-20 13:21:51', '2024-12-08 19:22:30', NULL, 'Factura 2024', NULL, NULL, 0, '2024-01-19'),
(357, 'Servicio de backoffice: albaranes de compras (8h/sem)', '2024-02-02', '06:00:00', 0, 269, NULL, NULL, 11, 2, 11, '2024-01-20 13:22:40', '2024-12-08 19:22:30', NULL, 'Factura 2024', NULL, NULL, 0, '2024-02-02'),
(358, 'Reunión toma de contacto', '2024-01-31', '01:00:00', 0, 272, NULL, NULL, 11, 11, 11, '2024-02-19 18:52:53', '2024-12-09 06:37:32', NULL, NULL, NULL, NULL, 0, '2025-01-01'),
(359, 'Revisión de ficheros', '2024-02-02', '02:00:00', 0, 272, NULL, NULL, 11, 11, 11, '2024-02-19 18:53:31', '2024-12-09 06:37:32', NULL, NULL, NULL, NULL, 0, '2025-01-01'),
(360, 'Propuesta cuadro de mandos', '2024-02-16', '04:00:00', 0, 272, NULL, NULL, 11, 11, 11, '2024-02-19 18:53:58', '2024-12-09 06:37:32', NULL, NULL, NULL, NULL, 0, '2025-01-01'),
(361, 'Reunión ERP-Nexo', '2024-02-13', '01:00:00', 0, 272, NULL, NULL, 11, 11, 11, '2024-02-19 18:54:22', '2024-12-09 06:37:32', NULL, NULL, NULL, NULL, 0, '2025-01-01'),
(362, 'Reunión toma de contacto', '2024-02-16', '01:00:00', 0, 273, NULL, NULL, 11, 11, 11, '2024-02-19 18:55:42', '2024-12-08 19:22:30', NULL, 'Factura 2024', NULL, NULL, 0, '2024-02-16'),
(363, 'Configuración proyecto DEMO', '2024-02-16', '02:30:00', 0, 273, NULL, NULL, 11, 11, 11, '2024-02-19 18:56:21', '2024-12-08 19:22:30', NULL, 'Factura 2024', NULL, NULL, 0, '2024-02-16'),
(364, 'Cuadro de mandos inicial', '2024-02-17', '01:30:00', 0, 273, NULL, NULL, 11, 11, 11, '2024-02-19 18:57:01', '2024-12-08 19:22:30', NULL, 'Factura 2024', NULL, NULL, 0, '2024-02-17'),
(365, 'Revisión ficheros migración', '2024-02-26', '02:00:00', 0, 273, NULL, NULL, 11, 11, 11, '2024-03-11 05:39:53', '2024-12-08 19:22:30', NULL, 'Factura 2024', NULL, NULL, 0, '2024-02-26'),
(366, 'Diseño cuadro mandos', '2024-03-09', '06:00:00', 0, 272, NULL, NULL, 11, 11, 11, '2024-03-11 05:40:58', '2024-12-09 06:37:32', NULL, NULL, NULL, NULL, 0, '2025-01-01'),
(367, 'Diseño cuadro mandos', '2024-03-10', '03:00:00', 0, 272, NULL, NULL, 11, 11, 11, '2024-03-11 05:41:13', '2024-12-09 06:37:32', NULL, NULL, NULL, NULL, 0, '2025-01-01'),
(368, 'Diseño cuadro mandos', '2024-03-06', '04:00:00', 0, 272, NULL, NULL, 11, 11, 11, '2024-03-11 05:41:36', '2024-12-09 06:37:32', NULL, NULL, NULL, NULL, 0, '2025-01-01'),
(369, 'Diseño cuadro mandos', '2024-03-06', '02:00:00', 0, 272, NULL, NULL, 11, 11, 11, '2024-03-11 05:41:51', '2024-12-09 06:37:32', NULL, NULL, NULL, NULL, 0, '2025-01-01'),
(370, 'Diseño cuadro mandos', '2024-03-07', '04:00:00', 0, 272, NULL, NULL, 11, 11, 11, '2024-03-11 05:42:06', '2024-12-09 06:37:32', NULL, NULL, NULL, NULL, 0, '2025-01-01'),
(371, 'Reunión revisión cuadro inicial', '2024-03-05', '04:00:00', 0, 272, NULL, NULL, 11, 11, 11, '2024-03-11 05:42:56', '2024-12-09 06:37:32', NULL, NULL, NULL, NULL, 0, '2025-01-01'),
(372, 'Revisión cuadro mandos fichajes', '2024-03-04', '02:00:00', 0, 258, NULL, NULL, 11, 11, 11, '2024-03-11 05:44:23', '2024-12-08 19:22:30', NULL, 'Factura 2024', NULL, NULL, 0, '2024-03-04'),
(373, 'Reunión en despacho de Santi', '2024-03-13', '02:00:00', 0, 258, NULL, NULL, 11, 11, 11, '2024-03-11 05:45:22', '2024-12-08 19:22:30', NULL, 'Factura 2024', NULL, NULL, 0, '2024-03-13'),
(374, 'Modificaciones cuadro de mandos fichaje', '2024-02-14', '03:00:00', 0, 258, NULL, NULL, 11, 11, 11, '2024-03-11 05:45:51', '2024-12-08 19:22:30', NULL, 'Factura 2024', NULL, NULL, 0, '2024-02-14'),
(375, 'Generación de entorno, subida de información y pequeñas personalizaciones', '2024-03-28', '05:00:00', 0, 280, '<p>Archivos: imputaciones_links, fotos_editar_content, ausencias_links, ausencias_editar_content, fichaje_editar_content</p>', 30, 18, 2, 11, '2024-03-28 17:13:54', '2024-12-08 19:22:02', NULL, 'Compensación socios 2024', NULL, NULL, 0, '2024-03-28'),
(376, 'Generación de facturas con macro Excel', '2024-04-02', '02:00:00', 0, 281, NULL, NULL, 11, 11, 11, '2024-04-02 07:34:43', '2024-12-08 19:22:30', NULL, 'Factura 2024', NULL, NULL, 0, '2024-04-02'),
(377, 'Envío de emails y prueba', '2024-04-22', '04:00:00', 0, 281, NULL, NULL, 1, 1, 11, '2024-04-30 21:51:46', '2024-12-08 19:22:19', NULL, 'Compensación socios 2024', NULL, NULL, 0, '2024-04-22'),
(378, 'Ya borra', '2024-04-30', '01:00:00', 0, 250, NULL, NULL, 1, 1, 11, '2024-04-30 21:55:23', '2024-12-08 19:22:19', NULL, 'Compensación socios 2024', NULL, NULL, 0, '2024-04-30'),
(379, 'Revision y subida de todo lo hecho por Raúl hasta el verano pasado', '2024-04-30', '10:00:00', 0, 282, NULL, NULL, 1, 1, 11, '2024-04-30 21:57:10', '2024-12-08 19:22:19', NULL, 'Compensación socios 2024', NULL, NULL, 0, '2024-04-30'),
(380, 'Pequeñas personalizaciones', '2024-05-01', '01:00:00', 0, 280, '<p>Archivos: limpiezas_editar_content.blade y limpiezas_links.blade</p>', 30, 18, 2, 11, '2024-05-07 15:12:07', '2024-12-08 19:22:02', NULL, 'Compensación socios 2024', NULL, NULL, 0, '2024-05-01'),
(381, 'Punteo movimientos banco y facturación', '2024-05-08', '01:30:00', 0, 165, NULL, NULL, 11, 11, 11, '2024-05-09 05:25:38', '2024-12-08 19:22:30', NULL, 'Factura 2024', NULL, NULL, 0, '2024-05-08'),
(382, 'Facturación', '2024-04-23', '01:30:00', 0, 165, NULL, NULL, 11, 11, 11, '2024-05-09 05:26:12', '2024-12-08 19:22:30', NULL, 'Factura 2024', NULL, NULL, 0, '2024-04-23'),
(383, 'Revisión proyectos cocinas', '2024-05-02', '02:00:00', 0, 279, NULL, NULL, 11, 11, 11, '2024-05-09 05:27:58', '2024-12-09 06:37:32', NULL, NULL, NULL, NULL, 0, '2025-01-01'),
(384, 'Revisión objetivos', '2024-04-18', '02:00:00', 0, 279, NULL, NULL, 11, 11, 11, '2024-05-09 05:28:30', '2024-12-09 06:37:32', NULL, NULL, NULL, NULL, 0, '2025-01-01'),
(385, 'Revisión márgenes', '2024-03-26', '02:00:00', 0, 279, NULL, NULL, 11, 11, 11, '2024-05-09 05:29:05', '2024-12-09 06:37:32', NULL, NULL, NULL, NULL, 0, '2025-01-01'),
(386, 'Revisión modelo datos', '2024-04-23', '02:30:00', 0, 273, NULL, NULL, 11, 11, 18, '2024-05-09 05:30:06', '2025-03-19 10:39:48', NULL, 'Factura 2024', NULL, NULL, 0, '2024-04-23'),
(387, 'Descomentado y revisión de las pantallas de autorregistro', '2024-05-15', '01:00:00', 0, 283, '<p>Lo imputo en esta tarea por no crear otra de revisión de autorregistro.</p>', NULL, 18, 2, 11, '2024-05-15 10:42:32', '2024-12-08 19:22:02', NULL, 'Compensación socios 2024', NULL, NULL, 0, '2024-05-15'),
(388, 'Solución del problema', '2024-06-04', '01:00:00', 0, 285, '<p>Funcionaba mal en la pantalla de edición y creación de elementos, ahora ya filtra correctamente.</p>', NULL, 1, 1, 11, '2024-06-04 08:45:39', '2024-12-08 19:22:19', NULL, 'Compensación socios 2024', NULL, NULL, 0, '2024-06-04'),
(389, 'Solución', '2024-06-04', '01:00:00', 0, 284, '<p>El problema era que las tablas de usuarios se creaban mal y no definía el campo email como único y eso daba un error. Ahora mismo está solucionado para los futuros proyectos pero en los actuales puede seguir fallando si usan emails repetidos así que hay que solucionarlo a mano</p>', NULL, 1, 1, 11, '2024-06-04 08:50:24', '2024-12-08 19:22:19', NULL, 'Compensación socios 2024', NULL, NULL, 0, '2024-06-04'),
(390, 'Control error ficheros', '2024-06-06', '00:10:00', 0, 259, '<p>Ya debería dar el aviso normal. La dejo abierta para mirar lo del pop up que sí se podría hacer…</p>', NULL, 1, 1, 11, '2024-06-06 14:16:09', '2024-12-08 19:22:19', NULL, 'Compensación socios 2024', NULL, NULL, 0, '2024-06-06'),
(391, 'Ya no debería ocurrir', '2024-06-06', '00:10:00', 0, 197, '<p>He revisado el código y esto no debería ocurrir ya.</p>', NULL, 1, 1, 11, '2024-06-06 14:21:32', '2024-12-08 19:22:19', NULL, 'Compensación socios 2024', NULL, NULL, 0, '2024-06-06'),
(392, 'Reuniones y creación de tutorial para los usuarios', '2024-07-06', '02:00:00', 0, 280, NULL, NULL, 18, 18, 11, '2024-07-06 09:09:37', '2024-12-08 19:22:02', NULL, 'Compensación socios 2024', NULL, NULL, 0, '2024-07-06'),
(393, 'Revisión cuadro de mandos', '2024-02-02', '06:00:00', 0, 288, NULL, NULL, 11, 11, 11, '2024-07-09 07:53:29', '2024-12-08 19:22:30', NULL, 'Factura 2024', NULL, NULL, 0, '2024-02-02'),
(394, 'Revisión cuadro de mandos', '2024-02-09', '06:00:00', 0, 288, NULL, NULL, 11, 11, 11, '2024-07-09 07:54:27', '2024-12-08 19:22:30', NULL, 'Factura 2024', NULL, NULL, 0, '2024-02-09'),
(395, 'Revisión cuadro de mandos', '2024-02-16', '06:00:00', 0, 288, NULL, NULL, 11, 11, 11, '2024-07-09 07:54:37', '2024-12-08 19:22:30', NULL, 'Factura 2024', NULL, NULL, 0, '2024-02-16'),
(396, 'Revisión cuadro de mandos', '2024-02-23', '06:00:00', 0, 288, NULL, NULL, 11, 11, 11, '2024-07-09 07:54:46', '2024-12-08 19:22:30', NULL, 'Factura 2024', NULL, NULL, 0, '2024-02-23'),
(397, 'Estudio de imputaciones, gastos y cobros 2023', '2024-07-11', '02:00:00', 0, 165, NULL, NULL, 18, 18, 11, '2024-07-11 19:34:30', '2024-12-08 19:22:02', NULL, 'Compensación socios 2024', NULL, NULL, 0, '2024-07-11'),
(398, 'Reunión requerimientos', '2024-07-09', '01:30:00', 0, 289, NULL, 34, 11, 11, 11, '2024-07-19 12:50:59', '2024-12-08 19:22:30', NULL, 'Factura 2024', NULL, NULL, 0, '2024-07-09'),
(399, 'Nuevo pantalla', '2024-07-18', '03:00:00', 0, 289, NULL, 34, 11, 11, 11, '2024-07-19 12:51:40', '2024-12-08 19:22:30', NULL, 'Factura 2024', NULL, NULL, 0, '2024-07-18'),
(400, 'Error al guardar los  filtros en sesión ya que si son fastadd no debe guardarlo', '2024-07-30', '03:00:00', 0, 202, NULL, NULL, 1, 1, 11, '2024-07-30 21:23:25', '2024-12-08 19:22:19', NULL, 'Compensación socios 2024', NULL, NULL, 0, '2024-07-30'),
(401, 'Subidos cambios menores de este verano', '2024-08-27', '00:30:00', 0, 282, NULL, NULL, 1, 1, 11, '2024-08-27 08:04:29', '2024-12-08 19:22:19', NULL, 'Compensación socios 2024', NULL, NULL, 0, '2024-08-27'),
(402, 'Facturación', '2024-09-19', '01:30:00', 0, 165, NULL, NULL, 11, 11, 11, '2024-09-20 04:03:13', '2024-12-08 19:22:30', NULL, 'Factura 2024', NULL, NULL, 0, '2024-09-19'),
(403, 'Simplificación cuadro de mandos', '2024-09-01', '06:00:00', 0, 290, NULL, NULL, 11, 11, 11, '2024-09-20 04:05:16', '2024-12-08 19:22:30', NULL, 'Factura 2024', NULL, NULL, 0, '2024-09-01'),
(404, 'Carga de fichajes', '2024-08-01', '01:00:00', 0, 291, NULL, NULL, 11, 11, 11, '2024-09-20 04:06:22', '2024-12-08 19:22:30', NULL, 'Factura 2024', NULL, NULL, 0, '2024-08-01'),
(405, 'Dudas Auxi', '2024-09-06', '02:00:00', 0, 291, NULL, NULL, 11, 11, 11, '2024-09-20 04:06:28', '2024-12-08 19:22:30', NULL, 'Factura 2024', NULL, NULL, 0, '2024-09-06'),
(406, 'Dudas Auxi', '2024-09-13', '02:00:00', 0, 291, NULL, NULL, 11, 11, 11, '2024-09-20 04:07:03', '2024-12-08 19:22:30', NULL, 'Factura 2024', NULL, NULL, 0, '2024-09-13'),
(407, 'Modelo datos: bonus', '2024-09-27', '03:00:00', 0, 290, NULL, NULL, 11, 11, 11, '2024-10-31 06:11:31', '2024-12-08 19:22:30', NULL, 'Factura 2024', NULL, NULL, 0, '2024-09-27'),
(408, 'Carga de datos y modificación cuadro de mandos', '2024-10-30', '03:00:00', 0, 290, NULL, NULL, 11, 11, 11, '2024-10-31 06:11:55', '2024-12-08 19:22:30', NULL, 'Factura 2024', NULL, NULL, 0, '2024-10-30'),
(411, 'Propuesta Opland para gestión de cocinas', '2024-05-04', '04:00:00', 0, 279, NULL, NULL, 11, 11, 11, '2024-10-31 07:13:07', '2024-12-09 06:37:32', NULL, NULL, NULL, NULL, 0, '2025-01-01'),
(412, 'Revision', '2024-05-09', '02:00:00', 0, 279, NULL, NULL, 11, 11, 11, '2024-10-31 07:13:50', '2024-12-09 06:37:32', NULL, NULL, NULL, NULL, 0, '2025-01-01'),
(413, 'Revision', '2024-06-27', '02:00:00', 0, 279, NULL, NULL, 11, 11, 11, '2024-10-31 07:38:11', '2024-12-09 06:37:32', NULL, NULL, NULL, NULL, 0, '2025-01-01'),
(414, 'Revision', '2024-07-05', '02:00:00', 0, 279, NULL, NULL, 11, 11, 11, '2024-10-31 07:38:24', '2024-12-09 06:37:32', NULL, NULL, NULL, NULL, 0, '2025-01-01'),
(415, 'Revision', '2024-07-30', '02:00:00', 0, 279, NULL, NULL, 11, 11, 11, '2024-10-31 07:38:36', '2024-12-09 06:37:32', NULL, NULL, NULL, NULL, 0, '2025-01-01'),
(418, 'Pantallas Power BI', '2024-11-04', '03:00:00', 0, 293, NULL, NULL, 11, 11, 11, '2024-11-04 12:16:49', '2024-12-08 19:22:30', NULL, 'Factura 2024', NULL, NULL, 0, '2024-11-04'),
(419, 'Nuevo campo dia_festivo en Fichaje y modificación cuadro de mandos', '2024-11-06', '02:00:00', 0, 290, NULL, NULL, 11, 11, 11, '2024-11-06 11:36:23', '2024-12-08 19:22:30', NULL, 'Factura 2024', NULL, NULL, 0, '2024-11-06'),
(420, 'Dudas RRHH', '2026-01-21', '01:00:00', 0, 294, NULL, NULL, 11, 11, 11, '2026-01-21 06:57:12', '2026-02-05 04:58:41', NULL, NULL, NULL, 'opland/imputaciones/SmBIBxYEiuj2PkqoMLeISdySYkBgCViKkPSs0EoN.png', 0, NULL),
(421, 'Nuevo campo', '2026-01-21', '00:30:00', NULL, 295, NULL, NULL, 11, 11, 11, '2026-01-26 17:18:18', '2026-01-26 17:18:18', NULL, NULL, NULL, NULL, 0, NULL),
(422, 'Cuadro de mandos personalizado', '2026-01-26', '01:30:00', 0, 296, NULL, NULL, 11, 11, 11, '2026-01-26 17:19:48', '2026-01-26 17:19:48', NULL, NULL, NULL, NULL, 0, NULL),
(423, 'Power BI', '2026-01-27', '03:00:00', NULL, 297, NULL, NULL, 11, 11, 11, '2026-01-27 16:52:31', '2026-01-27 16:52:31', NULL, NULL, NULL, NULL, 0, NULL),
(424, 'Explicación horas extras Rosie', '2026-02-05', '01:00:00', NULL, 294, NULL, NULL, 11, 11, 11, '2026-02-05 04:58:23', '2026-02-05 04:58:23', NULL, NULL, NULL, 'opland/imputaciones/3Np32xIRJDRWlYBRbtPnCkF3YMFZLc6T2tP0VPEC.png', 0, NULL),
(425, 'Revisión Nabila y Carol', '2026-02-24', '00:30:00', 0, 294, NULL, NULL, 11, 11, 11, '2026-02-24 05:16:02', '2026-02-24 05:17:38', NULL, NULL, NULL, 'opland/imputaciones/4axVpi47nzqkVANU326j3TjKe0pD6UF9NQTXbEHO.png', 0, NULL),
(426, 'Llamada Auxi y Carol revisión fichaje rotativos', '2026-02-16', '00:30:00', 0, 294, NULL, NULL, 11, 11, 11, '2026-02-24 05:17:14', '2026-02-24 05:17:25', NULL, NULL, NULL, NULL, 0, NULL),
(427, 'Cálculo de limpiezas contratadas, de mantenimiento o salida en función de la fecha de imputación y el período de reserva', '2026-02-23', '02:00:00', 0, 298, NULL, NULL, 11, 11, 11, '2026-02-24 05:20:42', '2026-02-24 05:23:12', NULL, NULL, NULL, NULL, 0, NULL),
(428, 'Pantalla \"Trabajadores\" con horas fichadas, imputadas, por contrato', '2026-02-23', '04:00:00', 0, 298, NULL, NULL, 11, 11, 11, '2026-02-24 05:22:00', '2026-02-24 05:22:00', NULL, NULL, NULL, NULL, 0, NULL),
(429, 'Recálculo de tiempos medios segùn tipo de limpieza', '2026-02-23', '02:00:00', 0, 298, NULL, NULL, 11, 11, 11, '2026-02-24 05:23:04', '2026-02-24 05:23:04', NULL, NULL, NULL, NULL, 0, NULL),
(430, 'Pantalla de \"Reservas\"', '2026-02-23', '02:00:00', NULL, 298, NULL, NULL, 11, 11, 11, '2026-02-24 05:25:15', '2026-02-24 05:25:15', NULL, NULL, NULL, NULL, 0, NULL),
(431, 'Limpiezas externas 2025: limpieza de datos y carga en Opland', '2026-01-31', '04:00:00', 0, 298, NULL, NULL, 11, 11, 11, '2026-02-24 05:27:16', '2026-02-24 05:27:16', NULL, NULL, NULL, NULL, 0, NULL),
(432, 'Carga de reservas 2025: depuración y subida a Opland', '2026-01-31', '04:00:00', 0, 298, NULL, NULL, 11, 11, 11, '2026-02-24 05:27:55', '2026-02-24 05:27:55', NULL, NULL, NULL, NULL, 0, NULL),
(433, 'Asociación Tareas-Reservas', '2026-01-31', '03:00:00', NULL, 298, NULL, NULL, 11, 11, 11, '2026-02-24 05:29:02', '2026-02-24 05:29:02', NULL, NULL, NULL, NULL, 0, NULL),
(434, 'Calculo tiempos medios Externa vs Empleada por Inmueble', '2026-01-31', '04:00:00', 0, 298, NULL, NULL, 11, 11, 11, '2026-02-24 05:29:55', '2026-02-24 05:29:55', NULL, NULL, NULL, NULL, 0, NULL),
(435, 'Facturas sin albarán', '2026-02-21', '04:00:00', 0, 299, NULL, NULL, 11, 11, 11, '2026-02-24 05:46:22', '2026-02-24 05:46:22', NULL, NULL, NULL, NULL, 0, NULL),
(436, 'Modificación por Diakros del Bruto albarán', '2026-02-21', '06:00:00', 0, 299, NULL, NULL, 11, 11, 11, '2026-02-24 05:47:03', '2026-02-24 05:47:03', NULL, NULL, NULL, NULL, 0, NULL),
(437, 'Facturas sobre albaranes eliminados', '2026-02-21', '04:00:00', NULL, 299, NULL, NULL, 11, 11, 11, '2026-02-24 05:47:35', '2026-02-24 05:47:35', NULL, NULL, NULL, NULL, 0, NULL),
(438, 'Clasificación de vinos con IA', '2026-02-04', '02:00:00', NULL, 300, NULL, NULL, 11, 11, 11, '2026-02-24 05:50:24', '2026-02-24 05:50:24', NULL, NULL, NULL, NULL, 0, NULL),
(439, 'Actualización del listado con campos subfamilia', '2026-02-19', '01:00:00', NULL, 300, NULL, NULL, 11, 11, 11, '2026-02-24 05:51:17', '2026-02-24 05:51:17', NULL, NULL, NULL, NULL, 0, NULL),
(440, 'Llamada revisión horas extra', '2026-02-24', '00:30:00', 0, 294, NULL, NULL, 11, 11, 11, '2026-02-25 04:28:24', '2026-02-25 04:28:43', NULL, NULL, NULL, 'opland/imputaciones/4axVpi47nzqkVANU326j3TjKe0pD6UF9NQTXbEHO.png', 0, NULL),
(441, 'Recalculo por error en carga de datos de Selian en 3 meses', '2026-02-26', '03:00:00', 1, 298, NULL, NULL, 11, 11, 11, '2026-02-27 08:48:25', '2026-02-27 08:48:25', NULL, NULL, NULL, NULL, 0, NULL),
(442, 'Redacción de informe', '2026-02-27', '02:00:00', 0, 298, NULL, NULL, 11, 11, 11, '2026-02-27 08:48:49', '2026-02-27 08:48:49', NULL, NULL, NULL, NULL, 0, NULL),
(443, 'Revisión facturas sin albarán', '2026-02-28', '03:00:00', 0, 299, NULL, NULL, 11, 11, 11, '2026-02-28 22:07:34', '2026-02-28 22:07:34', NULL, NULL, NULL, NULL, 0, NULL),
(444, 'Revisión facturas albarán', '2026-02-28', '02:00:00', 0, 299, NULL, NULL, 11, 11, 11, '2026-02-28 22:08:09', '2026-02-28 22:08:09', NULL, NULL, NULL, NULL, 0, NULL),
(445, 'Revisión horas Rosie, Griselda, Estefanía y Alcoba', '2026-03-05', '00:30:00', 0, 294, NULL, NULL, 11, 11, 11, '2026-03-05 19:21:46', '2026-03-05 19:22:34', NULL, NULL, NULL, 'opland/imputaciones/tJxOZCFyNGZuFzaEhkUaeCoDMtSQ8AJRyTeA126H.png', 0, NULL),
(446, 'Incorporación cobros Google Sheets', '2026-03-07', '02:00:00', 0, 299, NULL, NULL, 11, 11, 11, '2026-03-07 06:32:56', '2026-03-07 06:32:56', NULL, NULL, NULL, NULL, 0, NULL),
(447, 'Agrupación de descuentos', '2026-03-05', '04:00:00', 0, 299, NULL, NULL, 11, 11, 11, '2026-03-07 06:33:31', '2026-03-07 06:33:31', NULL, NULL, NULL, NULL, 0, NULL),
(448, 'Modificaciones', '2026-03-12', '02:00:00', 0, 301, NULL, NULL, 11, 11, 11, '2026-03-12 18:35:24', '2026-03-12 18:35:24', NULL, NULL, NULL, NULL, 0, NULL),
(449, 'Revisión horas Rosie, Griselda y Estefanía', '2026-03-18', '00:30:00', 0, 294, NULL, NULL, 11, 11, 11, '2026-03-18 07:07:03', '2026-03-18 07:08:38', NULL, NULL, NULL, 'opland/imputaciones/A5EmDu0QoyqBaDObYRvgza1e8jFy0Of1MoPNKDiP.png', 0, NULL);
INSERT INTO `opland_imputaciones` (`id`, `nombre`, `fecha_imputacion`, `duracion`, `no_facturable`, `id_tareas`, `observacion`, `id_presupuestos`, `control_user`, `createuser`, `updateuser`, `createdat`, `updatedat`, `factura_opland`, `factura_pago_interna`, `id_fta_soportadas`, `file_imagen`, `deleted`, `fecha_contable`) VALUES
(450, 'Datos actualizados enero y febrero 2026', '2026-03-20', '02:00:00', 0, 302, NULL, NULL, 11, 11, 11, '2026-03-20 08:56:18', '2026-03-23 19:23:40', NULL, NULL, NULL, NULL, 0, NULL),
(451, 'Toma requerimientos', '2026-03-20', '01:30:00', 0, 302, NULL, NULL, 11, 11, 11, '2026-03-22 19:57:58', '2026-03-25 17:37:25', NULL, NULL, NULL, NULL, 0, NULL),
(452, 'Cálculos ponderación por inmueble con reserva sin limpiza', '2026-03-21', '04:00:00', 0, 302, NULL, NULL, 11, 11, 11, '2026-03-22 19:58:48', '2026-03-22 20:00:29', NULL, NULL, NULL, NULL, 0, NULL),
(453, 'Cálculo de coste empresa por inmueble', '2026-03-22', '04:00:00', 0, 302, NULL, NULL, 11, 11, 11, '2026-03-22 19:59:14', '2026-03-22 19:59:48', NULL, NULL, NULL, NULL, 0, NULL),
(454, 'Revisión configuración web PowerBI y explicación horas productividad', '2026-03-23', '00:30:00', 0, 294, NULL, NULL, 11, 11, 11, '2026-03-23 18:36:08', '2026-03-23 18:36:08', NULL, NULL, NULL, NULL, 0, NULL),
(455, 'Duplicidad contrato Mike y revisar datos Mariví', '2026-03-27', '00:30:00', NULL, 294, NULL, NULL, 11, 11, 11, '2026-03-27 08:41:56', '2026-03-27 08:41:56', NULL, NULL, NULL, NULL, 0, NULL),
(456, 'Revisión productividad con Vero y Auxi', '2026-03-31', '00:30:00', NULL, 294, NULL, NULL, 11, 11, 11, '2026-03-31 08:17:34', '2026-03-31 08:17:34', NULL, NULL, NULL, NULL, 0, NULL),
(457, 'Reunión revisión costes', '2026-04-28', '01:30:00', NULL, 305, NULL, NULL, 11, 11, 11, '2026-04-29 05:33:03', '2026-04-29 05:33:03', NULL, NULL, NULL, NULL, 0, NULL),
(458, 'Carga de datos: nóminas, reservas y Selian', '2026-04-28', '02:00:00', NULL, 305, NULL, NULL, 11, 11, 11, '2026-04-29 05:33:43', '2026-04-29 05:33:43', NULL, NULL, NULL, NULL, 0, NULL),
(459, 'Reunión con Alberto (TD) y Carmen (OPE): presentación funcionalidades', '2026-05-11', '00:45:00', 0, 294, NULL, NULL, 11, 11, 11, '2026-05-11 15:56:23', '2026-05-11 15:56:23', NULL, NULL, NULL, NULL, 0, NULL),
(460, 'Modificación fichaje para edición también por parte de Director operaciones', '2026-05-11', '01:15:00', 0, 306, NULL, NULL, 11, 11, 11, '2026-05-11 18:43:41', '2026-05-11 18:43:41', NULL, NULL, NULL, NULL, 0, NULL);

-- --------------------------------------------------------

--
-- Estructura de tabla para la tabla `opland_insight`
--

CREATE TABLE `opland_insight` (
  `id` int(10) UNSIGNED NOT NULL,
  `nombre` varchar(255) NOT NULL COMMENT 'Nombre',
  `comentario` text DEFAULT NULL COMMENT 'comentario',
  `link` varchar(255) DEFAULT NULL COMMENT 'link',
  `file_file` varchar(512) DEFAULT NULL COMMENT 'file',
  `tags_tag` varchar(1024) DEFAULT NULL COMMENT 'tag'
) ENGINE=InnoDB DEFAULT CHARSET=utf8mb4 COLLATE=utf8mb4_unicode_ci;

--
-- Volcado de datos para la tabla `opland_insight`
--

INSERT INTO `opland_insight` (`id`, `nombre`, `comentario`, `link`, `file_file`, `tags_tag`) VALUES
(1, 'How to return 0 instead of BLANK in DAX', NULL, 'https://www.sqlbi.com/articles/how-to-return-0-instead-of-blank-in-dax/', 'opland/insight/ud5V6kfaMcxCboQJ3fLkjlZVVgitdaypI70wmqsS.png', 'DAX'),
(2, 'Recuperar último registro de otra tabla', '<p>Ultimo comentario management =</p><p>var fecha=CALCULATE(MAX(poseidon_comments[createdat]))</p><p>return</p><p>CALCULATE(LASTNONBLANK(poseidon_comments[nombre],TRUE()),FILTER(poseidon_comments,poseidon[id]=poseidon_comments[id_poseidon] &amp;&amp; poseidon_comments[createdat]=fecha))</p>', NULL, NULL, 'DAX'),
(3, 'Editar archivos php y css en página login', '<p><strong>1.- Eliminar fondo gris detrás de los logos de proyecto:</strong></p><p>/public_html/public/resources/views/basic/proyectos.blade.php&nbsp;</p><p>/public_html/public/resources/views/basic/layouts/menus -→ menu_basic.blade.php</p><p>Quité background-color: #cdcdcd dentro de style{} a continuación del nombre de la foto&nbsp;</p><p><strong>2.- Introducir logos de proyectos:</strong></p><p>/public_html/public/assets</p><p>Crear carpeta con el nombre del proyecto</p><p>Meter un archivo png y nombrarlo con el nombre del proyecto en minúsculas y “_logo.png”&nbsp;</p><p><strong>3.- Cambiar imagen de fondo:</strong></p><p>/public_html/public/assets/basic/images/pages</p><p>Subir el archivo que queramos meter en el fondo y nombrarlo como “paper-opland.jpg”</p><p><strong>4.- Cambiar el logo de Opland en la pantalla de login sobre los inputs:</strong></p><p>La imagen está en /public_html/public/assets/basic/images y el archivo se llama isotipo-opland-azul.png</p><p>/public_html/resources/views/basic/login.blade.php</p><p>style=\"width: 80px;height: 80px;\"&gt; en lugar de 50px por 50 px que me parecía muy pequeño. Dejamos dimensiones absolutas porque cuadra bien tanto en monitor como en móvil.</p><p><strong>5.- Cambiar el logo de Opland sobre el fondo de la pantalla de login:</strong></p><p>La imagen está en /public_html/public/assets/basic/images y se nombra como “opland-logo-blanco.png”.</p><p>/public_html/resources/views/basic/login.blade.php</p><p>Pongo width: 780px a continuación de la ruta de la imagen y como en bootstrap.ccs:501 (bootstrap.css línea 501) pone .img-fluid {max-width: 100%; height: auto;}, se adapta a ese ancho como máximo y si se reduce el tamaño de la pantalla se reduce el tamaño de la imagen.<br><br><strong>6.- Modificar formato de Usuario y Password en la pantalla de login:</strong></p><p>/public_html/resources/views/basic/login.blade.php</p><p>Añado class=\"form-label\" antes de \"Password\" como está puesto antes de \"Usuario\" para que tengan el mismo tamaño de letra, el mismo margen y el mismo grosor de letra.</p><p>/public_html/public/assets/basic/css/boostrap.css (línea 1650)</p><p>.form-label {<br>&nbsp; margin-bottom: 0.1rem; /* He quitado margin-bottom: 0.2857rem */<br>&nbsp; font-size: 1.1rem; /* He quitado font-size: 0.857rem; */<br>&nbsp; font-weight:600;<br>&nbsp;color: #5e5873; }</p>', NULL, NULL, 'PHP,CSS,LOGIN'),
(4, 'php y Xampp: virtual host', '<p><a href=\"https://www.youtube.com/watch?v=laXc22YPGhg&amp;list=PLZ2ovOgdI-kVtF2yQ2kiZetWWTmOQoUSG&amp;index=6\">https://www.youtube.com/watch?v=laXc22YPGhg&amp;list=PLZ2ovOgdI-kVtF2yQ2kiZetWWTmOQoUSG&amp;index=6</a></p><p>Minuto 23</p>', 'https://www.youtube.com/watch?v=laXc22YPGhg&list=PLZ2ovOgdI-kVtF2yQ2kiZetWWTmOQoUSG&index=6', NULL, NULL);

-- --------------------------------------------------------

--
-- Estructura de tabla para la tabla `opland_manual`
--

CREATE TABLE `opland_manual` (
  `id` int(10) UNSIGNED NOT NULL,
  `nombre` varchar(255) NOT NULL COMMENT 'Nombre',
  `descripcion` text DEFAULT NULL COMMENT 'Descripcion',
  `comentarios` text DEFAULT NULL COMMENT 'Comentarios',
  `createuser` bigint(20) DEFAULT NULL,
  `updateuser` bigint(20) DEFAULT NULL,
  `createdat` timestamp NOT NULL DEFAULT current_timestamp(),
  `updatedat` timestamp NOT NULL DEFAULT current_timestamp() ON UPDATE current_timestamp()
) ENGINE=InnoDB DEFAULT CHARSET=utf8mb4 COLLATE=utf8mb4_unicode_ci;

--
-- Volcado de datos para la tabla `opland_manual`
--

INSERT INTO `opland_manual` (`id`, `nombre`, `descripcion`, `comentarios`, `createuser`, `updateuser`, `createdat`, `updatedat`) VALUES
(1, '01.- Creación de proyecto', '<p>Si el usuario desea crear un nuevo proyecto debe clicar en [+ Crear Proyecto] e indicar el nombre del proyecto.</p>', '<p>Ahora mismo cuando pones el proyecto con un espacio te lo junta todo, me parece bien para la BD pero no para la interfaz. ¿Se puede solucionar?</p><p>¿Se puede poner un nombre de proyecto con espacios que luego se guarde en base de datos con guiones bajos? Eso es algo básico para UX.</p>', 18, 18, '2023-11-02 16:33:33', '2023-11-02 16:46:37'),
(2, '02.- Acceso a proyecto', '<p>Clicando sobre [Seleccionar Proyecto], el usuario puede acceder a cualquiera de los proyectos sobre los que se le hayan asignado permisos.</p><p>Al entrar en el proyecto se accede a la sección “Panel”.</p>', NULL, 18, 18, '2023-11-02 16:34:58', '2023-11-02 16:46:48'),
(3, '03.- Panel / Ajustes', '<p>Al entrar en un proyecto, el usuario accede a la sección Panel, en ella encontrará las tablas que no se hayan marcado como submenú en la tabla Configuración y el botón de acceso al Cuadro de mandos.</p><p>Clicando sobre el menú Opland (logo opland en la parte superior derecha de la pantalla), aparece un desplegable con las siguientes opciones:</p><ul><li>Perfil: En esta sección el usuario puede modificar sus datos personales y su contraseña.</li><li>Ajustes: En esta sección el usuario puede ver las tablas marcadas como submenú en la tabla “Configuración”.</li><li>Administración: Los usuarios administradores tienen acceso a las tablas de configuración avanzada de cada uno de los proyectos.</li><li>Proyectos: El usuario puede volver al menú de proyectos clicando en esta opción del menú.</li><li>Editar proyectos: En esta sección el usuario puede editar y crear tablas.</li><li>Cerrar sesión: El usuario puede desloguearse clicando esta opción.</li></ul>', NULL, 18, 18, '2023-11-02 16:46:10', '2023-11-02 17:30:16'),
(4, '04.- Tabla Configuración', '<p>La tabla de configuración del proyecto cuenta con los siguientes campos por defecto:</p><ul><li>Submenú: Permite llevar tablas (diccionarios, configuración, manual, roles, etc…) de Panel a Ajustes.</li><li>Filters:</li><li>Deletes: Activa el botón Borrar en el menú de fila de una tabla.</li><li>Main_filter: Permite indicar qué tabla aporta los valores con los que filtrar las tablas que se vean afectadas por el filtro.</li><li>Guardar: Permite incluir acciones adicionales además de Guardar. Las opciones adicionales disponibles son nuevo (volver y nuevo), volver (guardar y volver) y continuar (guardar y continuar).</li><li>Inicio: Permite indicar qué tabla quiere ver nada más acceder al proyecto.</li></ul>', NULL, 18, 2, '2023-11-02 17:34:32', '2023-11-09 17:40:17'),
(5, '05.- Creación de nueva tabla', '<p>El usuario puede Editar Proyecto desplegando el menú representado por el icono de Opland en la parte superior derecha de la pantalla.</p><p>El menú de edición de proyecto muestra las tablas de la sección Ajustes a la izquierda, las tablas a editar/borrar del proyecto en la parte superior y la tabla a crear en la parte inferior.</p><p>Para crear una nueva tabla, el usuario solo tiene que poner el nombre de la nueva tabla y apretar a “Crear tabla”.</p>', NULL, 2, 2, '2023-11-09 17:41:24', '2023-11-12 20:25:41'),
(6, '06.- Edición de tabla - Campos disponibles.', NULL, NULL, 2, 2, '2023-11-12 20:26:08', '2023-11-12 20:26:08');

-- --------------------------------------------------------

--
-- Estructura de tabla para la tabla `opland_oDatos`
--

CREATE TABLE `opland_oDatos` (
  `id` int(10) UNSIGNED NOT NULL,
  `nombre` varchar(255) NOT NULL COMMENT 'Nombre',
  `detalle` text DEFAULT NULL COMMENT 'detalle',
  `file` varchar(512) DEFAULT NULL COMMENT 'file',
  `createuser` bigint(20) DEFAULT NULL,
  `updateuser` bigint(20) DEFAULT NULL,
  `createdat` timestamp NOT NULL DEFAULT current_timestamp(),
  `updatedat` timestamp NOT NULL DEFAULT current_timestamp() ON UPDATE current_timestamp()
) ENGINE=InnoDB DEFAULT CHARSET=utf8mb4 COLLATE=utf8mb4_unicode_ci;

--
-- Volcado de datos para la tabla `opland_oDatos`
--

INSERT INTO `opland_oDatos` (`id`, `nombre`, `detalle`, `file`, `createuser`, `updateuser`, `createdat`, `updatedat`) VALUES
(1, 'Datos de acceso a BBVA', '<p>Empresa:20773462</p><p>usuario: ADMIN1</p><p>pass: M4RENY23</p>', NULL, 11, 11, '2022-12-29 11:50:31', '2022-12-29 11:50:31'),
(2, 'Datos acceso a LF', '<p>AnyDesk LF1: 410099347</p><p>AnyDesk LF2: 710814902</p><p>Pass (Idrica): Capellanes23!</p><p>&nbsp;</p>', NULL, 11, 11, '2023-01-10 08:47:34', '2024-01-10 18:03:18'),
(3, 'Generación de tokens', '<p><a href=\"https://desarrollos.opland.es/api/generateToken/dugarse\">https://desarrollos.opland.es/api/generateToken/dugarse</a></p><p>{\"token\":\"d6169a40660434b07a4f24a2351d5c432e28b8ed3516919d6213534fa4ddf782\",\"plainTextToken\":\"XyW4T6GLfvrzhTzFQxZhnhq87yaswOGWfZ0XMi1k\"}</p>', NULL, 11, 11, '2023-01-27 14:09:09', '2023-02-21 08:21:19'),
(4, 'Acceso PBI Opland', '<p>Onomatopeya00204</p>', NULL, 2, 11, '2023-04-26 19:53:03', '2023-10-14 14:56:48'),
(5, 'Query Opland acceso usuarios', '<p>SELECT email, MAX(timestamp) as \'UltimaCon\' ,COUNT(*) as \'Num\' FROM `admin_accesos` a<br>join `users` u on u.id=a.id_users<br>GROUP BY u.email<br>ORDER by MAX(timestamp) DESC</p>', NULL, 11, 11, '2023-05-15 09:45:46', '2023-05-15 09:45:46'),
(6, 'Modificación formato fecha en Power Query', '<p>= Table.TransformColumns(Origen, {{\"Fecha operación\", each Text.Combine({Date.ToText(_, \"yyyy\"), \"-\", Date.ToText(_, \"MM\"), \"-\", Date.ToText(_, \"dd\")})}})</p>', NULL, 11, 11, '2023-10-14 14:57:16', '2023-10-14 14:57:16'),
(7, 'Correos cuentas @opland.es', '<p>lacarniceriagallega@opland.es, OPlandCG21!<br>naturefitness@opland.es, OPlandNF21!<br>lafreshquita@opland.es, OPlandLF22!</p>', NULL, 11, 11, '2023-10-25 07:58:18', '2023-10-25 07:58:18'),
(8, 'API Power Query', '<p>let<br>&nbsp; &nbsp;Listado = List.Generate( &nbsp;<br>&nbsp; &nbsp; () &nbsp;=&gt; &nbsp;[ step = 1, Origen = Json.Document(Web.Contents(\"https://desarrollos.opland.es/api/get2/proyecto/tabla/\"<br>&nbsp; &nbsp; &nbsp; &nbsp;, [Headers=[#\"X-Auth-Token\"=\"sdVl4aQdV8dJgBD0OkCZdgtes2DFlV\", page =Number.ToText(step)]]))[values]],<br>&nbsp; &nbsp; each List.Count([Origen])&gt;0,<br>&nbsp; &nbsp; each [step = &nbsp;[step] + 1, Origen = Json.Document(Web.Contents(\"https://desarrollos.opland.es/api/get2/proyecto/tabla/\"<br>&nbsp; &nbsp; &nbsp; &nbsp;, [Headers=[#\"X-Auth-Token\"=\"sdVl4aQdV8dJgBD0OkCZdgtes2xeJqAB9y8PDFlV\", page =Number.ToText(step)]]))[values]]<br>),<br>&nbsp; &nbsp;#\"Convertida en tabla\" = Table.FromList(Listado, Splitter.SplitByNothing(), null, null, ExtraValues.Error),<br>&nbsp; &nbsp;#\"Se expandió Column1\" = Table.ExpandRecordColumn(#\"Convertida en tabla\", \"Column1\", {\"step\", \"Origen\"}, {\"step\", \"Origen\"}),<br>&nbsp; &nbsp;#\"Columnas quitadas\" = Table.RemoveColumns(#\"Se expandió Column1\",{\"step\"}),<br>&nbsp; &nbsp;#\"Se expandió Origen\" = Table.ExpandListColumn(#\"Columnas quitadas\", \"Origen\")<br>in<br>&nbsp; &nbsp;#\"Se expandió Origen\"</p>', NULL, 11, 11, '2023-10-27 17:17:16', '2023-11-15 06:37:43'),
(9, 'Power Query: listado de tablas', '<p>let<br>&nbsp; &nbsp;url = \"https://gestion.opland.es/api/get2/dugarse\",<br>&nbsp; &nbsp;Origen = List.Generate(<br>&nbsp; &nbsp; &nbsp; &nbsp;()=&gt;[x = 2, Result = Json.Document(Web.Contents(url, [Headers=[#\"X-Auth-Token\"=\"Mlx1TPT5xJO2oa2eWXqiR\"]]))],<br>&nbsp; &nbsp;each List.Count([Result][tables]) &lt;&gt; 1,<br>&nbsp; &nbsp;each [x=[x]+1,Result = Json.Document(Web.Contents(Text.Combine({url, Number.ToText([x])}), [Headers=[#\"X-Auth-Token\"=\"Mlx1TiGiKtYNO4N1CqLalXaEPT5xJO2oa2eWXqiR\"]]))]<br>&nbsp; &nbsp;),<br>&nbsp; &nbsp;Origen1 = Origen{0},<br>&nbsp; &nbsp;Result = Origen1[Result],<br>&nbsp; &nbsp;tables = Result[tables]<br>in<br>&nbsp; &nbsp;tables</p>', NULL, 11, 11, '2023-10-29 06:43:58', '2023-10-29 06:44:11'),
(10, 'API sencilla Power Query', '<p>let<br>&nbsp; &nbsp;Origen = Json.Document(Web.Contents(\"https://desarrollos.opland.es/api/get2/fitness_prod/grupo\", [Headers=[#\"X-Auth-Token\"=\"9TDUv9pAyzN7CXP91UXEfFa6oxA8j\"]])),<br>&nbsp; &nbsp;#\"Convertido en tabla\" = Record.ToTable(Origen),<br>&nbsp; &nbsp;#\"Filas filtradas\" = Table.SelectRows(#\"Convertido en tabla\", each ([Name] = \"values\")),<br>&nbsp; &nbsp;#\"Se expandió Value\" = Table.ExpandListColumn(#\"Filas filtradas\", \"Value\"),<br>&nbsp; &nbsp;#\"Se expandió Value1\" = Table.ExpandRecordColumn(#\"Se expandió Value\", \"Value\", {\"id\", \"nombre\", \"descripcion\", \"id_tipo\"}, {\"id\", \"nombre\", \"descripcion\", \"id_tipo\"}),<br>&nbsp; &nbsp;#\"Columnas quitadas\" = Table.RemoveColumns(#\"Se expandió Value1\",{\"Name\"}),<br>&nbsp; &nbsp;#\"Personalizada agregada\" = Table.AddColumn(#\"Columnas quitadas\", \"URL\", each \"https://gestion.opland.es/editar/fitness/grupo/\" &amp; Text.From([id]))<br>in<br>&nbsp; &nbsp;#\"Personalizada agregada\"</p>', NULL, 11, 11, '2023-10-29 07:08:57', '2023-10-29 07:08:57'),
(11, 'Conexiones Opland', '<p><strong>FTP PRO</strong></p><p>ftp.gestion.opland.es<br>u323365229.tomas<br>u6ghutdJI8</p><p><strong>FTP DESA</strong></p><p>185.166.188.52<br>u323365229.desarrollos.opland.es.tomas<br>QDdXUiN5bkA2VVhy</p><p><strong>BBDD PRO</strong></p><p>https://auth-db780.hstgr.io/index.php?route=/<br>u323365229_opland<br>YGue@6Iu</p><p><strong>BBDD DESA</strong></p><p>https://auth-db780.hstgr.io/index.php?route=/<br>u342962294_NZMAO<br>YGue@6Iu</p><p><strong>BBDD PRE</strong></p><p>BBDD: u342962294_oplandpre<br>User: u342962294_oplandpre<br>PWD: Y*uc!Bd=0</p><p>&nbsp;</p><p>&nbsp;</p>', NULL, 11, 11, '2023-11-05 15:13:28', '2023-11-05 15:13:28'),
(12, 'Power Query: modificar datos en una columna en función del valor de otra', '<p>= Table.ReplaceValue(#\"Personalizada agregada\", each [nombre], each if [deleted] = 1 then Text.Combine({\"ι \", [nombre]}) else [nombre],Replacer.ReplaceValue,{\"nombre\"})</p>', NULL, 11, 11, '2023-11-06 16:16:46', '2023-11-06 16:16:46'),
(13, 'Tokens proyectos', '<p>Opland: sdVl4aQdV8dJgBD0OkCZdgtes2xeJqAB9y8PDFlV</p><p>Qatium: sdVl4aQdV8dJgBD0OkCZdgtes2xeJqAB9y8PDFlV</p><p>N&amp;F: 9TDUv9pAyzN7CXP91UXEfFa6ox3dWdCkmB9h0A8j</p><p>ORL: WmIp61s3LxT3rWMVdWIlR2R7V24CGCgZYh58yPsd</p><p>Dysama: DJFclXhwtLMZVv02hBLs8t4SCo3QueLsye648YyJ</p>', NULL, 11, 11, '2023-11-15 06:40:34', '2024-06-19 08:06:45'),
(17, 'Duplicar facturas de Opland (las que estén como NO ARCHIVADAS)', '<p>-- Obtener la fecha actual y el año actual<br>SET @fecha_actual = CURDATE();<br>SET @año_actual = YEAR(@fecha_actual);</p><p>-- Obtener el mayor número de factura actual<br>SET @max_num_fact = (<br>&nbsp; &nbsp;SELECT IFNULL(MAX(CAST(SUBSTRING_INDEX(num_fact, \'/\', -1) AS UNSIGNED)), 0)<br>&nbsp; &nbsp;FROM opland_facturas<br>&nbsp; &nbsp;WHERE num_fact LIKE CONCAT(@año_actual, \'/%\')<br>);</p><p>-- Preparar la tabla temporal para mapear los IDs de las facturas duplicadas<br>DROP TEMPORARY TABLE IF EXISTS temp_facturas;<br>CREATE TEMPORARY TABLE temp_facturas (<br>&nbsp; &nbsp;old_id INT,<br>&nbsp; &nbsp;new_id INT<br>);</p><p>-- Duplicar las facturas que no están marcadas como deleted<br>INSERT INTO opland_facturas (<br>&nbsp; &nbsp;nombre,<br>&nbsp; &nbsp;num_fact,<br>&nbsp; &nbsp;descripcion,<br>&nbsp; &nbsp;fecha_emision,<br>&nbsp; &nbsp;id_clientes,<br>&nbsp; &nbsp;dtototae,<br>&nbsp; &nbsp;dtototalporc,<br>&nbsp; &nbsp;IVA,<br>&nbsp; &nbsp;id_proyectos,<br>&nbsp; &nbsp;base_imponible,<br>&nbsp; &nbsp;total_a_pagar,<br>&nbsp; &nbsp;incobrable<br>)<br>SELECT&nbsp;<br>&nbsp; &nbsp;CONCAT(CONCAT(@año_actual, \'/\', @max_num_fact + (@rownum := @rownum + 1)), \' - \', descripcion) AS nombre,<br>&nbsp; &nbsp;CONCAT(@año_actual, \'/\', @max_num_fact + @rownum) AS num_fact,<br>&nbsp; &nbsp;descripcion,<br>&nbsp; &nbsp;@fecha_actual AS fecha_emision,<br>&nbsp; &nbsp;id_clientes,<br>&nbsp; &nbsp;dtototae,<br>&nbsp; &nbsp;dtototalporc,<br>&nbsp; &nbsp;IVA,<br>&nbsp; &nbsp;id_proyectos,<br>&nbsp; &nbsp;base_imponible,<br>&nbsp; &nbsp;total_a_pagar,<br>&nbsp; &nbsp;incobrable<br>FROM opland_facturas, (SELECT @rownum := 0) r<br>WHERE deleted = 0;</p><p>-- Mapear los IDs de las facturas originales a las duplicadas<br>INSERT INTO temp_facturas (old_id, new_id)<br>SELECT old.id, new.id<br>FROM opland_facturas old<br>JOIN opland_facturas new<br>ON old.deleted = 0<br>AND new.fecha_emision = @fecha_actual<br>AND old.descripcion = new.descripcion;</p><p>-- Duplicar los conceptos de las facturas duplicadas<br>INSERT INTO opland_concepto_factura (<br>&nbsp; &nbsp;nombre,<br>&nbsp; &nbsp;id_facturas,<br>&nbsp; &nbsp;precio,<br>&nbsp; &nbsp;descuentoe,<br>&nbsp; &nbsp;id_conceptos,<br>&nbsp; &nbsp;descuentoporc<br>)<br>SELECT&nbsp;<br>&nbsp; &nbsp;ocf.nombre,<br>&nbsp; &nbsp;tf.new_id AS nueva_factura_id,<br>&nbsp; &nbsp;ocf.precio,<br>&nbsp; &nbsp;ocf.descuentoe,<br>&nbsp; &nbsp;ocf.id_conceptos,<br>&nbsp; &nbsp;ocf.descuentoporc<br>FROM opland_concepto_factura ocf<br>JOIN temp_facturas tf<br>ON ocf.id_facturas = tf.old_id;</p><p>-- Limpiar la tabla temporal<br>DROP TEMPORARY TABLE IF EXISTS temp_facturas;</p>', NULL, 11, 11, '2024-07-04 21:40:23', '2024-07-04 21:40:23'),
(18, 'Servidores', '<p>Desarrollo:<br>https://auth-db780.hstgr.io/index.php?route=/<br>u342962294_NZMAO<br>YGue@6Iu</p><p>Gestion:<br>https://auth-db780.hstgr.io/index.php?route=/<br>u323365229_opland<br>YGue@6Iu</p>', NULL, 11, 11, '2026-02-17 11:36:07', '2026-02-17 11:36:07'),
(19, 'OVH', '<p>user: <a href=\"mailto:trodriguez@opland.es\">trodriguez@opland.es</a></p><p>pass: Apavital.2025!</p><p>Azure DB: Tomas2026</p><p>Pass Ubuntu: TSgl@1315</p><p>Pass Postgres: USER opland WITH PASSWORD \'D3Aki4lC!el0\'; <strong>opland1234</strong></p><p>GitHub: <a href=\"mailto:trodriguez@opland.es\">trodriguez@opland.es</a> pass Apavital.2025!</p><h2>Guía: Migración de Azure a OVHcloud con Laravel + PostgreSQL</h2><h2>Resumen del setup</h2><ul><li><strong>Proveedor</strong>: OVHcloud</li><li><strong>Servidor</strong>: VPS-1 (4 vCPU, 8GB RAM, 75GB SSD)</li><li><strong>Ubicación</strong>: Frankfurt DE2 (Alemania)</li><li><strong>IP</strong>: 141.95.51.71</li><li><strong>SO</strong>: Ubuntu 22.04 LTS</li><li><strong>Stack</strong>: Laravel + PHP 8.2 + Nginx + PostgreSQL</li></ul><h3>1. Contratar el VPS en OVHcloud</h3><ol><li>Ir a <a href=\"https://ovhcloud.com/es-es\">ovhcloud.com/es-es</a></li><li>Menú → <strong>Servidores dedicados y VPS</strong> → <strong>VPS</strong></li><li>Seleccionar <strong>VPS-1</strong> (o superior si se necesita más potencia)</li><li>Elegir <strong>Ubuntu 22.04</strong> como sistema operativo</li><li>Seleccionar región (Madrid si está disponible, si no Frankfurt)</li><li>Finalizar el pedido y pagar</li></ol><h3>2. Establecer contraseña Ubuntu</h3><ol><li>Si no me mandan un mail con el enlace para restablecer la contraseña, reinstalar mi VPS desde <a href=\"https://manager.eu.ovhcloud.com/#/dedicated/vps/vps-00727187.vps.ovh.net/dashboard\">https://manager.eu.ovhcloud.com/#/dedicated/vps/vps-00727187.vps.ovh.net/dashboard</a> , bloque \"Su VPS &gt; SO/Distribución\" (avanzar hasta finalizar sin introducir nada).</li><li>Recibiré un correo con un enlace que me mostrará un secreto (contraseña de un solo uso)</li><li>Abrir PowerShell y escribir: ssh ubuntu@141.95.51.71<ol><li>Si da error de \"host identificación cambiada\" (tras reinstalar):</li><li>ssh-keygen -R 141.95.51.71</li><li>ssh ubuntu@141.95.51.71</li></ol></li><li>Introducir el secreto y luego la nueva contraseña.</li></ol><h3>3. Actualizar el sistema</h3><p>sudo apt update &amp;&amp; sudo apt upgrade -y</p><h3>4. Añadir repositorio de PHP e instalar PHP 8.2</h3><ol><li>sudo add-apt-repository ppa:ondrej/php -y &amp;&amp; sudo apt update</li><li>sudo apt install -y php8.2 php8.2-fpm php8.2-cli php8.2-pgsql php8.2-mbstring \\ &nbsp;php8.2-xml php8.2-curl php8.2-zip php8.2-bcmath php8.2-intl</li></ol><h3>5. Instalar Nginx</h3><blockquote><p>Nginx es el servidor web — el programa que recibe las visitas de los usuarios y las dirige a tu aplicación Laravel. Cuando alguien escribe tuempresa.com en el navegador, Nginx es quien responde y sirve la web. Es como el recepcionista del servidor: recibe todas las peticiones y las reparte correctamente. Sin Nginx, tu servidor no sería accesible desde internet.</p></blockquote><ol><li>sudo apt install -y nginx</li><li>sudo systemctl enable nginx</li><li>sudo systemctl start nginx</li></ol><h3>6. Instalar Composer</h3><blockquote><p>Es el gestor de dependencias de PHP — la herramienta que descarga e instala todas las librerías que necesita tu proyecto Laravel. Laravel no es un solo archivo, depende de cientos de librerías externas. Composer lee el archivo composer.json de tu proyecto y lo instala todo automáticamente con un solo comando. Es como el npm de JavaScript, pero para PHP. Si has usado npm install alguna vez, Composer es exactamente lo mismo.</p></blockquote><ol><li>curl -sS https://getcomposer.org/installer | php</li><li>sudo mv composer.phar /usr/local/bin/composer</li></ol><h3>7. Configuración de la base de datos Postgres</h3><blockquote><p><strong>Opción A</strong> — PostgreSQL gestionado en OVHcloud Public Cloud (~€15/mes)<br>Sin mantenimiento, backups automáticos, recomendado para producción.<br><strong>Opción B</strong> — PostgreSQL en el mismo VPS (gratis)<br>Más barato pero tú gestionas los backups. Válido para empezar.</p><p>Migrar de PostgreSQL local (opción B) a PostgreSQL gestionado (opción A) en el futuro es sencillo:</p><p><i>bash</i></p><p><i>pg_dump -U postgres nombre_db &gt; backup.sql psql -h host-ovhcloud -U usuario nombre_db &lt; backup.sql</i></p><p>Y cambiar una línea en el .env de Laravel con el nuevo host. En 30 minutos está hecho.</p></blockquote><ol><li>sudo apt install -y postgresql postgresql-contrib</li></ol><h3>8. Conectar con GitHub para volcar código</h3><p>Como el repositorio es privado, necesitamos darle acceso al VPS a tu repositorio privado de GitHub mediante una llave SSH. Es parecido a lo que hicimos antes.</p><p>Genera una llave SSH en el servidor:</p><p><i>bash</i></p><p><i>ssh-keygen -t ed25519 -C \"vps-ovhcloud\"</i></p><p>Pulsa Enter 3 veces (sin passphrase) y luego muestra la llave pública:</p><p><i>bash</i></p><p><i>cat ~/.ssh/id_ed25519.pub</i></p><p>Configurar el acceso desde Settings&gt;Deploy keys en GitHub</p><h3>9. Clonar respositorio Laravel</h3><ol><li>Clonar o subir el proyecto cd /var/www sudo git clone TU_REPO_URL miapp sudo chown -R ubuntu:www-data /var/www/miapp cd miapp</li><li>Instalar dependencias composer install --no-dev</li><li>Configurar entorno cp .env.example .env php artisan key:generate</li><li>Editar .env con las credenciales de PostgreSQL nano .env</li></ol><p>Valores clave en .env:</p><p>DB_CONNECTION=pgsql DB_HOST=tu-host-postgresql-ovhcloud DB_PORT=5432 DB_DATABASE=nombre_base_de_datos DB_USERNAME=usuario DB_PASSWORD=contraseña</p><h2>10. Migrar MySQL a PostgreSQL (con pgloader)</h2><p>sudo apt install -y pgloader pgloader mysql://usuario:password@host-azure/nombre_db \\ &nbsp; &nbsp; &nbsp; &nbsp; postgresql://usuario:password@host-ovhcloud/nombre_db</p><p>Ha sido problemático porque las contraseñas que había puesto en las bbdd contenían caracteres incompatibles con las instrucciones en SSH. Una vez resuelto, la complicación ha sido la conversión de MySQL a Pg. Finalmente he optado por crear manualmente las tablas en Pg porque la idea es comenzar desde cero en este nuevo servidor.</p><h2>&nbsp;</h2><h2>11. Configurar Nginx para Laravel</h2><p>sudo nano /etc/nginx/sites-available/miapp</p><p>Contenido del archivo:</p><p>server { &nbsp; &nbsp;listen 80; &nbsp; &nbsp;server_name tudominio.com www.tudominio.com; &nbsp; &nbsp;root /var/www/miapp/public; &nbsp; &nbsp;index index.php; &nbsp; &nbsp;location / { &nbsp; &nbsp; &nbsp; &nbsp;try_files $uri $uri/ /index.php?$query_string; &nbsp; &nbsp;} &nbsp; &nbsp;location ~ \\.php$ { &nbsp; &nbsp; &nbsp; &nbsp;fastcgi_pass unix:/var/run/php/php8.2-fpm.sock; &nbsp; &nbsp; &nbsp; &nbsp;fastcgi_index index.php; &nbsp; &nbsp; &nbsp; &nbsp;include fastcgi_params; &nbsp; &nbsp; &nbsp; &nbsp;fastcgi_param SCRIPT_FILENAME $realpath_root$fastcgi_script_name; &nbsp; &nbsp;} }</p><p>Activar el sitio:</p><p>sudo ln -s /etc/nginx/sites-available/miapp /etc/nginx/sites-enabled/ sudo nginx -t sudo systemctl reload nginx</p><h2>12. Instalar SSL gratuito con Let\'s Encrypt</h2><p>sudo apt install -y certbot python3-certbot-nginx sudo certbot --nginx -d tudominio.com -d www.tudominio.com</p><h2>&nbsp;</h2><p>Pasos pendientes:<br><strong>Inmediato</strong></p><ul><li>Crear las tablas en PostgreSQL con DBeaver</li><li>Migrar los datos de usuarios para poder hacer login</li><li>Probar que la app funciona correctamente</li></ul><p><strong>Antes de poner en producción</strong></p><ul><li>Configurar el dominio (apuntar tu dominio al VPS)</li><li>Instalar SSL con Let\'s Encrypt (el candado verde https://)</li><li>Cambiar APP_ENV=production y APP_DEBUG=false en el .env</li><li>Cambiar contraseña bbdd</li></ul><p><strong>Recomendable</strong></p><ul><li>Configurar backups automáticos de PostgreSQL</li><li>Cancelar el servidor de Azure una vez verificado todo</li></ul><p><strong>Opcional pero recomendado</strong></p><ul><li>Configurar el correo transaccional (Resend o Mailgun) para los emails que genera la app</li><li>Configurar un proceso para actualizar el servidor cuando hagas git push (deploy automático)</li></ul><p>&nbsp;</p><h2>Comandos útiles de mantenimiento</h2><p># Conectarse al servidor ssh ubuntu@141.95.51.71</p><p># Ver logs de Nginx sudo tail -f /var/log/nginx/error.log</p><p># Reiniciar servicios sudo systemctl restart nginx sudo systemctl restart php8.2-fpm</p><p># Ver uso de recursos htop</p><p>&nbsp;</p>', NULL, 11, 11, '2026-05-19 17:20:49', '2026-05-20 10:18:45'),
(20, 'Integración con icnea', '<p><strong>Informe Técnico — Sistema Opland / Vacation Marbella</strong></p><p><strong>Estado actual · Junio 2026</strong></p><p>&nbsp;</p><p>1. Infraestructura</p><figure class=\"table\"><table><thead><tr><th>Componente</th><th>Detalle</th></tr></thead><tbody><tr><td>Servidor</td><td>VPS OVH, Ubuntu, IP 141.95.51.71</td></tr><tr><td>Web server</td><td>Nginx</td></tr><tr><td>Framework</td><td>Laravel 8</td></tr><tr><td>Base de datos</td><td>PostgreSQL</td></tr><tr><td>Directorio app</td><td>/var/www/opland-app</td></tr><tr><td>URL producción</td><td><a href=\"https://app.opland.es/\">https://app.opland.es</a></td></tr></tbody></table></figure><p>&nbsp;</p><p>El cron del sistema ejecuta el scheduler de Laravel cada minuto:</p><p>* * * * * cd /var/www/opland-app &amp;&amp; php artisan schedule:run &gt;&gt; /dev/null 2&gt;&amp;1</p><p>&nbsp;</p><p>2. Base de datos</p><p>Motor: PostgreSQL. Las tablas de Vacation Marbella tienen el prefijo&nbsp;vacationmarbella_.</p><p>Tablas principales</p><figure class=\"table\"><table><thead><tr><th>Tabla</th><th>Descripción</th></tr></thead><tbody><tr><td>vacationmarbella_inmuebles</td><td>Catálogo de inmuebles. Campo clave:&nbsp;icnea_lodging_id&nbsp;(ID numérico Icnea) y&nbsp;icnea_code&nbsp;(acrónimo).</td></tr><tr><td>vacationmarbella_icnea_reservas</td><td>Reservas importadas desde Icnea. Campo clave:&nbsp;nombre&nbsp;(número de reserva, ej.&nbsp;R-12345). Campo de deduplicación:&nbsp;icnea_booking_ref&nbsp;(índice único parcial).</td></tr><tr><td>vacationmarbella_tareas_limpieza</td><td>Tareas de limpieza, mantenimiento y piscinas. Campo clave de deduplicación:&nbsp;icnea_booking_ref&nbsp;(índice único parcial).</td></tr></tbody></table></figure><p>&nbsp;</p><p>Índice único parcial en tareas</p><p>Para evitar duplicados en las tareas autogeneradas sin afectar a tareas manuales (que tienen&nbsp;icnea_booking_ref = NULL):</p><p>CREATE UNIQUE INDEX idx_tareas_icnea_booking_ref</p><p>ON vacationmarbella_tareas_limpieza (icnea_booking_ref)</p><p>WHERE icnea_booking_ref IS NOT NULL;</p><p>&nbsp;</p><p>3. Integración con Icnea (PMS)</p><p>Icnea es el PMS (Property Management System) que gestiona reservas, propiedades y planning. La integración se realiza vía&nbsp;<strong>SOAP</strong>&nbsp;contra el endpoint:</p><p>https://ws.icnea.net/WSserver.asmx</p><p>Credenciales de acceso:&nbsp;usr=1540,&nbsp;pwd=v$c$t$321$m$r$b</p><p>La API Icnea expone tres operaciones relevantes:</p><figure class=\"table\"><table><thead><tr><th>Operación SOAP</th><th>Uso</th></tr></thead><tbody><tr><td>Catalog</td><td>Lista completa de inmuebles con todos sus atributos</td></tr><tr><td>ControlActivitat</td><td>Registro de URL webhook para recibir notificaciones de reservas</td></tr><tr><td>Booked</td><td>Fechas ocupadas por inmueble (sin detalle de reserva)</td></tr></tbody></table></figure><p>&nbsp;</p><p><strong>Nota importante:</strong>&nbsp;La API Icnea no dispone de un endpoint para obtener el listado de reservas. El único mecanismo para recibir reservas en tiempo real es el webhook registrado vía&nbsp;ControlActivitat.</p><p>&nbsp;</p><p>4. Sincronización de inmuebles (catálogo)</p><p><strong>Comando:</strong>&nbsp;php artisan icnea:sync<br><strong>Fichero:</strong>&nbsp;app/Console/Commands/IcneaSyncCommand.php<br><strong>Frecuencia:</strong>&nbsp;Diaria a las 03:00<br><strong>Log:</strong>&nbsp;storage/logs/icnea-sync.log</p><p>Realiza una llamada SOAP&nbsp;Catalog&nbsp;que devuelve la lista completa de inmuebles Icnea. Por cada inmueble recibido, hace un UPSERT en&nbsp;vacationmarbella_inmuebles&nbsp;usando&nbsp;icnea_code&nbsp;(acrónimo) como clave de matching. Sincroniza ~80 campos (nombre, capacidad, superficies, ubicación, tarifas, fotos, etc.).</p><p><strong>Estado actual de inmuebles:</strong></p><ul><li>La mayoría de inmuebles tienen&nbsp;icnea_lodging_id&nbsp;y&nbsp;icnea_code&nbsp;correctamente asignados.</li><li>Tres inmuebles activos no tienen&nbsp;icnea_code&nbsp;y requieren matching manual: id 63 (MARBESA), id 104 (TORRE BERMEJA), id 126 (VILLA AVA).</li></ul><p>&nbsp;</p><p>5. Sincronización de reservas (webhook)</p><p>Arquitectura</p><p>Icnea notifica reservas nuevas y modificadas enviando un POST al webhook registrado. El flujo completo es:</p><p>Icnea PMS</p><p>&nbsp; &nbsp; │&nbsp; (nueva reserva / modificación)</p><p>&nbsp; &nbsp; │&nbsp; POST https://app.opland.es/api/icnea/webhook</p><p>&nbsp; &nbsp; ▼</p><p>IcneaWebhookController</p><p>&nbsp; &nbsp; │&nbsp; UPSERT en vacationmarbella_icnea_reservas</p><p>&nbsp; &nbsp; │&nbsp; (unique key: nombre = número de reserva)</p><p>&nbsp; &nbsp; ▼</p><p>PostgreSQL trigger: trg_auto_tarea_limpieza_checkout</p><p>&nbsp; &nbsp; │&nbsp; INSERT/UPDATE en vacationmarbella_tareas_limpieza</p><p>&nbsp; &nbsp; │&nbsp;(unique key: icnea_booking_ref)</p><p>&nbsp; &nbsp; ▼</p><p>Tarea \"Limpieza salida\" creada/actualizada</p><p>Endpoint webhook</p><p><strong>Ruta:</strong>&nbsp;POST /api/icnea/webhook<br><strong>Fichero:</strong>&nbsp;app/Http/Controllers/IcneaWebhookController.php<br><strong>Autenticación:</strong>&nbsp;Ninguna (pública, Icnea no soporta tokens)</p><p>Recibe el XML de Icnea con los datos de la reserva, convierte formatos de fecha (dd/mm/yyyy → yyyy-mm-dd) y realiza un UPSERT en&nbsp;vacationmarbella_icnea_reservas&nbsp;usando&nbsp;nombre&nbsp;(número de reserva) como clave única.</p><p>Re-registro del webhook</p><p><strong>Problema:</strong>&nbsp;Icnea no persiste el webhook indefinidamente. Si no se re-registra periódicamente, Icnea deja de enviar notificaciones.</p><p><strong>Solución:</strong>&nbsp;Re-registro automático cada hora.</p><p><strong>Comando:</strong>&nbsp;php artisan icnea:sync-reservas<br><strong>Fichero:</strong>&nbsp;app/Console/Commands/IcneaSyncReservasCommand.php<br><strong>Frecuencia:</strong>&nbsp;Cada hora (:00)<br><strong>Log:</strong>&nbsp;storage/logs/icnea-sync-reservas.log</p><p>Envía una llamada SOAP&nbsp;ControlActivitat&nbsp;con los datos:</p><ul><li>usr: 1540</li><li>pwd: v<img src=\"data:image/png;base64,iVBORw0KGgoAAAANSUhEUgAAAAgAAAAWCAMAAADKDS1SAAAAAXNSR0IArs4c6QAAAEVQTFRFAAAAAAAAAABmADpmADqQOgAAOgA6OjqQOma2ZgAAZrbbZrb/kDpmkGY6kNv/tmYAttv/tv//25Bm2////9uQ/9u2//+2DkDjXAAAAAF0Uk5TAEDm2GYAAAAJcEhZcwAADsQAAA7EAZUrDhsAAAAZdEVYdFNvZnR3YXJlAE1pY3Jvc29mdCBPZmZpY2V/7TVxAAAAPElEQVQYV2NgoBoQ5WVkZBJkYBDj5BAWYRdmYOBnARJAIMbJDbFEhI0PwhDj5GIQ5QGqZRBiZWQWoNgJAJxhAZ7Ima8uAAAAAElFTkSuQmCC\">t<img src=\"data:image/png;base64,iVBORw0KGgoAAAANSUhEUgAAABsAAAAWCAMAAAAGlBe5AAAAAXNSR0IArs4c6QAAAGZQTFRFAAAAAAAAAAA6ADo6ADpmAGa2OgAAOjqQOma2OpC2OpDbZgAAZjo6ZpC2ZpDbZrbbZrb/kDoAkGY6kNv/tmYAtmY6tpBm25A625Bm27Zm27aQ29u22/+22////7Zm/9uQ//+2///bJA7kNgAAAAF0Uk5TAEDm2GYAAAAJcEhZcwAADsQAAA7EAZUrDhsAAAAZdEVYdFNvZnR3YXJlAE1pY3Jvc29mdCBPZmZpY2V/7TVxAAAAjklEQVQoU9WQWxaCMAxEE9QKgkoVrC8o2f8mnbYpcFyBzk+nvUkmp0S/JOkNFxU2khvMKa4mlzYethrIcbsYoofBPcsb9VN9ILof3/XMXs1Zq7Roymxk3l6VdbtoZobMrkjQ7YdvhjrEAJUJrfuUjUC+XDGxaHFhpg8DXRyQ855N2kUsB4F5vPAm/cK/6wOrUwgNMQGclgAAAABJRU5ErkJggg==\">m<img src=\"data:image/png;base64,iVBORw0KGgoAAAANSUhEUgAAAAgAAAAWCAMAAADKDS1SAAAAAXNSR0IArs4c6QAAAEhQTFRFAAAAAAAAAAA6AABmAGa2OgA6OmZmOpDbZgBmZjoAZpC2Zrb/kDoAkGY6kNv/tmYAtpBmttv/tv//2/+2/7Zm/9uQ/9u2///bBbxIPwAAAAF0Uk5TAEDm2GYAAAAJcEhZcwAADsQAAA7EAZUrDhsAAAAZdEVYdFNvZnR3YXJlAE1pY3Jvc29mdCBPZmZpY2V/7TVxAAAANklEQVQYV2NgoBIQ52XkFuNk4mMQEORn4xLmEGJgEOdhgRguysoHYYgwA4VBgB8qI87DTg37AZxjAYJalQAuAAAAAElFTkSuQmCC\">b</li><li>url:&nbsp;<a href=\"https://app.opland.es/api/icnea/webhook\">https://app.opland.es/api/icnea/webhook</a></li></ul><p>Si Icnea responde&nbsp;&lt;ControlActivitatResult&gt;true&lt;/ControlActivitatResult&gt;, el registro fue exitoso.</p><p><strong>Nota:</strong>&nbsp;El XML se construye por concatenación de strings (no heredoc) para evitar que PHP interpole el carácter&nbsp;$&nbsp;de la contraseña.</p><p>Estado de las reservas en BD</p><p>La tabla&nbsp;vacationmarbella_icnea_reservas&nbsp;contiene&nbsp;<strong>3.198 reservas</strong>&nbsp;provenientes de la migración inicial MySQL→PostgreSQL (Hostinger→OVH), identificables por&nbsp;createdat = 2026-06-05 19:51. Las reservas que lleguen a partir de esa fecha vía webhook tendrán&nbsp;createdat&nbsp;con la fecha real de recepción.</p><p>&nbsp;</p><p>6. Generación automática de tareas de limpieza</p><p>Trigger PostgreSQL</p><p>Cada vez que se inserta o modifica una reserva en&nbsp;vacationmarbella_icnea_reservas, un trigger PostgreSQL genera automáticamente (o actualiza) la tarea de limpieza correspondiente.</p><p><strong>Trigger:</strong>&nbsp;trg_auto_tarea_limpieza_checkout<br><strong>Función:</strong>&nbsp;fn_auto_tarea_limpieza_checkout()<br><strong>Evento:</strong>&nbsp;AFTER INSERT OR UPDATE OF fecha_salida, establecimiento</p><p>Lógica:</p><ol><li>Lee&nbsp;fecha_salida&nbsp;y&nbsp;establecimiento&nbsp;de la reserva.</li><li>Busca el&nbsp;id&nbsp;del inmueble en&nbsp;vacationmarbella_inmuebles&nbsp;cruzando por&nbsp;icnea_lodging_id = establecimiento::integer.</li><li>Si no encuentra el inmueble, no crea tarea (reserva de inmueble no catalogado).</li><li>Hace UPSERT en&nbsp;vacationmarbella_tareas_limpieza:<ul><li>nombre:&nbsp;\'Limpieza salida\'</li><li>id_inmuebles: el id encontrado</li><li>id_tipo: 1 (limpieza)</li><li>fecha_duedate: fecha de checkout</li><li>descripcion:&nbsp;\'Checkout reserva R-XXXXX · Nombre Cliente\'</li><li>icnea_booking_ref: número de reserva (clave de deduplicación)</li></ul></li><li>En caso de conflicto (misma&nbsp;icnea_booking_ref), actualiza&nbsp;fecha_duedate,&nbsp;id_inmuebles,&nbsp;nombre,&nbsp;descripcion&nbsp;y&nbsp;updatedat.</li></ol><p><strong>Estado:</strong>&nbsp;Se ejecutó un backfill sobre las 3.198 reservas existentes, generando&nbsp;<strong>458 tareas de limpieza</strong>&nbsp;(las que tenían&nbsp;fecha_salida&nbsp;no nula e&nbsp;inmueble&nbsp;reconocido).</p><p>&nbsp;</p><p>7. Scheduler — Resumen de tareas programadas</p><p>Fichero:&nbsp;app/Console/Kernel.php</p><figure class=\"table\"><table><thead><tr><th>Comando</th><th>Frecuencia</th><th>Log</th><th>Función</th></tr></thead><tbody><tr><td>icnea:sync</td><td>Diaria 03:00</td><td>logs/icnea-sync.log</td><td>Sincroniza catálogo de inmuebles</td></tr><tr><td>icnea:sync-reservas</td><td>Cada hora</td><td>logs/icnea-sync-reservas.log</td><td>Re-registra webhook en Icnea</td></tr></tbody></table></figure><p>&nbsp;</p><p>Todos los comandos tienen&nbsp;withoutOverlapping()&nbsp;para evitar ejecuciones concurrentes.</p><p>&nbsp;</p><p>8. Corrección de error de login (500)</p><p><strong>Fichero:</strong>&nbsp;app/Http/Helpers/Helper.php&nbsp;(~línea 67)</p><p><strong>Causa:</strong>&nbsp;json_decode&nbsp;del campo&nbsp;menu_personalizado&nbsp;devolvía&nbsp;null&nbsp;para usuarios con ese campo vacío, y el&nbsp;foreach&nbsp;subsiguiente lanzaba un error fatal.</p><p><strong>Solución:</strong>&nbsp;Operador null-coalescing:</p><p>foreach (($menu_personalizado ?? []) as $text_item_menu =&gt; $url_item_menu) {</p><p>&nbsp;</p><p>9. Pendientes y puntos abiertos</p><figure class=\"table\"><table><thead><tr><th>Item</th><th>Estado</th></tr></thead><tbody><tr><td>Confirmar recepción efectiva de webhooks Icnea</td><td>Pendiente — verificar en 48h cuando llegue la próxima reserva/modificación</td></tr><tr><td>Matching manual de 3 inmuebles sin&nbsp;icnea_code</td><td>Pendiente (MARBESA id 63, TORRE BERMEJA id 104, VILLA AVA id 126)</td></tr></tbody></table></figure><p>&nbsp;</p>', NULL, 11, 11, '2026-06-08 12:59:53', '2026-06-08 12:59:53');

-- --------------------------------------------------------

--
-- Estructura de tabla para la tabla `opland_powerbi`
--

CREATE TABLE `opland_powerbi` (
  `id` int(10) UNSIGNED NOT NULL,
  `nombre` varchar(255) NOT NULL COMMENT 'Nombre',
  `id_clientes` int(11) NOT NULL COMMENT 'clientes',
  `hora` time NOT NULL COMMENT 'hora',
  `deleted` smallint(6) DEFAULT 0 COMMENT 'deleted',
  `dias` varchar(255) DEFAULT NULL COMMENT 'dias',
  `createuser` bigint(20) DEFAULT NULL,
  `updateuser` bigint(20) DEFAULT NULL,
  `createdat` timestamp NOT NULL DEFAULT current_timestamp(),
  `updatedat` timestamp NOT NULL DEFAULT current_timestamp() ON UPDATE current_timestamp()
) ENGINE=InnoDB DEFAULT CHARSET=utf8mb4 COLLATE=utf8mb4_unicode_ci;

--
-- Volcado de datos para la tabla `opland_powerbi`
--

INSERT INTO `opland_powerbi` (`id`, `nombre`, `id_clientes`, `hora`, `deleted`, `dias`, `createuser`, `updateuser`, `createdat`, `updatedat`) VALUES
(1, 'NF', 3, '10:00:00', 0, NULL, 11, 11, '2026-05-05 04:07:29', '2026-05-05 04:07:29'),
(2, 'NF', 3, '13:00:00', 0, NULL, 11, 11, '2026-05-05 04:07:51', '2026-05-05 04:07:59'),
(3, 'NF', 3, '17:00:00', 0, NULL, 11, 11, '2026-05-05 04:08:02', '2026-05-05 04:08:11'),
(4, 'VM_Completo_Gerencia', 6, '09:30:00', 0, NULL, 11, 11, '2026-05-05 04:08:16', '2026-05-05 04:09:01'),
(5, 'VM_Completo_Gerencia', 6, '11:30:00', 0, NULL, 11, 11, '2026-05-05 04:09:04', '2026-05-05 04:09:09'),
(6, 'VM_Completo_Gerencia', 6, '13:30:00', 0, NULL, 11, 11, '2026-05-05 04:09:11', '2026-05-05 04:09:17'),
(8, 'VM_Gobernanta', 6, '03:00:00', 0, NULL, 11, 11, '2026-05-05 04:10:24', '2026-05-05 04:10:44'),
(9, 'VM_Operaciones', 6, '02:30:00', 0, NULL, 11, 11, '2026-05-05 04:11:02', '2026-05-05 04:11:14'),
(10, 'Lite', 14, '10:30:00', 0, NULL, 11, 11, '2026-05-05 04:11:55', '2026-05-05 04:11:55'),
(11, 'Exposicion', 5, '22:00:00', 0, 'domingo', 11, 11, '2026-05-05 04:12:44', '2026-05-05 04:12:44'),
(12, 'Lite', 14, '19:00:00', 0, NULL, 11, 11, '2026-05-05 04:12:52', '2026-05-05 04:13:00'),
(13, 'Nutricion', 5, '13:00:00', 0, 'miércoles', 11, 11, '2026-05-05 04:13:24', '2026-05-05 04:13:24'),
(14, 'SilenceBleu', 5, '10:00:00', 0, NULL, 11, 11, '2026-05-05 04:13:52', '2026-05-05 04:13:52'),
(15, 'SilenceBleu', 5, '12:00:00', 0, NULL, 11, 11, '2026-05-05 04:14:03', '2026-05-05 04:14:09'),
(16, 'SilenceBleu', 5, '14:00:00', 0, NULL, 11, 11, '2026-05-05 04:14:11', '2026-05-05 04:14:19'),
(17, 'SilenceBleu', 5, '17:00:00', 0, NULL, 11, 11, '2026-05-05 04:14:24', '2026-05-05 04:14:29');

-- --------------------------------------------------------

--
-- Estructura de tabla para la tabla `opland_presupuestos`
--

CREATE TABLE `opland_presupuestos` (
  `id` int(10) UNSIGNED NOT NULL,
  `nombre` varchar(86) NOT NULL COMMENT 'Nombre',
  `num_ppto` varchar(8) NOT NULL COMMENT 'nro. presupuesto',
  `descripcion` varchar(75) DEFAULT NULL COMMENT 'descripcion',
  `id_clientes` int(11) DEFAULT NULL COMMENT 'id_clientes|hide',
  `id_proyectos` int(11) DEFAULT NULL COMMENT 'id_proyectos',
  `fecha_presentacion` date DEFAULT NULL COMMENT 'fecha_presentacion|hide',
  `fecha_aprobacion` date DEFAULT NULL COMMENT 'fecha_aprobacion|hide',
  `importe` decimal(8,2) DEFAULT NULL COMMENT 'Importe',
  `file_documento` varchar(512) DEFAULT NULL COMMENT 'Documento',
  `dtototale` decimal(8,2) DEFAULT NULL COMMENT 'DtoTotalE',
  `dtototalporc` int(11) DEFAULT NULL COMMENT 'DtoTotalPorc',
  `code` varchar(11) DEFAULT NULL COMMENT 'code'
) ENGINE=InnoDB DEFAULT CHARSET=utf8mb4 COLLATE=utf8mb4_unicode_ci;

--
-- Volcado de datos para la tabla `opland_presupuestos`
--

INSERT INTO `opland_presupuestos` (`id`, `nombre`, `num_ppto`, `descripcion`, `id_clientes`, `id_proyectos`, `fecha_presentacion`, `fecha_aprobacion`, `importe`, `file_documento`, `dtototale`, `dtototalporc`, `code`) VALUES
(1, '2022/001 - Notificación cumpleaños', '2022/001', 'Notificación cumpleaños', 3, 1, '2022-02-02', '2022-02-02', 160.00, NULL, NULL, NULL, NULL),
(2, '2022/002 - Programa gestión + reporte excel', '2022/002', 'Programa gestión + reporte excel', 3, 1, '2021-07-10', '2021-08-10', 1740.00, NULL, NULL, NULL, NULL),
(3, '2022/003 - Modulo de gastos y objetivos', '2022/003', 'Modulo de gastos y objetivos', 3, 1, '2021-11-02', '2021-11-02', 180.00, NULL, NULL, NULL, NULL),
(4, '2022/004 - Power BI', '2022/004', 'Power BI', 3, 1, '2021-11-02', '2021-11-02', 360.00, NULL, NULL, NULL, NULL),
(5, '2022/005 - Asesoramiento y dirección', '2022/005', 'Asesoramiento y dirección', 4, 10, NULL, NULL, 2000.00, NULL, NULL, NULL, NULL),
(6, '2022/006 - Desplazamiento puesta en marcha', '2022/006', 'Desplazamiento puesta en marcha', 4, 10, NULL, NULL, 1500.00, NULL, NULL, NULL, NULL),
(7, '2022/007 - Cuadros de mando', '2022/007', 'Cuadros de mando', 4, 10, NULL, NULL, 3000.00, NULL, NULL, NULL, NULL),
(8, '2022/008 - Programa de gestión', '2022/008', 'Programa de gestión', 6, 3, NULL, NULL, 1953.00, 'opland/presupuestos/sB80Y4iZQRbI4InDZb5hqOJhtB47xtc4QMvKNCY4.pdf', NULL, NULL, NULL),
(9, '2022/009 - Evolutivo nóminas + control horario', '2022/009', 'Evolutivo nóminas + control horario', 6, 3, NULL, NULL, 560.56, 'opland/presupuestos/Twe94sVooykvDhPBN7t0h8Pa2EMnEn8qFf4E71Q7.pdf', NULL, NULL, NULL),
(10, '2022/010 - Cuadro de mandos liquidaciones', '2022/010', 'Cuadro de mandos liquidaciones', 2, 15, NULL, NULL, 800.00, NULL, 0.00, NULL, NULL),
(11, '2022/011 - Cuadro de mandos DGT', '2022/011', 'Cuadro de mandos DGT', 2, 15, NULL, NULL, 800.00, NULL, 0.00, NULL, NULL),
(12, '2022/012 - Cuadro de mandos autoescuelas', '2022/012', 'Cuadro de mandos autoescuelas', 2, 9, NULL, NULL, 0.00, NULL, 0.00, NULL, NULL),
(13, '2022/013 - Dirección, implantación y cuadros', '2022/013', 'Dirección, implantación y cuadros', 1, 5, NULL, NULL, 2550.00, 'opland/presupuestos/hwk9FVpiQqBLxT26QNtJaZcv8gINt9gRkDhlZc2d.pdf', NULL, NULL, NULL),
(14, '2022/014 - Herramienta de gestión', '2022/014', 'Herramienta de gestión', 6, 3, NULL, NULL, NULL, 'opland/presupuestos/snyr8RnL4POgTXLnASjvEkqsI9Bs2THf3tfUTBdd.pdf', NULL, NULL, NULL),
(15, '2022/015 - oTabs para la gestión de tareas y trabajadores con cuadro de mandos PowerBI', '2022/015', 'oTabs para la gestión de tareas y trabajadores con cuadro de mandos PowerBI', 9, 13, NULL, NULL, 3000.00, NULL, NULL, NULL, NULL),
(17, '2022/016 - Cuadro de mandos CRM', '2022/016', 'Cuadro de mandos CRM', 2, 16, '2022-09-12', '2022-09-12', 800.00, NULL, 0.00, 0, NULL),
(18, '2022/017 - Ampliación TPV La Freshquita y adaptación del cuadro de mandos', '2022/017', 'Ampliación TPV La Freshquita y adaptación del cuadro de mandos', 4, 10, '2022-12-21', NULL, 1740.00, NULL, 0.00, NULL, NULL),
(19, '2022/018 - Mantenimientos aplicación y cuadros de mandos 1Q2023', '2022/018', 'Mantenimientos aplicación y cuadros de mandos 1Q2023', 3, 1, '2022-12-21', NULL, 0.00, NULL, 0.00, NULL, NULL),
(21, '2023/001 - Mantenimientos aplicación y cuadros de mandos operaciones y gestión', '2023/001', 'Mantenimientos aplicación y cuadros de mandos operaciones y gestión', 6, 3, '2023-02-10', NULL, 0.00, NULL, 0.00, NULL, NULL),
(22, '2022/019 - Ampliación ERP tienda Chipolino', '2022/019', 'Ampliación ERP tienda Chipolino', 4, 10, NULL, NULL, 0.00, NULL, 0.00, NULL, NULL),
(23, '2023/002 - Implantación Opland para gestión de tareas', '2023/002', 'Implantación Opland para gestión de tareas', 9, 13, '2023-02-14', NULL, 0.00, NULL, 0.00, NULL, NULL),
(26, '2023/003 - Modificación de fichaje', '2023/003', 'Modificación de fichaje', 6, 3, '2023-04-26', NULL, 270.00, NULL, 99.00, NULL, NULL),
(27, '2023/004 - Aplicación de gestión administrativa', '2023/004', 'Aplicación de gestión administrativa', 11, 21, '2023-09-25', NULL, 0.00, 'opland/presupuestos/I6sZUHQOjfmCbHQoKA7Ojk9v6nvK9er3smajPbDt.pdf', 0.00, NULL, NULL),
(30, '2024/001 - Aplicación de gestión recursos humanos', '2024/001', 'Aplicación de gestión recursos humanos', 11, 21, '2024-01-11', NULL, 0.00, '', 0.00, NULL, NULL),
(31, '2024/02 - Bloqueo de fichajes', '2024/02', 'Bloqueo de fichajes', 6, 3, '2024-02-07', NULL, 95.00, 'opland/presupuestos/SNRtWm76bkaiMKekRsfnLpLF1IhnDqC6HXJZLOoI.pdf', 0.00, NULL, NULL),
(32, '2024/03 - Módulo de recursos humanos y tareas de limpieza', '2024/03', 'Módulo de recursos humanos y tareas de limpieza', 12, 22, '2024-02-21', NULL, 0.00, 'opland/presupuestos/r4xPxcW0I46ONqRk6cj3YrrD0gz8aV5B3bmeUULF.pdf', 0.00, NULL, NULL),
(33, '2024/04 - Cuadro de mandos: versión inicial', '2024/04', 'Cuadro de mandos: versión inicial', 13, 23, '2024-03-06', NULL, 0.00, 'opland/presupuestos/OlNKgY6c2GgNGlYbrh2ELuhKsQN0PaFTUtFs2jld.pdf', 0.00, NULL, NULL),
(34, '2024/05 - Informe horas trabajadores por empresa y día', '2024/05', 'Informe horas trabajadores por empresa y día', 12, 22, '2024-07-17', NULL, 135.00, 'opland/presupuestos/JYk0j9joLJ0BVVkoWuWdCS24WuHPMlMeZ2XZhABT.pdf', 0.00, NULL, NULL);

-- --------------------------------------------------------

--
-- Estructura de tabla para la tabla `opland_prioridad`
--

CREATE TABLE `opland_prioridad` (
  `id` int(11) NOT NULL,
  `nombre` varchar(32) NOT NULL
) ENGINE=InnoDB DEFAULT CHARSET=utf8mb4 COLLATE=utf8mb4_unicode_ci;

--
-- Volcado de datos para la tabla `opland_prioridad`
--

INSERT INTO `opland_prioridad` (`id`, `nombre`) VALUES
(1, 'Alta'),
(2, 'Media'),
(3, 'Baja');

-- --------------------------------------------------------

--
-- Estructura de tabla para la tabla `opland_proyectos`
--

CREATE TABLE `opland_proyectos` (
  `id` int(11) NOT NULL,
  `nombre` varchar(64) NOT NULL COMMENT 'nombre',
  `id_clientes` int(11) DEFAULT NULL COMMENT 'id_clientes',
  `deleted` varchar(11) DEFAULT '0' COMMENT 'deleted',
  `codigo` varchar(255) NOT NULL COMMENT 'codigo'
) ENGINE=InnoDB DEFAULT CHARSET=utf8mb4 COLLATE=utf8mb4_unicode_ci;

--
-- Volcado de datos para la tabla `opland_proyectos`
--

INSERT INTO `opland_proyectos` (`id`, `nombre`, `id_clientes`, `deleted`, `codigo`) VALUES
(1, 'NatureFitness', 3, '0', 'N&F'),
(2, 'Opland (producto)', 5, '0', 'OPL'),
(3, 'Gestión VM', 6, '0', 'VM'),
(4, 'Deuda PFS', NULL, '1', 'PFS'),
(5, 'ERP - Carnes Gallegas', 1, '0', 'CG'),
(7, 'Bonatel', 5, '0', ''),
(9, 'AEOL autoescuelas', 2, '0', 'AAE'),
(10, 'ERP - La Freshquita', 4, '0', 'LF'),
(11, 'ERP - Carnes Gallegas', 1, '1', 'GAL'),
(12, 'oTabs Urbemed', NULL, '1', 'URB'),
(13, 'Dugarse - Gestión de tareas', 9, '0', 'DUG'),
(14, 'Propuestas comerciales', 5, '0', 'COM'),
(15, 'AEOL DGT y Liquidaciones comerciales', 2, '0', 'DGT'),
(16, 'AEOL CRM', 2, '0', 'CRM'),
(17, 'Zero Paper Land - OPLAND S.L.', 5, '0', 'ZPL'),
(18, 'Ampliación TPV La Freshquita', 4, '0', 'LF2'),
(19, 'Backoffice LF', 4, '0', 'BOLF'),
(20, 'Sistema de gestión Administración', 10, '0', 'MBA'),
(21, 'Gestión documental GB2E', 11, '0', 'GB2E'),
(22, 'Gestión empresarial AllServices Marbella', 12, '0', 'ALL'),
(23, 'Cuadro de mandos de ventas - DYS', 13, '0', 'DYS'),
(24, 'Fichaje ME', 14, '0', 'ME'),
(25, 'Kit digital', 15, '0', 'KD');

-- --------------------------------------------------------

--
-- Estructura de tabla para la tabla `opland_proyectos_comentarios`
--

CREATE TABLE `opland_proyectos_comentarios` (
  `id` int(10) UNSIGNED NOT NULL,
  `nombre` varchar(255) NOT NULL COMMENT 'Nombre',
  `createuser` bigint(20) DEFAULT NULL,
  `updateuser` bigint(20) DEFAULT NULL,
  `createdat` timestamp NOT NULL DEFAULT current_timestamp(),
  `updatedat` timestamp NOT NULL DEFAULT current_timestamp() ON UPDATE current_timestamp(),
  `id_proyectos` int(11) NOT NULL COMMENT 'id_proyectos',
  `comentario` text DEFAULT NULL COMMENT 'comentario',
  `file_fichero` varchar(512) DEFAULT NULL COMMENT 'fichero'
) ENGINE=InnoDB DEFAULT CHARSET=utf8mb4 COLLATE=utf8mb4_unicode_ci;

--
-- Volcado de datos para la tabla `opland_proyectos_comentarios`
--

INSERT INTO `opland_proyectos_comentarios` (`id`, `nombre`, `createuser`, `updateuser`, `createdat`, `updatedat`, `id_proyectos`, `comentario`, `file_fichero`) VALUES
(1, 'Configuración de la balanza EPELSA MARTE', 11, 11, '2022-12-21 11:56:42', '2022-12-21 11:56:42', 10, '<p>La balanza se la compramos a <a href=\"mailto:vicente@bartolomeconsultores.com\">vicente@bartolomeconsultores.com</a></p><p>Se adjunta manual Opland de configuración</p>', 'opland/proyectos_comentarios/nmbQXiWwiBecuZE33SWEYJDjNMfr6BNTUZjHeP6O.pdf');

-- --------------------------------------------------------

--
-- Estructura de tabla para la tabla `opland_responsable`
--

CREATE TABLE `opland_responsable` (
  `id` int(11) NOT NULL,
  `nombre` varchar(32) NOT NULL
) ENGINE=InnoDB DEFAULT CHARSET=utf8mb4 COLLATE=utf8mb4_unicode_ci;

--
-- Volcado de datos para la tabla `opland_responsable`
--

INSERT INTO `opland_responsable` (`id`, `nombre`) VALUES
(1, 'Carlos Domingo'),
(2, 'Tomás Rodríguez'),
(3, 'Carlos De Bernardo'),
(4, 'Raúl Hernández');

-- --------------------------------------------------------

--
-- Estructura de tabla para la tabla `opland_rol`
--

CREATE TABLE `opland_rol` (
  `id` int(10) UNSIGNED NOT NULL,
  `nombre` varchar(255) NOT NULL COMMENT 'Nombre',
  `puede_ver` varchar(255) DEFAULT NULL COMMENT 'Puede ver',
  `puede_editar` varchar(255) DEFAULT NULL COMMENT 'Puede editar',
  `privilegios` varchar(255) DEFAULT NULL COMMENT 'Privilegios',
  `inicio` varchar(255) DEFAULT NULL COMMENT 'inicio',
  `menu_personalizado` text DEFAULT NULL COMMENT 'Menu'
) ENGINE=InnoDB DEFAULT CHARSET=utf8mb4 COLLATE=utf8mb4_unicode_ci;

--
-- Volcado de datos para la tabla `opland_rol`
--

INSERT INTO `opland_rol` (`id`, `nombre`, `puede_ver`, `puede_editar`, `privilegios`, `inicio`, `menu_personalizado`) VALUES
(1, 'Externo', 'caja,facturas,fta_soportadas,oDatos', '-', NULL, 'fta_soportadas', '{\"Google\":\"https://www.google.es\",\"Caja test\":\"caja\"}'),
(2, 'Validacion', 'tareas', 'Tareas', NULL, 'tareas', NULL);

-- --------------------------------------------------------

--
-- Estructura de tabla para la tabla `opland_tag`
--

CREATE TABLE `opland_tag` (
  `id` int(10) UNSIGNED NOT NULL,
  `nombre` varchar(255) NOT NULL COMMENT 'Nombre'
) ENGINE=InnoDB DEFAULT CHARSET=utf8mb4 COLLATE=utf8mb4_unicode_ci;

--
-- Volcado de datos para la tabla `opland_tag`
--

INSERT INTO `opland_tag` (`id`, `nombre`) VALUES
(1, 'DAX'),
(2, 'PHP'),
(3, 'CSS'),
(4, 'LOGIN');

-- --------------------------------------------------------

--
-- Estructura de tabla para la tabla `opland_tareas`
--

CREATE TABLE `opland_tareas` (
  `id` int(11) NOT NULL,
  `nombre` varchar(512) NOT NULL COMMENT 'nombre',
  `comentario` text DEFAULT NULL COMMENT 'comentario',
  `id_responsable` int(11) NOT NULL COMMENT 'id_responsable',
  `id_prioridad` int(11) NOT NULL COMMENT 'prioridad',
  `id_estado` int(11) NOT NULL COMMENT 'id_estado',
  `id_proyectos` int(11) NOT NULL COMMENT 'id_proyectos',
  `fecha_aproximada` date DEFAULT NULL COMMENT 'Fecha Finalizacion|hide',
  `horas_estimadas` decimal(15,8) DEFAULT 0.00000000 COMMENT 'Horas estimadas|hide',
  `file_captura` varchar(512) DEFAULT NULL COMMENT 'Imagen|hide',
  `tags_etiquetas` varchar(1024) DEFAULT NULL COMMENT 'etiquetas|hide',
  `createdat` date DEFAULT NULL COMMENT 'createdat',
  `updatedat` time DEFAULT NULL COMMENT 'updatedat',
  `deleted` int(11) DEFAULT 0 COMMENT 'deleted',
  `createuser` int(11) DEFAULT NULL COMMENT 'createuser',
  `updateuser` int(11) DEFAULT NULL COMMENT 'updateuser',
  `id_bonos` int(11) DEFAULT NULL COMMENT 'id_bonos|hide',
  `id_facturas` int(11) DEFAULT NULL COMMENT 'id_facturas',
  `id_tipo_tarea` int(11) DEFAULT NULL COMMENT 'tipo_tarea'
) ENGINE=InnoDB DEFAULT CHARSET=utf8mb4 COLLATE=utf8mb4_unicode_ci;

--
-- Volcado de datos para la tabla `opland_tareas`
--

INSERT INTO `opland_tareas` (`id`, `nombre`, `comentario`, `id_responsable`, `id_prioridad`, `id_estado`, `id_proyectos`, `fecha_aproximada`, `horas_estimadas`, `file_captura`, `tags_etiquetas`, `createdat`, `updatedat`, `deleted`, `createuser`, `updateuser`, `id_bonos`, `id_facturas`, `id_tipo_tarea`) VALUES
(1, 'Cambiar menu', 'Cambiar menu', 0, 0, 3, 1, NULL, 0.00000000, '', NULL, '2022-11-27', NULL, 1, NULL, NULL, NULL, NULL, NULL),
(2, 'Buscador clientes: Clic sobre registro cliente abre la ficha', 'Buscador clientes: Clic sobre registro cliente abre la ficha cliente (Solo al pinchar en nombre)', 0, 0, 3, 1, NULL, 0.00000000, '', NULL, '2022-11-27', NULL, 1, NULL, NULL, NULL, NULL, NULL),
(3, 'Cobros: icono WhatsApp en cobros en estado \"No cobrado\"', 'Cobros: icono WhatsApp en cobros en estado \"No cobrado\"', 0, 0, 3, 1, NULL, 0.00000000, '', NULL, '2022-11-27', NULL, 1, NULL, NULL, NULL, NULL, NULL),
(4, 'Contrato fitness: \"fecha fin\" seteada a 31/07 del CURSO', 'Contrato fitness: \"fecha fin\" seteada a 31/07 del CURSO', 0, 0, 3, 1, NULL, 0.00000000, '', NULL, '2022-11-27', NULL, 1, NULL, NULL, NULL, NULL, NULL),
(5, 'Gestion de usuarios y permisos', 'Gestion de usuarios y permisos', 0, 0, 3, 2, NULL, 0.00000000, '', NULL, '2022-11-27', NULL, 1, NULL, NULL, NULL, NULL, NULL),
(6, 'Listados: Ordenar por encabezado', 'Listados: Ordenar por encabezado', 0, 0, 3, 1, NULL, 0.00000000, '', NULL, '2022-11-27', NULL, 1, NULL, NULL, NULL, NULL, NULL),
(7, 'Listados: Paginación', 'Listados: Paginación', 0, 0, 3, 1, NULL, 0.00000000, '', NULL, '2022-11-27', NULL, 1, NULL, NULL, NULL, NULL, NULL),
(8, 'Pagos: filtro por grupo (desplegable) y nombre (texto)', 'Pagos: filtro por grupo (desplegable) y nombre (texto)', 0, 0, 3, 1, NULL, 0.00000000, '', NULL, '2022-11-27', NULL, 1, NULL, NULL, NULL, NULL, NULL),
(9, 'Pago: En la ficha, habilitar botón para \"Anular\" --> desapar', 'Pago: En la ficha, habilitar botón para \"Anular\" --> desaparece opción de cobrar en el listado | Al editar se puede cambiar el estado a pendiente / Lo pido para aquellos generadlos por error | No se si lo he entendido bien, así que dejo los dos botones, anular y cobrar y si te parece en caso de cambio generamos tarea nueva porque aquí ya hay demasiadas anotaciones...', 0, 0, 3, 1, NULL, 0.00000000, '', NULL, '2022-11-27', NULL, 1, NULL, NULL, NULL, NULL, NULL),
(10, 'Contratos: icono según tipología de contrato en ficha client', 'Contratos: icono según tipología de contrato en ficha cliente', 0, 0, 3, 1, NULL, 0.00000000, '', NULL, '2022-11-27', NULL, 1, NULL, NULL, NULL, NULL, NULL),
(11, 'Ficha cliente: clic sobre registro contrato abre ficha contr', 'Ficha cliente: clic sobre registro contrato abre ficha contrato', 0, 0, 3, 1, NULL, 0.00000000, '', NULL, '2022-11-27', NULL, 1, NULL, NULL, NULL, NULL, NULL),
(12, 'BBDD: proceso copia de seguridad diaria', 'BBDD: proceso copia de seguridad diaria', 0, 0, 3, 1, NULL, 0.00000000, '', NULL, '2022-11-27', NULL, 1, NULL, NULL, NULL, NULL, NULL),
(13, 'Buscador clientes: formato dd-mm-aaaa para fecha nacimiento', 'Buscador clientes: formato dd-mm-aaaa para fecha nacimiento', 0, 0, 3, 1, NULL, 0.00000000, '', NULL, '2022-11-27', NULL, 1, NULL, NULL, NULL, NULL, NULL),
(14, 'Buscador clientes: Incidencia al pulsar botón menú desplegab', 'Buscador clientes: Incidencia al pulsar botón menú desplegable. Entra en ficha sin hacer selección.', 0, 0, 3, 1, NULL, 0.00000000, '', NULL, '2022-11-27', NULL, 1, NULL, NULL, NULL, NULL, NULL),
(15, 'Listado: la paginación elimina el criterio de orden configur', 'Listado: la paginación elimina el criterio de orden configurado por el encabezado de la columna', 0, 0, 3, 1, NULL, 0.00000000, '', NULL, '2022-11-27', NULL, 1, NULL, NULL, NULL, NULL, NULL),
(16, 'Listado: la paginación elimina el criterio de orden configur', 'Listado: la paginación elimina el criterio de orden configurado por el encabezado de la columna', 0, 0, 3, 1, NULL, 0.00000000, '', NULL, '2022-11-27', NULL, 1, NULL, NULL, NULL, NULL, NULL),
(17, 'Vista móvil: el listado de clientes debe mostrar las columna', 'Vista móvil: el listado de clientes debe mostrar las columnas Nombre y Teléfono', 0, 0, 3, 1, NULL, 0.00000000, '', NULL, '2022-11-27', NULL, 1, NULL, NULL, NULL, NULL, NULL),
(18, 'Vista móvil: listado contratos de ficha cliente debe mostrar', 'Vista móvil: listado contratos de ficha cliente debe mostrar Grupo y Fecha inicio (ordenador por defeco por fecha inicio más reciente)', 0, 0, 3, 1, NULL, 0.00000000, '', NULL, '2022-11-27', NULL, 1, NULL, NULL, NULL, NULL, NULL),
(19, 'Ficha cliente: nuevo campo \"Estado\"-->Activo si tiene algún ', 'Ficha cliente: nuevo campo \"Estado\"-->Activo si tiene algún contrato no finalizado. En caso contrario, inactivo.', 0, 0, 3, 1, NULL, 0.00000000, '', NULL, '2022-11-27', NULL, 1, NULL, NULL, NULL, NULL, NULL),
(20, 'Listados: colores alternos en las filas', 'Listados: colores alternos en las filas', 0, 0, 3, 1, NULL, 0.00000000, '', NULL, '2022-11-27', NULL, 1, NULL, NULL, NULL, NULL, NULL),
(21, 'Campos de \"Grupos\": quitar precio y añadir 2 checkbox con lo', 'Campos de \"Grupos\": quitar precio y añadir 2 checkbox con los nombre Día1 y Día2', 0, 0, 3, 1, NULL, 0.00000000, '', NULL, '2022-11-27', NULL, 1, NULL, NULL, NULL, NULL, NULL),
(22, 'Listado grupos: Debe mostrar el nombre del grupo y número de', 'Listado grupos: Debe mostrar el nombre del grupo y número de contratos abierto en Día1 y Día2 (ocupación de grupo por día)', 0, 0, 3, 1, NULL, 0.00000000, '', NULL, '2022-11-27', NULL, 1, NULL, NULL, NULL, NULL, NULL),
(23, 'Al pichar sobre un pago, acceder a la ficha del cliente', 'Al pichar sobre un pago, acceder a la ficha del cliente', 0, 0, 3, 1, NULL, 0.00000000, '', NULL, '2022-11-27', NULL, 1, NULL, NULL, NULL, NULL, NULL),
(24, 'Contratos: el desplegable Tipo debe ser el primero y condici', 'Contratos: el desplegable Tipo debe ser el primero y condicionar al deplegable Grupo (Para esto necesito que el grupo tenga tipo también y entiendo que cuando seleccione tipo mostraré solo los grupos de ese tipo))', 0, 0, 3, 1, NULL, 0.00000000, '', NULL, '2022-11-27', NULL, 1, NULL, NULL, NULL, NULL, NULL),
(25, 'Contratos: el tipo Osteopatía no debe mostrar la fecha fin (', 'Contratos: el tipo Osteopatía no debe mostrar la fecha fin (tendrá el mismo valor que la fecha inicio)', 0, 0, 3, 1, NULL, 0.00000000, '', NULL, '2022-11-27', NULL, 1, NULL, NULL, NULL, NULL, NULL),
(26, 'Contrato: Al crear contrato Osteopatía se debe generar el co', 'Contrato: Al crear contrato Osteopatía se debe generar el cobro automáticamente (ya cobrado)', 0, 0, 3, 1, NULL, 0.00000000, '', NULL, '2022-11-27', NULL, 1, NULL, NULL, NULL, NULL, NULL),
(27, 'Error al crear WhatsApp: no reconoce el número de teléfono', 'Error al crear WhatsApp: no reconoce el número de teléfono', 0, 0, 3, 1, NULL, 0.00000000, '', NULL, '2022-11-27', NULL, 1, NULL, NULL, NULL, NULL, NULL),
(28, 'Descartado- Campos Nombre y Apellidos separados ¿no se puede', 'Descartado- Campos Nombre y Apellidos separados ¿no se puede mostrar todo junto en los listados aunque lo tengamos separado?', 0, 0, 3, 1, NULL, 0.00000000, '', NULL, '2022-11-27', NULL, 1, NULL, NULL, NULL, NULL, NULL),
(29, 'Ocultar la columna # en todos los listados / hecho en móvil', 'Ocultar la columna # en todos los listados / hecho en móvil', 0, 0, 3, 1, NULL, 0.00000000, '', NULL, '2022-11-27', NULL, 1, NULL, NULL, NULL, NULL, NULL),
(30, 'En el listado de pagos solo se debe mostrar el botón de Cobr', 'En el listado de pagos solo se debe mostrar el botón de Cobrar. Para dejarlo como pendiente o anularlo habrá que hacerlo desde la ficha del pago.', 0, 0, 3, 1, NULL, 0.00000000, '', NULL, '2022-11-27', NULL, 1, NULL, NULL, NULL, NULL, NULL),
(31, 'Descartado-  Cambiar el literal “pago” por “cobro” en todos ', 'Descartado-  Cambiar el literal “pago” por “cobro” en todos los sitios.', 0, 0, 3, 1, NULL, 0.00000000, '', NULL, '2022-11-27', NULL, 1, NULL, NULL, NULL, NULL, NULL),
(32, 'Borrar fecha_pagado (no fecha_pago!!)cuando se modifica su e', 'Borrar fecha_pagado (no fecha_pago!!)cuando se modifica su estado desde cobrado a anulado o pendiente // Si lo hago usando la X, da error al guardar porque el campo es obligatorio // con la x ya funciona', 0, 0, 3, 1, NULL, 0.00000000, 'opland/tareas/kkrIlGYuOiV2yXbrmOKEknRJCQMWc3HUms8hMNFR.png', NULL, '2022-11-27', NULL, 1, NULL, NULL, NULL, NULL, NULL),
(33, 'Listado de cobros: quitar la columna id_contrato por grupo y', 'Listado de cobros: quitar la columna id_contrato por grupo y añadir la mensualidad-año  (jun-21)', 0, 0, 3, 1, NULL, 0.00000000, '', NULL, '2022-11-27', NULL, 1, NULL, NULL, NULL, NULL, NULL),
(34, 'Descartado- En el listado de Grupos solo deben aparecer los ', 'Descartado- En el listado de Grupos solo deben aparecer los grupos del tipo Fitness. Quitar la columna Tipo.', 0, 0, 3, 1, NULL, 0.00000000, '', NULL, '2022-11-27', NULL, 1, NULL, NULL, NULL, NULL, NULL),
(35, 'En la ventana de Grupos, añadir el nombre del grupo seleccio', 'En la ventana de Grupos, añadir el nombre del grupo seleccionado junto al literal “Inscritos” para saber qué grupo estoy viendo.', 0, 0, 3, 1, NULL, 0.00000000, '', NULL, '2022-11-27', NULL, 1, NULL, NULL, NULL, NULL, NULL),
(36, 'Opción de eliminar registros', '<p>Opción de eliminar contratos que no tengan pagos asociados</p>', 1, 1, 3, 2, NULL, 0.00000000, '', NULL, '2022-11-27', '15:10:28', 1, NULL, NULL, NULL, NULL, NULL),
(37, 'Descartado- Ficha contrato osteopatia: quitar campos Dia y F', 'Descartado- Ficha contrato osteopatia: quitar campos Dia y Fecha fin. Limitar opciones del campo Grupo', 0, 0, 3, 1, NULL, 0.00000000, '', NULL, '2022-11-27', NULL, 1, NULL, NULL, NULL, NULL, NULL),
(38, 'API REST con json de tablas principales', '<p>API REST con json de tablas principales: clientes, contratos y pagos</p>', 1, 1, 3, 2, NULL, 0.00000000, 'opland/tareas/5Psery2L631BaFiFlsVEh4u57Dt1pq1U2wbZ8TwL.png', NULL, '2022-11-27', '14:59:26', 1, NULL, NULL, NULL, NULL, NULL),
(39, 'Descartado -B', 'Descartado -B', 0, 0, 3, 1, NULL, 0.00000000, '', NULL, '2022-11-27', NULL, 1, NULL, NULL, NULL, NULL, NULL),
(40, 'Descartado - C', 'Descartado - C', 0, 0, 3, 1, NULL, 0.00000000, '', NULL, '2022-11-27', NULL, 1, NULL, NULL, NULL, NULL, NULL),
(41, 'Descartado - D', 'Descartado - D', 0, 0, 3, 1, NULL, 0.00000000, '', NULL, '2022-11-27', NULL, 1, NULL, NULL, NULL, NULL, NULL),
(42, '\"Fecha pago\" sirve para identificar la mensualidad a la que ', '\"Fecha pago\" sirve para identificar la mensualidad a la que corresponde ese pago y no debe ser editable. Crear nueva \"fecha_cobro\" que será la que registre el día en que se ha marcado como cobrado.', 0, 0, 3, 1, NULL, 0.00000000, '', NULL, '2022-11-27', NULL, 1, NULL, NULL, NULL, NULL, NULL),
(43, 'Subir capturas', 'Subir capturas', 0, 0, 3, 1, NULL, 0.00000000, 'opland/tareas/iPyG1SF4vFapIQyhzuafjWC1nP8ZOhyac4DNkRNK.jpg', NULL, '2022-11-27', NULL, 1, NULL, NULL, NULL, NULL, NULL),
(44, 'Incidencia: error al generar pagos', 'Incidencia: error al generar pagos', 0, 0, 3, 1, NULL, 0.00000000, 'opland/tareas/W8gn3ZNC181aClHhVwhqkjauVpWkDOi35szfPOWn.png', NULL, '2022-11-27', NULL, 1, NULL, NULL, NULL, NULL, NULL),
(45, 'La fecha de nacimiento no es un dato obligatorio. El género ', 'La fecha de nacimiento no es un dato obligatorio. El género debería estar nulo por defecto.', 0, 0, 3, 1, NULL, 0.00000000, 'opland/tareas/C93M2khvRXtpzMNCRxULb3UpQ7MnrmuUkcbEkRUB.jpg', NULL, '2022-11-27', NULL, 1, NULL, NULL, NULL, NULL, NULL),
(46, 'Máscara de entrada para el campo Teléfono // La idea es que ', 'Máscara de entrada para el campo Teléfono // La idea es que no deje teclear más de 9 dígitos', 0, 0, 3, 1, NULL, 0.00000000, NULL, NULL, '2022-11-27', NULL, 1, NULL, NULL, NULL, NULL, NULL),
(47, 'Osteopatia: la fecha_pagado debe ser igual a la fecha_inicio', 'Osteopatia: la fecha_pagado debe ser igual a la fecha_inicio', 0, 0, 3, 1, NULL, 0.00000000, 'opland/tareas/M3ulDUF07cugYinBB3PA82Csiw03eeiwKeRabpcX.jpg', NULL, '2022-11-27', NULL, 1, NULL, NULL, NULL, NULL, NULL),
(48, 'Deshabilitar campos en ficha pago: cliente, mes pago y grupo', 'Deshabilitar campos en ficha pago: cliente, mes pago y grupo no deberían ser editables', 0, 0, 3, 1, NULL, 0.00000000, 'opland/tareas/hFQiXsSW3T5T1Buw3wkOkhgJT6Ny61SNoTVV1QSi.jpg', NULL, '2022-11-27', NULL, 1, NULL, NULL, NULL, NULL, NULL),
(49, 'Incidencia en Deshabilitar campos en ficha contrato: tipo y ', 'Incidencia en Deshabilitar campos en ficha contrato: tipo y cliente no deberían ser editables. Quitar campo Nombre', 0, 0, 3, 1, NULL, 0.00000000, 'opland/tareas/PFojoXeAVQnSmf7PItA72AQ1CqGGNas7D0s9Jx7w.jpg', NULL, '2022-11-27', NULL, 1, NULL, NULL, NULL, NULL, NULL),
(50, 'Datos para envío correo cuando se recibe un pago: naturefitn', 'Datos para envío correo cuando se recibe un pago: naturefitnes@gmail.com  pass: 60006000', 0, 0, 3, 1, NULL, 0.00000000, NULL, NULL, '2022-11-27', NULL, 1, NULL, NULL, NULL, NULL, NULL),
(51, 'Desplegables dependientes en Contrato', '<p>En la ficha del contrato no se filtra el grupo en función de tipo seleccionado</p>', 1, 3, 3, 1, NULL, 0.00000000, 'opland/tareas/REiwvkujHy7auWgaKYvWzs5m2vv5AvACr7h1mHad.jpg', NULL, '2022-11-27', '06:17:11', 1, NULL, NULL, NULL, NULL, NULL),
(52, 'Cuando se pueda eliminar contratos, deshabilitar el campo Gr', '<p>Cuando se pueda eliminar contratos, deshabilitar el campo Grupo de la ficha del contrato.</p>', 1, 3, 3, 1, NULL, 0.00000000, NULL, NULL, '2022-11-27', '15:07:26', 1, NULL, NULL, NULL, NULL, NULL),
(53, 'Incidencia al editar un pago. Puede deberse a la deshabilita', 'Incidencia al editar un pago. Puede deberse a la deshabilitación de los campos.', 0, 0, 3, 1, NULL, 0.00000000, 'opland/tareas/4DnZjpnLX2IrrhLvjLq1Mlw2ZlEPjRj7xJux1Dd3.jpg', NULL, '2022-11-27', NULL, 1, NULL, NULL, NULL, NULL, NULL),
(54, 'Diseño ventana Pagos', 'Diseño ventana Pagos', 0, 0, 3, 1, NULL, 0.00000000, 'opland/tareas/yEqLckzOyjBL5qvULJGjEUMPp9CjfljZUHdDhwE4.png', NULL, '2022-11-27', NULL, 1, NULL, NULL, NULL, NULL, NULL),
(55, 'Listado de Inscritos: quitar las columnas Nombre, Tipo y Gru', 'Listado de Inscritos: quitar las columnas Nombre, Tipo y Grupo', 0, 0, 3, 1, NULL, 0.00000000, 'opland/tareas/WDv5bHuhuRDbyfAfaKY4na2YFnkGjQqnYus6T97t.png', NULL, '2022-11-27', NULL, 1, NULL, NULL, NULL, NULL, NULL),
(56, 'Fechas nacimiento y pagado: si no se informan aparecen como ', 'Fechas nacimiento y pagado: si no se informan aparecen como 01-01-1970. Debería aparecer como null en el front.', 0, 0, 3, 1, NULL, 0.00000000, NULL, NULL, '2022-11-27', NULL, 1, NULL, NULL, NULL, NULL, NULL),
(57, 'API REST con las tablas Clientes, Contratos y Pagos', '<p>API REST con las tablas Clientes, Contratos y Pagos</p>', 1, 1, 3, 2, NULL, 0.00000000, 'opland/tareas/fz7KklFiGOVhfUVPZTjjy9Sfvl7jlN3SpJrdcDWT.png', NULL, '2022-11-27', '14:49:33', 1, NULL, NULL, NULL, NULL, NULL),
(58, 'Incidencia en el cálculo de días de un grupo', 'Incidencia en el cálculo de días de un grupo', 0, 0, 3, 1, NULL, 0.00000000, 'opland/tareas/5asV4nGfajp0FqaG6n0M12Dje8EiYEh8KX3GVEqz.png', NULL, '2022-11-27', NULL, 1, NULL, NULL, NULL, NULL, NULL),
(59, 'Incidencia: listado de pagos no se ordena con los encabezado', '<p>Incidencia: listado de pagos no se ordena con los encabezados de las columnas</p>', 1, 3, 4, 1, NULL, 0.00000000, NULL, NULL, '2022-11-27', '15:05:08', 1, NULL, NULL, NULL, NULL, NULL),
(60, 'Incidencias en Alta de contratos: campo Grupo', '<p>Incidencias en Alta de contratos: el campo Grupo está como obligatorio, pero puedes finalizar el alta del contrato sin informarlo. El motivo puede ser que, para osteopatía, no es obligatorio.</p>', 1, 1, 3, 1, NULL, 0.00000000, 'opland/tareas/WYVRf2bDecdrVmqycvKJh0uoDe7Fh4jMJPQBnu09.png', NULL, '2022-11-27', '14:32:48', 1, NULL, NULL, NULL, NULL, NULL),
(61, 'Limitar el ancho de las pantallas a 1400 px para evitar que', '<p>Limitar el ancho de las pantallas a 1400 px para evitar que se vean los campos dispersos</p>', 1, 2, 3, 2, NULL, 0.00000000, NULL, NULL, '2022-11-27', '14:31:11', 1, NULL, NULL, NULL, NULL, NULL),
(62, 'Rediseño de las pantallas \"Contrato\" y \"Pago\" ¿podrían ser p', '<p>Rediseño de las pantallas \"Contrato\" y \"Pago\" ¿podrían ser pop-up?</p>', 1, 3, 4, 1, NULL, 0.00000000, NULL, NULL, '2022-11-27', '15:02:24', 1, NULL, NULL, NULL, NULL, NULL),
(63, 'Ficha cliente: alinear campos', '<p>Esto en principio ya está alineado.</p>', 0, 0, 3, 1, NULL, 0.00000000, 'opland/tareas/hEKyjT77vFMVqZahWPfqIvVwGbCaLkyxJzrfDm4y.png', NULL, '2022-11-27', NULL, 1, NULL, NULL, NULL, NULL, NULL),
(64, 'Ficha cliente: resaltar icono del contrato vigente', '<p>Ficha cliente: resaltar contrato vigente con el icono en naranja</p>', 3, 3, 4, 2, NULL, 0.00000000, NULL, NULL, '2022-11-27', '17:12:42', 1, NULL, NULL, NULL, NULL, NULL),
(65, 'Listados: cambiar el 1 en las columnas DIA por un icono', '<p>Listados: cambiar el 1 en las columnas DIA por un icono (check, visé...)</p>', 3, 3, 3, 1, NULL, 0.00000000, NULL, NULL, '2022-11-27', '22:03:42', 1, NULL, NULL, NULL, NULL, NULL),
(66, 'Listado pagos: cambiar botón plano por una imagen menos intr', '<p>Listado pagos: cambiar botón plano por una imagen menos intrusiva</p>', 3, 3, 4, 1, NULL, 0.00000000, NULL, NULL, '2022-11-27', '15:03:15', 1, NULL, NULL, NULL, NULL, NULL),
(67, 'Pantalla de inicio: dashboard', '<p>Pantalla de inicio: mostrar número de clientes activos, histograma edad clientes, queso género...</p>', 3, 3, 3, 1, NULL, 0.00000000, NULL, NULL, '2022-11-27', '17:10:51', 1, NULL, NULL, NULL, NULL, NULL),
(68, 'Buscar elemento Bootstrap para mostrar estados', '<p>Por ejemplo, para NF, en Ficha cliente: cambiar el estado del cliente por una etiqueta de color al estilo JIRA</p>', 3, 3, 3, 2, NULL, 0.00000000, NULL, NULL, '2022-11-27', '08:34:19', 1, NULL, NULL, NULL, NULL, NULL),
(69, 'Listado clientes: filtro por Estado=\"Activo\"', '<p>Listado clientes: filtro por estado cliente (por defecto, activos)</p>', 3, 3, 4, 1, NULL, 0.00000000, NULL, NULL, '2022-11-27', '22:04:50', 1, NULL, NULL, NULL, NULL, NULL),
(70, 'Campo Resumen (Nombre) y Comentario, campo prioridad, regist', '<p>Campo Resumen (Nombre) y Comentario, campo prioridad, registro de usuario, registro create y update en ficha tarea. Responsable.</p>', 1, 2, 3, 2, NULL, 0.00000000, 'opland/tareas/wkY7CTnRh4TFBhmjFYYEdxtSdCmE1t2PLRkFbdt8.png', NULL, '2022-11-27', '15:01:11', 1, NULL, NULL, NULL, NULL, NULL),
(71, 'Filtro por estados en formato botones', '<p>Filtro por estados en formato botones: Pendiente/En proceso/A futuro/Descartado/Finalizado/TODO</p>', 3, 3, 3, 2, NULL, 0.00000000, 'opland/tareas/lmEWHmRoAYNwxeIpIYPFX2JkFJXbxnIaSxqWcg7C.png', NULL, '2022-11-27', '22:04:21', 1, NULL, NULL, NULL, NULL, NULL),
(72, 'En fichas, botones “Cancelar”, “Guardar y nuevo” y “Guarda y', '<p>En fichas, botones “Cancelar”, “Guardar y nuevo” y “Guarda y volver”</p>', 1, 3, 3, 2, NULL, 0.00000000, NULL, NULL, '2022-11-27', '16:59:20', 1, NULL, NULL, NULL, NULL, NULL),
(73, 'Grid para importaciones en tareas (similar al de contratos)', '<p>Grid para imputaciones en Tareas (similar al de contratos) con campos: usuario (el logado), fecha, tiempo y comentario</p>', 1, 2, 3, 2, NULL, 0.00000000, NULL, NULL, '2022-11-27', '14:34:59', 1, NULL, NULL, NULL, NULL, NULL),
(74, 'Nuevos campos en ficha Tarea', '<p>Nuevos campos en la ficha Tarea.</p><ol><li>Campo estimación (en JIRA se puede indicar en el campo <strong>1w 2d</strong> y reconoce que eso son 7díasx8horas=56horas</li></ol><p>&nbsp;</p><p>Hecho</p><ol><li>“Etiquetas”: similar a lo comentado de JIRA y WordPress. Registrar las etiquetas que se dan de alta y que el campo sea predictivo para completar la etiqueta que se desea aplicar.</li><li>Los campos createdat y updatedat no deben se editables, pero sí visibles.</li><li>Cuando se elimina una etiqueta de una tarea no se borra en bbdd.</li></ol><p>Pero la etiqueta no se elimina de la tabla etiquetas, solo se quita la asociación</p>', 1, 3, 3, 2, NULL, 2.25000000, NULL, 'proyecto', '2022-11-27', '17:11:39', 1, NULL, NULL, NULL, NULL, NULL),
(75, 'prueba', '<p>prueba</p>', 3, 1, 4, 4, NULL, 10.00000000, NULL, 'prueba', '2022-11-27', '15:05:41', 1, NULL, NULL, NULL, NULL, NULL),
(76, 'Depurar base de datos ERP/TPV', '<p>Depurar base de datos ERP/TPV</p>', 2, 2, 3, 5, NULL, 0.00000000, NULL, NULL, '2022-11-27', '21:53:06', 1, NULL, NULL, NULL, NULL, NULL),
(77, 'Framework: error al crear campo formato HORA', '<p>Framework: error al crear campo formato HORA</p>', 1, 3, 3, 2, NULL, 0.00000000, NULL, NULL, '2022-11-27', '11:55:18', 1, NULL, NULL, NULL, NULL, NULL),
(78, 'Tareas: orden listado y campo horas dedicadas', '<ol><li>Ordenar por defecto el listado de tareas por Update decreciente y estado &lt;&gt;{Anulada, Finalizado}</li><li>Error al guardar tarea con <i>Horas estimadas</i>=null (solucionado. le he puesto valor 0 por defecto)</li></ol>', 1, 2, 3, 2, NULL, 0.00000000, NULL, NULL, '2022-11-27', '16:58:25', 1, NULL, NULL, NULL, NULL, NULL),
(79, 'Visita comercial', NULL, 2, 3, 3, 9, '2021-10-14', 0.00000000, NULL, NULL, '2022-11-27', '20:28:31', 1, NULL, 11, NULL, NULL, NULL),
(80, 'Pruebas modelos de datos y estructura PBI', NULL, 2, 1, 3, 5, '2021-10-31', 0.00000000, NULL, NULL, '2022-11-27', '21:53:48', 1, NULL, NULL, NULL, NULL, NULL),
(81, 'Bonatel: Modelo de datos para presentación comercial', NULL, 2, 2, 3, 14, '2021-10-18', 0.00000000, NULL, NULL, '2022-11-27', '20:06:04', 1, NULL, NULL, NULL, NULL, NULL),
(82, 'Correcciones en NF', '<p>Decimales</p><p>Objetivos mensuales y anual en barra</p><p>Tipo gasto y pago</p><p>Mar Pla: grupo en pagos</p><p>Familias de gastos y carga</p>', 2, 2, 3, 1, '2021-10-24', 0.00000000, NULL, NULL, '2022-11-27', '22:02:34', 1, NULL, NULL, NULL, NULL, NULL),
(83, 'Nueva funcionalidad: Gestión de etiquetas, recientes y favoritos', '<p>Posibilidad de consultar los últimos ítems visitados, los marcados como favoritos o los etiquetados</p>', 1, 3, 5, 2, NULL, 0.00000000, 'opland/tareas/OpxrKH2rzejF6aPsONRiAJP9HWI8ieLUzLWbcS54.png', NULL, '2022-11-27', '07:37:14', 1, NULL, NULL, NULL, NULL, NULL),
(84, 'Guardar en la tabla de pagos el grupo del contrato', '<p>Toni solicita que quede grabado en el pago el grupo asociado al contrato porque, en ocasiones, prefiere cambiar el grupo del contrato en lugar de crear un nuevo contrato. Hoy sólo se está guardando el id_contrato, PEROOOOO… en la web de pagos se muestra el campo “Nombre” de la tabla contratos, campo que registra el nombre del grupo con el que se dio de alta el contrato y que no se actualiza al modificar el grupo. Por lo tanto:</p><p>1.- -Guardar el grupo en la tabla pagos.-</p><p>2.- Que el campo nombre (si es necesario) esté en consonancia con el id_grupo. Como ejemplo, puedes mirar id_cliente=187 en la tabla contratos.</p>', 1, 2, 3, 1, '2021-11-01', 0.00000000, NULL, NULL, '2022-11-27', '15:17:31', 1, NULL, NULL, NULL, NULL, NULL),
(85, 'Tablas diccionario y subformularios dentro de menú configuración', '<p>&nbsp;diferenciar ciertas tablas (vía check o nombre) para que no se muestren en el menú principal, sino en el submenú Configuración. En concreto nos referíamos a las tablas que son diccionario, aunque también pueden ser las tablas que forman parte de sub formularios.</p>', 1, 3, 3, 2, NULL, 0.00000000, NULL, NULL, '2022-11-27', '09:20:54', 1, NULL, NULL, NULL, NULL, NULL),
(86, 'Gestión de usuarios y campos autoinformados (GET)', '<ol><li>Gestión de usuarios: Alta de usuarios, recuperación de contraseñas</li><li>Gestión de roles: Campos editables según el rol</li><li>Tareas:<ol><li>Recuperar el usuario logado:<ol><li>En el alta de una tarea. Sólo podrá modificarlo un administrador.</li><li>En el buscador de tareas, como filtro por defecto</li></ol></li><li>Posibilitar la carga de varias imágenes ¿tres?</li><li>Informar los campos create y update, y mostrarlos como tags (no editables).</li></ol></li></ol>', 1, 1, 3, 3, NULL, 0.00000000, NULL, NULL, '2022-11-27', '09:15:41', 1, NULL, NULL, NULL, NULL, NULL),
(87, 'Listado de jornadas (ticado de personas)', '<p>La pantalla inicial para cualquier usuario debe ser la de jornadas. Sólo debe poder ver sus registros (salvo rol administrador)&nbsp;</p><p>&nbsp;</p><p>Descartado: y, aquellos que no tengan hora fin, deben resaltarse (fondo rojo).</p>', 1, 1, 3, 3, NULL, 0.00000000, NULL, NULL, '2022-11-27', '09:15:24', 1, NULL, NULL, NULL, NULL, NULL),
(89, 'Gestión de errores al guardar', '<p>Actualmente, cuando se pulsa el botón Guardar y existe algún error (por ejemplo, no se ha rellenado un campo obligatorio), refresca pantalla (como si se hubiera guardado) y no da mensaje de error.</p>', 1, 1, 4, 2, '2021-11-30', 0.00000000, NULL, NULL, '2022-11-27', '21:50:09', 1, NULL, NULL, NULL, NULL, NULL),
(90, 'Formato números: punto y alineación', '<p>Los números alineados a la derecha</p>', 1, 2, 3, 2, '2021-11-30', 0.00000000, NULL, NULL, '2022-11-27', '09:18:11', 1, NULL, NULL, NULL, NULL, NULL),
(91, 'Ajustar elementos de Ficha', '<p>Hay campos y menús que se desplazan a la derecha del campo Descripción.&nbsp;</p>', 3, 2, 3, 2, NULL, 0.00000000, 'opland/tareas/iN67tYpPM0xZLYB6Wq6g4TqgLtp54p0PLHznPhmM.png', NULL, '2022-11-27', '17:22:49', 1, NULL, NULL, NULL, NULL, NULL),
(92, 'Diseño adicional de Ficha', '<p>Plantear un modelo en el que los campos queden a la izquierda y los listados a la derecha</p>', 1, 2, 3, 2, NULL, 0.00000000, 'opland/tareas/RjFlHwurAECtYQNvdrf0qAmE9uHatEzraKVUytWh.png', NULL, '2022-11-27', '13:08:24', 1, NULL, NULL, NULL, NULL, NULL),
(93, 'Timeline con log de estados', '<p>Desplegable lateral con el log de estados de la Tarea (fecha, estado, usuario)</p>', 1, 3, 4, 2, NULL, 0.00000000, 'opland/tareas/Rs9eTXL8wtsCOHGB0MdDOc1LtG1B13yJpmfGKcnA.png', NULL, '2022-11-27', '17:30:20', 1, NULL, NULL, NULL, NULL, NULL),
(95, 'Acceso a ficha desde listados provoca error', NULL, 1, 2, 3, 2, NULL, 0.00000000, NULL, NULL, '2022-11-27', '09:21:25', 1, NULL, NULL, NULL, NULL, NULL),
(96, 'Borrado lógico de registros', NULL, 1, 3, 3, 2, '2021-12-05', 0.00000000, NULL, NULL, '2022-11-27', '13:07:41', 1, NULL, NULL, NULL, NULL, NULL),
(97, 'FICHA: Ajustes en subformularios', '<p>1.- Ocultar los campos id en subformularios de las fichas (imagen adjunta)</p><p>Esto ya está hecho</p><p>2.- Permitir configurar el orden de los subformularios. Parece que ahora se ordenan por criterio alfabético (en la imagen: Cobros, Comentarios, Facturas y Gestiones).</p>', 1, 1, 3, 2, '2021-11-26', 0.00000000, 'opland/tareas/vdO40s9PRq24IXCnLMvhmq2XUGA86UcgMqWUvpV5.png', NULL, '2022-11-27', '21:49:50', 1, NULL, NULL, NULL, NULL, NULL),
(98, 'Log de conexiones de usuario', '<p>Guardar en una tabla las conexiones de los usuarios: cuándo hacen log in.</p>', 1, 3, 7, 2, NULL, 0.00000000, NULL, NULL, '2022-11-27', '06:35:47', 1, NULL, 11, NULL, NULL, NULL),
(99, 'Configuración PowerShell para visualizar mapas en PowerBI Server', '<p>&nbsp;</p><p>https://docs.microsoft.com/es-es/power-bi/admin/service-admin-portal</p>', 3, 1, 3, 1, '2021-11-17', 2.00000000, NULL, NULL, '2022-11-27', '09:10:22', 1, NULL, NULL, NULL, NULL, NULL),
(100, 'Listado de Jornadas', '<ol><li>Formato fecha ¿podría ser L 22-nov? - Debería cambiarse para todos los campos fecha de opland -→ Descartado</li><li>Formato de horas: quitar los segundos. OK</li><li><strong>Abrir la ficha de edición al pulsar sobre un registro, en cualquiera de sus columnas.</strong></li><li>Ocultar las columnas de create &amp; update. OK</li><li>En la vista de móvil, mostrar fecha inicio y fecha fin. OK</li></ol>', 1, 2, 3, 3, NULL, 2.00000000, NULL, NULL, '2022-11-27', '22:22:32', 1, NULL, NULL, NULL, NULL, NULL),
(101, 'Incidencia grupos-contratos-pagos', '<p>El funcionamiento entiendo que es:</p><ol><li>Un contrato tiene un grupo. Si se modifica el grupo, se actualizan los campos id_grupo y nombre de ese contrato.</li><li>Los pagos están asociados a contratos. Si en un contrato se modifica el grupo, en el listado de pagos también se actualiza (con independencia de la fecha de creación).</li></ol><p>Si esto es correcto:</p><ul><li>no deberíamos tener contratos con distintos pares id_grupo-nombre</li><li>por qué todos los pagos de la imagen aparecen en naranja</li></ul><p>&nbsp;</p>', 1, 1, 3, 1, '2021-11-26', 2.00000000, 'opland/tareas/m83FTiWthoxTEuM8Glp2tvAZGmQ5UgXDhGfz0JsW.png', NULL, '2022-11-27', '22:17:01', 1, NULL, NULL, NULL, NULL, NULL),
(102, 'Insertar códigos en todas las tablas (tipo TAR-120)', '<ol><li>Añadir un alias a todas las tablas y generar un código “Alias-id”. Por ejemplo, la tabla Tareas podría tener el alías TAR y cada tarea tendría su código TAR-01, TAR-02…</li><li>Mostrar este código en la pantalla, dentro de la ruta. Por ejemplo, <strong>Opland&gt;Tareas&gt;TAR-01</strong>.</li></ol><p>Nos ayudaría a identificar cosas. Por ejemplo, Toni me podría decir que el contrato CTO-256 ha generado mal el pago PAGO-588.</p>', 1, 1, 4, 2, '2021-12-12', 3.00000000, NULL, NULL, '2022-11-27', '05:25:07', 1, NULL, NULL, NULL, NULL, NULL),
(103, 'Modificaciones: Validación Tomás', '<ol><li>Al actualizar una Jornada, el responsable se actualiza con el updateuser (creo que hay un conflicto con el controluser)</li><li>Modificar formato ficha para que se vea correctamente en el móvil. Actualmente se montan los campos duración y fecha realización (debería mostrarse como en la pantalla de edición).</li><li>Listado de tareas: mostrar la columna resumen en la vista para móvil (para también permitir acceder a la ficha pulsando sobre la tarea)</li><li>El botón Guardar y editar propongo que muestre el texto “Continuar”</li><li>El botón Guardar y nuevo lo ocultaría.</li><li>Al pulsar Guardar y continuar para acceder a la edición, cuando registro una reposición, no se guarda la relación con la tarea, es decir, se almacena una reposición sin tarea.</li><li>Los campos create y update sólo almacenan hora. Debería almacenar fecha y hora.</li></ol>', 1, 2, 3, 3, '2021-11-28', 4.00000000, NULL, NULL, '2022-11-27', '09:19:24', 1, NULL, NULL, NULL, NULL, NULL),
(104, 'Modificaciones: Validación Carlos', '<p>1.- En Jornada. Si pongo la hora de finalización anterior a la hora de comienzo, ¿qué guarda?</p><p>¿Es necesario poner aquí 3 botones de guardar? Creo que causará confusión.</p><p>2.- En tareas, la fecha prevista tiene que estar antes de la descripción o al menos de la fecha de realización.</p><p>2.- Cuando editas una tarea vacía pero no tocas nada y guardas, peta.</p><p>Illuminate\\Database\\QueryException<strong>SQLSTATE[22007]: Invalid datetime format: 1366 Incorrect decimal value: \'\' for column `u342962294_flwhw`.`vacationmarbella_tareas`.`kilometros` at row 1 (SQL: update `vacationmarbella_tareas` set `id` = 16, `id_tipo` = 2, `id_inmuebles` = 1, `nombre` = Cisterna, `control_user` = 2, `descripcion` = &lt;p&gt;Reparar cisterna antes de que entren los inquilinos&lt;/p&gt;, `fecha_imputacion` = ?, `id_duraciones` = ?, `kilometros` = , `fecha_duedate` = ?, `id_vehiculo` = ?, `comentarios` = ?, `updatedat` = NOW(), `updateuser` = 2 where `id` = 16)</strong></p><p><a href=\"https://desarrollo.opland.es/editar/vacationmarbella/tareas/16\">https://desarrollo.opland.es/editar/vacationmarbella/tareas/16</a></p><p>3.- Cuando edito la ficha de la tarea me deja cambiar el usuario.</p><p>4.- En el ordenador, la barra de navegación es “responsive” pero la tabla no.</p><p>&nbsp;</p>', 1, 1, 3, 3, '2021-11-30', 0.00000000, NULL, NULL, '2022-11-27', '09:20:06', 1, NULL, NULL, NULL, NULL, NULL),
(105, 'Limpieza dupla nombre-id_grupo por bbdd', NULL, 2, 2, 3, 1, '2021-11-24', 0.50000000, NULL, NULL, '2022-11-27', '16:59:01', 1, NULL, NULL, NULL, NULL, NULL),
(106, 'Error en carga masiva', '<p>Estoy intentando cargar este fichero en la tabla “Tomas” pero da error ¿por qué?</p>', 1, 2, 4, 2, NULL, 1.00000000, 'opland/tareas/TVncAQNI21Ejj2l7W14NSOqAXVWpZgFvNLxgCmxy.png', NULL, '2022-11-27', '21:50:09', 1, NULL, NULL, NULL, NULL, NULL),
(107, 'Modificaciones en cuadros de mandos', NULL, 2, 2, 3, 5, NULL, 24.00000000, NULL, NULL, '2022-11-27', '17:21:47', 1, NULL, NULL, NULL, NULL, NULL),
(108, 'Revisar funcionamiento Jornadas', '<ol><li>No se mapea el usuario 2 ¿puede ser que se haya eliminado?, Si, el usuario 2 no existe y por eso no se puede mapear.</li><li>Cuando se edita un registro con privilegios de coordinador, se settea automáticamente el campo “usuario” con el valor del usuario logado, modificando el valor inicial. Por ejemplo, si Lourdes modifica un registro de Jicelita, nada más abrir la ficha de Jornada se settea el nombre de Lourdes.</li><li>Esto mismo sucede durante el proceso de alta. Si Lourdes da de alta un registro en nombre de un tercero, si no pone la fecha, aparece el mensaje de error informándole de que falta la fecha, pero también machaca el valor que se había seleccionado en “Usuario”.</li></ol><p>La primera tarea está comentada, pero el resto ya debería funcionar bien. CDO</p>', 1, 1, 3, 3, NULL, 1.00000000, 'opland/tareas/Gd9z30nHZIQG85fs3e4C3vbWXyk3zkM7TfCjLB5i.png', NULL, '2022-11-27', '22:11:54', 1, NULL, NULL, NULL, NULL, NULL),
(109, 'Incidencias/modificaciones tras validación 18/12/2021', '<ol><li>Botón X de limpieza de filtros: <a href=\"https://oplandespacio.slack.com/archives/C02QU2L7FDH/p1639845126016500\">https://oplandespacio.slack.com/archives/C02QU2L7FDH/p1639845126016500</a></li><li>Settear fecha realización, formato campo Cantidad y configuración del listado de jornadas: <a href=\"https://oplandespacio.slack.com/archives/C02QU2L7FDH/p1639844647015000\">https://oplandespacio.slack.com/archives/C02QU2L7FDH/p1639844647015000</a></li><li>Ocultar botones acciones masivas y edición de tablas, dejándolos disponibles solo para el rol “Administrador”: <a href=\"https://oplandespacio.slack.com/archives/C02QU2L7FDH/p1639830455003100\">https://oplandespacio.slack.com/archives/C02QU2L7FDH/p1639830455003100</a></li><li>&nbsp;</li></ol>', 1, 1, 3, 3, '2021-12-24', 2.00000000, NULL, NULL, '2022-11-27', '17:21:21', 1, NULL, NULL, NULL, NULL, NULL),
(110, 'Cuadro de mandos AUTOESCUELAS', NULL, 2, 3, 2, 9, NULL, 0.00000000, NULL, NULL, '2022-11-27', '06:20:14', 1, NULL, NULL, NULL, NULL, NULL),
(111, 'Cumpleaños', '<p>Notificación por mail de existencia de usuarios que cumple años hoy. Botón en PowerBI para consulta de usuarios.</p>', 2, 3, 3, 1, '2022-02-06', 3.00000000, NULL, NULL, '2022-11-27', '21:49:13', 1, NULL, NULL, NULL, NULL, NULL),
(112, 'Ocultar el botón de editar una vez ya se está en el modo de edición', '<p>Si te refieres en la ficha, el botón editar sirve para dejar de editar… sería algo parecido a un cancelar…</p>', 1, 3, 4, 2, NULL, 0.00000000, NULL, NULL, '2022-11-27', '17:20:32', 1, NULL, NULL, NULL, NULL, NULL),
(113, 'Gestión de incidencias con Diakros', NULL, 2, 3, 3, 5, NULL, 0.00000000, NULL, NULL, '2022-11-27', '21:52:38', 1, NULL, NULL, NULL, NULL, NULL),
(115, 'Requerimientos', NULL, 2, 2, 3, 10, NULL, 0.00000000, NULL, NULL, '2022-11-27', '21:56:11', 1, NULL, NULL, NULL, NULL, NULL),
(116, 'Url tras login', '<p>Cuando se intenta abrir un link y no se está logueado, se muestra la pantalla del login. Una vez introducidos el usuario y la contraseña, la web se queda en la ventana de proyectos ¿podría cargarse el link que se intentaba abrir inicialmente?</p>', 2, 2, 7, 2, NULL, 0.00000000, NULL, NULL, '2022-11-27', '06:35:29', 1, NULL, 11, NULL, NULL, NULL),
(117, 'Listado de productos', NULL, 2, 2, 3, 10, NULL, 0.00000000, NULL, NULL, '2022-11-27', '17:44:51', 1, NULL, NULL, NULL, NULL, NULL),
(118, 'Componente Calendario', '<p>Crear la función calendario para aquellas tablas que lo necesiten</p>', 1, 1, 2, 2, NULL, 8.00000000, NULL, NULL, '2022-11-27', '09:20:30', 1, NULL, NULL, NULL, NULL, NULL),
(119, 'LF Cuadro de mandos', NULL, 2, 2, 3, 10, NULL, 0.00000000, NULL, NULL, '2022-11-27', '16:52:03', 1, NULL, NULL, NULL, NULL, NULL),
(120, 'Modulo de facturación', NULL, 2, 2, 3, 2, NULL, 0.00000000, NULL, NULL, '2022-11-27', '17:24:12', 1, NULL, NULL, NULL, NULL, NULL),
(121, 'Actualización masiva de etiquetas', '<p>La acción “actualizar varios” para el campo tipo etiqueta debería añadir el valor que se carga, no sustituirlo. Por ejemplo, si el id=1 tiene la etiqueta “Facturar” y lo incluyo en una actualización masiva con etiqueta “Enviar_duplicado”, su estado final debería ser “Facturar”\"Enviar_duplicado\"</p>', 1, 3, 5, 2, NULL, 0.00000000, NULL, NULL, '2022-11-27', '05:26:06', 1, NULL, NULL, NULL, NULL, NULL),
(122, 'Importación masiva caracteres especiales', '<p>En la importación a través de fichero, los caracteres especiales (ñ, á, ó…) aparecen como símbolos</p>', 1, 2, 5, 2, NULL, 0.00000000, NULL, NULL, '2022-11-27', '05:25:30', 1, NULL, NULL, NULL, NULL, NULL),
(123, 'Propuesta comercial Urbemed', NULL, 2, 3, 3, 14, NULL, 0.00000000, NULL, NULL, '2022-11-27', '17:23:41', 1, NULL, NULL, NULL, NULL, NULL),
(124, 'Propuesta comercial Dugarse', NULL, 2, 2, 3, 13, NULL, 0.00000000, NULL, NULL, '2022-11-27', '06:28:20', 1, NULL, NULL, NULL, NULL, NULL),
(125, 'Propuesta comercial Berol', NULL, 2, 2, 3, 14, '2022-04-22', 0.00000000, NULL, NULL, '2022-11-27', '05:42:25', 1, NULL, NULL, NULL, NULL, NULL),
(126, 'Renombrar el borrado lógico como \"Archivar/Reactivar\"', '<ol><li>Mostrar el borrado lógico como “Archivar” en lugar de Borrar y “Reactivar” en lugar de “Recuperar”, haciendo compatible estas opciones con el borrado real (configuración&gt;deletes) ya que actualmente, si la tabla tiene el campo deleted, no se muestra la opción de borrado real.</li><li>Configurar el valor por defecto para el campo “deleted”. Cuando lo creamos desde la web no se le está seteando el valor 0 por defecto y esto bloquea el front.</li></ol>', 1, 2, 7, 2, '2022-04-29', 0.50000000, NULL, NULL, '2022-11-27', '06:35:16', 1, NULL, 11, NULL, NULL, NULL),
(127, 'Campo \"id_padre\" como link', '<p>Cuando tenemos un subformulario (p. ej, imputaciones dentro de una tarea) y accedemos a un registro de ese subformulario (una imputación), se muestra el campo \"id_padre\" (id_tarea). En el modo edición, este campo sirve para modificar la relación padre-hijo (tarea-imputación), pero en el modo consulta no aporta mucho valor. Sin embargo, si en este modo tuviera el formato de link, ayudaría a subir de nivel (acceder a la tarea de la que depende) cuando se accede a una imputación directamente desde el PowerBI, ya que en estos casos el botón “Volver” no te lleva a ningún sitio.</p>', 1, 2, 4, 2, '2022-04-30', 0.00000000, NULL, NULL, '2022-11-27', '06:34:56', 1, NULL, 11, NULL, NULL, NULL),
(128, 'Incidencias con lotes', NULL, 2, 2, 3, 5, NULL, 0.00000000, NULL, NULL, '2022-11-27', '13:58:31', 1, NULL, NULL, NULL, NULL, NULL),
(129, 'Eliminar el emoticono del mensaje predeterminado de pagos', '<p>Tenemos una funcionalidad para enviar mensajes por WhatsApp reclamando el pago que incluye un emoticono. Este emoti no se muestra correctamente si el envío se hace desde el ordenador. La solución acordada con el cliente ha sido eliminarlo.</p><p>Desplegar este cambio junto con el badge que configuraste para el estado del cliente (activo/inactivo)</p>', 1, 2, 3, 1, '2022-04-27', 0.50000000, NULL, NULL, '2022-11-27', '20:36:08', 1, 11, NULL, NULL, NULL, NULL),
(130, 'Tabla \"Configuración\" en creación de proyecto', '<p>Cuando se crea un proyecto, la tabla “Configuración” se crea vacía. Sería interesante que se creara con todas las opciones de configuración que tenemos: inicio, submenu, deletes…</p>', 1, 3, 3, 2, NULL, 0.00000000, NULL, NULL, '2022-11-27', '11:51:04', 1, 11, NULL, NULL, NULL, NULL),
(131, 'Permitir adjuntar vídeo en las tareas', '<p>Vito solicita poder subir vídeos en las tareas de mantenimiento</p>', 1, 1, 4, 3, '2022-05-01', 0.00000000, NULL, NULL, '2022-11-27', '21:50:09', 1, 11, NULL, NULL, NULL, NULL),
(132, 'Habilitar subida masiva de documentos en Nóminas', '<p>Habilitar la subida de documentos mediante csv</p>', 1, 1, 6, 3, NULL, 0.00000000, NULL, NULL, '2022-11-27', '05:23:44', 1, 11, NULL, NULL, NULL, NULL),
(133, 'Alta de tareas sin asignar', '<p>Necesitan que las tareas que crean Rafa, Hamza o Araceli se den de alta sin control_user para que las vean los usuarios de mantenimiento y se las autoasignen conforme van quedando liberados.</p>', 1, 1, 3, 3, '2022-05-01', 0.50000000, NULL, NULL, '2022-11-27', '21:49:50', 1, 11, NULL, NULL, NULL, NULL),
(134, 'LF modificación de datos', NULL, 2, 2, 3, 10, '2022-06-26', 0.00000000, NULL, NULL, '2022-11-27', '16:52:54', 1, 11, NULL, NULL, NULL, NULL),
(135, 'Migración ERP-->TPV', NULL, 2, 1, 3, 5, NULL, 0.00000000, NULL, NULL, '2022-11-27', '17:26:51', 1, 11, NULL, NULL, NULL, NULL),
(136, 'Ux y cuadro de mandos', NULL, 2, 2, 3, 2, '2022-05-28', 0.00000000, NULL, NULL, '2022-11-27', '05:01:34', 1, 11, NULL, NULL, NULL, NULL),
(137, 'NF Modificar cálculo estado cliente', '<p>El cálculo no tiene en cuenta si los contratos están o no archivados. Sólo debería mirar los no archivados.<br>CDO: Si lo tiene en cuenta… puede que no esté funcionando bien, pero en el código únicamente se tienen en cuenta los contratos activos para generar los pagos pendientes cada mes.</p>', 1, 2, 3, 1, '2022-11-06', 0.00000000, NULL, NULL, '2022-11-27', '13:58:53', 1, 11, NULL, NULL, NULL, NULL),
(138, 'Quitar cuadro de mandos de Dugarse y poner el de Opland', NULL, 1, 2, 3, 2, NULL, 0.00000000, NULL, NULL, '2022-11-27', '08:33:04', 1, 11, NULL, NULL, NULL, NULL),
(139, 'Localización en tablas', '<p>Añadir la localización del dispositivo que ha introducido la entrada en la tabla</p>', 1, 1, 3, 3, '2022-06-16', 2.00000000, NULL, NULL, '2022-11-27', '15:24:17', 1, 1, NULL, NULL, NULL, NULL),
(140, 'Restaurar copia domingo 21', '<p>Toni ha creado nuevos grupos, anulando los existentes, y ha creado nuevos contratos asociados a estos grupos. Hay que restaurar los grupos y actualizar los ids en los nuevos contratos.</p>', 2, 1, 3, 1, '2022-08-25', 2.00000000, NULL, NULL, '2022-11-27', '09:18:25', 1, 11, NULL, 1, NULL, NULL),
(141, 'Revisión de datos inscritos', '<p>Me llama Toni para decirme que no le cuadran los datos. En el dashboard aparece un número de inscritos menor al número de clientes que tienen contrato. Tras revisarlo, confirmo que todo funciona correctamente.</p>', 2, 1, 3, 1, '2022-09-02', 0.75000000, NULL, NULL, '2022-11-27', '10:57:44', 1, 11, NULL, 1, NULL, NULL),
(142, 'Calculo de facturación por curso', '<p>Medida para el cálculo de la facturación acumulada de un año fiscal personalizado (un curso):&nbsp;</p><figure class=\"media\"><oembed url=\"https://www.youtube.com/watch?v=JIDY_CWAU2w\"></oembed></figure>', 2, 2, 3, 1, '2022-09-03', 1.00000000, NULL, NULL, '2022-11-27', '07:31:28', 1, 11, NULL, NULL, NULL, NULL),
(143, 'Nuevo campo Forma de pago y filtro en PBI', NULL, 2, 2, 3, 1, '2022-09-13', 0.00000000, NULL, NULL, '2022-11-27', '10:49:31', 1, 11, NULL, 1, NULL, NULL),
(144, 'Cuadro de mandos CRM', NULL, 2, 2, 3, 16, '2022-12-11', 16.00000000, NULL, NULL, '2022-11-27', '21:49:50', 1, 11, NULL, NULL, 24, NULL),
(145, 'Mostrar CM Idrica en desarrollos', NULL, 1, 1, 3, 2, '2022-09-15', 0.50000000, NULL, NULL, '2022-11-27', '07:54:25', 1, 1, NULL, NULL, NULL, NULL),
(146, 'Datos usuarios en reporte mensual', '<p>Crear campos DNI y Nombre completo para mostrarlo en el informe mensual del BI.</p>', 2, 2, 3, 3, '2022-09-21', 0.00000000, NULL, NULL, '2022-11-27', '12:25:28', 1, 11, NULL, NULL, NULL, NULL),
(147, 'Merge con la rama de Raúl y el nuevo estilo', '<p>Hacer merge de las dos ramas del proyecto&nbsp;</p>', 1, 1, 3, 2, NULL, 0.00000000, NULL, NULL, '2022-11-27', '21:49:50', 1, 1, NULL, NULL, NULL, NULL),
(148, 'Permisos por role de proyecto', '<p>Poder controlar permisos no solo por role principal sino por role de proyecto presente en la tabla usuarios del proyecto</p>', 1, 1, 3, 2, '2022-10-03', 2.00000000, NULL, NULL, '2022-11-27', '15:00:42', 1, 1, NULL, NULL, NULL, NULL),
(149, 'Adaptación Opland a requerimientos Dugarse', NULL, 2, 2, 3, 13, '2022-10-29', 0.00000000, NULL, NULL, '2022-11-27', '21:53:54', 1, 11, NULL, NULL, NULL, NULL),
(150, 'VM Modificaciones Santi', '<p>en renta fija, únicamente renta, inicio y fin<br>cambiar usuarios por empleados<br>jornada por fichaje<br>Menú: Inmuebles, Empleados, Tareas, Tareas mantenimiento, Fichaje, Nominas<br>Nóminas dentro de usuarios<br>Reposiciones no salen en BI<br>Vehículos en BI mostrar Km en lugar de recuento<br>Tareas por Tareas limpieza</p><p>Contrato: indefinido o fijo discontinuo</p>', 2, 2, 3, 3, '2022-11-11', 0.00000000, NULL, NULL, '2022-11-27', '17:03:36', 1, 11, NULL, NULL, 18, NULL),
(151, 'Enviar correo de felicitación de cumpleaños', NULL, 1, 2, 3, 1, '2022-11-20', 2.25000000, NULL, NULL, '2022-11-27', '09:12:37', 1, 11, NULL, 1, NULL, NULL),
(152, 'Incidencia con el envío de correo de pago', NULL, 1, 1, 3, 1, NULL, 2.00000000, NULL, NULL, '2022-11-27', '11:07:49', 1, 11, NULL, 2, NULL, NULL),
(153, 'Propuesta comercial Urbemed', NULL, 2, 2, 3, 14, NULL, 0.00000000, NULL, NULL, '2022-11-27', '07:36:10', 1, 11, NULL, NULL, NULL, NULL),
(154, 'Propuesta comercial Pauferro', NULL, 2, 3, 3, 14, NULL, 0.00000000, NULL, NULL, '2022-11-27', '07:37:27', 1, 11, NULL, NULL, NULL, NULL),
(155, 'Error al cargar nombre de registro relacionado (Imputación-->Tarea)', '<p>NO SE TRATA DE UN ERROR, SINO DE UNA “DISFUNCIÓN”: AL CONSULTAR UNA FICHA DE UN ELEMENTO NO ARCHIVADO QUE TIENE UNA RELACIÓN CON UN ELEMENTO ARCHIVADO DE OTRA TABLA, ESTE NO APARECE EN EL DESPLEGABLE</p><p>Al abrir la imputación <a href=\"https://desarrollos.opland.es/editar/opland/imputaciones/104\">https://desarrollos.opland.es/editar/opland/imputaciones/104</a> no se ve la tarea a la que está asociada, pero sí que se muestra el vínculo Ver; al pulsarlo, me lleva a la tarea correcta.</p><p>Lo mismo sucede si me meto en la pestaña Imputaciones de la tarea: no se muestra nada.</p>', 1, 1, 3, 2, NULL, 0.00000000, 'opland/tareas/FzA4mPsnQ083XR0bjx1LUsYWgRpBotQ4HMUtf3eQ.png', NULL, '2022-11-27', '21:49:50', 1, 11, NULL, NULL, NULL, NULL),
(156, 'Personalización botones de forma de pago', NULL, 1, 2, 3, 1, NULL, 3.00000000, NULL, NULL, '2022-11-28', '10:59:41', 1, 11, NULL, 1, NULL, NULL),
(157, 'Gestion de tablas maestras desde proyecto admin', '<p>Conseguir gestionar todas las tablas maestras desde el propio opland</p>', 1, 2, 3, 2, NULL, 0.00000000, NULL, NULL, '2022-11-28', '09:08:15', 1, 1, 1, NULL, NULL, NULL),
(158, 'Ajustes La Freshquita', NULL, 2, 2, 3, 18, '2023-01-01', 0.00000000, NULL, NULL, '2022-12-03', '19:15:01', 1, 11, NULL, NULL, 17, NULL),
(159, 'Autoregistro', '<p>Se trata de conseguir que cualquier usuario pueda llegar a la página, registrarse y crearse su propio proyecto y modificarlo como él quiera sin que tengamos que intervenir nosotros para nada.</p>', 1, 2, 3, 2, NULL, 0.00000000, NULL, NULL, '2022-12-05', '21:53:09', 1, 1, NULL, NULL, NULL, NULL),
(160, 'Cambio en representación de tablas menú de edición de proyectos versión smartphone vertical', '<p>Si este mismo menú lo ves poniendo el móvil en horizontal se puede ver perfectamente, pero la resolución de la pantalla en vertical no permite dejar tres columnas, tendríamos que mostrar todas las tablas en una columna.</p>', 3, 3, 3, 2, NULL, 0.00000000, NULL, NULL, '2022-12-09', '13:59:23', 1, 2, NULL, NULL, NULL, NULL),
(162, 'Validación y alta de Mejoras Raúl', NULL, 2, 2, 3, 2, NULL, 0.00000000, NULL, NULL, '2022-12-11', '11:31:36', 1, 11, NULL, NULL, NULL, NULL),
(163, 'Diseño de cuadro de mandos de Opland', NULL, 3, 2, 3, 17, '2022-12-31', 12.00000000, NULL, NULL, '2022-12-11', '11:31:03', 1, 2, NULL, NULL, NULL, NULL),
(164, 'Modificación pantalla login desarrollos.opland.es', NULL, 3, 3, 3, 17, '2022-12-09', 2.00000000, NULL, NULL, '2022-12-11', '06:12:00', 1, 2, NULL, NULL, NULL, NULL),
(165, 'Labores administrativas', NULL, 2, 3, 2, 17, NULL, 0.00000000, NULL, NULL, '2022-12-21', '16:02:46', 1, 11, NULL, NULL, NULL, NULL),
(166, 'Nuevo TPV La Freshquita', NULL, 2, 1, 3, 18, NULL, 0.00000000, NULL, NULL, '2022-12-21', '19:15:01', 1, 11, NULL, NULL, 16, NULL),
(167, 'Modificar CM para no tener en cuenta los pagos no archivados de contratos archivados', '<p>en la web ocultamos los pagos (no archivados) de los contratos que se archivan por lo que, si Toni archiva un contrato sin archivar previamente el pago, ya no puede archivarlo. Para evitar hacer un arco de igleasia (dado que este es el comportamiento definido para toda la aplicación), modificamos el cuadro de mandos para que no compute estos pagos como ingresos.</p>', 2, 1, 3, 1, NULL, 0.00000000, NULL, NULL, '2022-12-29', '16:00:20', 1, 11, NULL, NULL, NULL, NULL),
(168, 'Carnicería Gallega: Modificaciones Adri', '<p>MODIFICACIÓN POWER BI</p><ol><li>Problemas con los stocks. Artículo de ejemplo: pechuga de corral y vinos</li><li>Diferenciar ventas por mayor vs tienda ¿cómo se están guardando los albaranes si son todos AT? IdRemoto?</li><li>No están poniendo líneas con descuento por problemas en el precio de última compra.</li><li>Comparar ventas con TPV</li><li>Margen teniendo en cuenta el precio de las últimas dos compras.</li></ol><p>DIAKROS</p><ul><li>No permite el envío a varias direcciones del cliente</li><li>Se cuelga a menudo la impresión de tickets.</li><li>Quitar consetraseña de inicio de Windows</li></ul>', 2, 2, 3, 5, NULL, 0.00000000, NULL, NULL, '2023-01-18', '17:05:13', 1, 11, NULL, NULL, NULL, NULL),
(169, 'Puesta en  marcha OPLAND en Dugarse', NULL, 2, 2, 3, 13, NULL, 0.00000000, NULL, NULL, '2023-01-26', '21:53:34', 1, 11, NULL, NULL, NULL, NULL),
(170, 'LF: Validación de datos La Freshquita (15-feb -->)', NULL, 2, 2, 3, 18, NULL, 0.00000000, NULL, NULL, '2023-02-15', '21:49:50', 1, 11, NULL, NULL, 23, NULL);
INSERT INTO `opland_tareas` (`id`, `nombre`, `comentario`, `id_responsable`, `id_prioridad`, `id_estado`, `id_proyectos`, `fecha_aproximada`, `horas_estimadas`, `file_captura`, `tags_etiquetas`, `createdat`, `updatedat`, `deleted`, `createuser`, `updateuser`, `id_bonos`, `id_facturas`, `id_tipo_tarea`) VALUES
(171, 'DUG: Modificaciones puesta en marcha', '<p>AFECTA A TODA LA APLICACIÓN</p><ol><li>Error en el formato de teléfono en la ficha \"Usuarios\": sólo permite 8 dígitos. {Eliminada la restricción}</li><li>El botón Guardar hace las funciones del Guardar y nuevo cuando se está creando un nuevo registro (si se está editando uno ya existente, funciona correctamente) {Sí, eso es así, ¿Cuál es el error?}</li><li>Quitar \"Mi perfil\" en la pestaña de inicio porque da error 404 {Solucionado el error}</li></ol><p>PROPIO DE DUGARSE</p><ol><li>Tengo que cambiar el nombre de la tabla <i>drn_albaranes </i>por <strong>drn_partes</strong>, lo que afectará a las personalizaciones de campos calculados. {La tabla drn_albaranes ya está creada… he cambiado la personalización para que afecte a drn_partes pero cro que alguna personalización más fallará}</li><li>Tenemos que revisar a quién se le muestra el cuadro de mandos en la pantalla de inicio: sólo debería verlo el rol “gestión”. {Necesitaré que definas a quién quieres que se muestre}</li></ol><p>PERSONALIZACIONES</p><ol><li>En la ficha de <strong>drn_partes</strong>, el campo <i>fecha_albaran </i>debe tener la fecha de hoy como valor por defecto. {Hecho}</li><li>Creo nueva tabla <strong>drn_albaranes </strong>(que realmente son las rutas, es decir, la agrupación de lo que antes eran <i>albaranes </i>y, que por el punto 1, ha pasado a ser <i>partes</i>) → El campo <i>nombre</i> lo mantenemos visible pero autoinformado con la concatenación de <i>“fecha hoy” + \"Ruta de mantenimiento\".</i> Por ejemplo, hoy sería <i>\"20230217 Ruta de mantenimiento\" {Hecho}</i></li><li>En la ficha de “<strong>Fichaje</strong>” los campos <i>nombre </i>y <i>possition </i>deben ocultarse. {Hecho}</li><li>En la tabla <strong>drn_materiales</strong>, el campo <i>nombre</i>, si no se informa, debe tomar el valor del campo <i>id_drn_materiales {Se asigna al seleccionar y si quieren lo pueden cambiar} </i>Redefinido en https://desarrollos.opland.es/ficha/opland/tareas/174</li></ol>', 1, 1, 3, 13, NULL, 0.00000000, NULL, NULL, '2023-02-17', '21:53:09', 1, 11, NULL, NULL, NULL, NULL),
(172, 'Propuesta comercial DRUNI', NULL, 2, 3, 3, 14, NULL, 0.00000000, NULL, NULL, '2023-02-18', '08:42:58', 1, 11, NULL, NULL, NULL, NULL),
(173, 'N&F: reordenar meses en pantalla dashboard y cambiar pantalla de inicio en opland', NULL, 2, 3, 3, 1, '2023-02-21', 0.00000000, NULL, NULL, '2023-02-20', '21:49:50', 1, 11, NULL, NULL, NULL, NULL),
(174, 'DUG: Campo \"Otro\" en materiales y más', '<ol><li>En el formulario drn_albaranes, settear la fecha_albaran=hoy()</li><li>En el formulario de fichaje, ocultar los campos nombre y localización.</li><li>En el formulario de drn_documentos, ocultar el campo nombre.</li><li>La tabla “Materiales” tiene 3 campos para la descripción del material empleado:<ul><li><strong>\"id_drn_materiales\"</strong>: desplegable</li><li><strong>“otro”</strong>: string. <i>[Opcional: Debe mostrarse y ser obligatorio cuando el desplegable “id_drn_materiales” tome el valor “1” (equivalente a “--- (Otro))\"]</i></li><li><strong>“nombre”</strong>: campo <strong>oculto </strong>que debe autoinformarse como:<ul><li>si “otro” no es null, cogerá el valor de Otro</li><li>si “otro” es null, cogerá el valor de la descripción de “id_drn_materiales”</li></ul></li></ul></li></ol><p>&nbsp;</p>', 1, 1, 3, 13, NULL, 0.00000000, NULL, NULL, '2023-02-20', '21:53:09', 1, 11, NULL, NULL, NULL, NULL),
(175, 'VM: Personalizaciones en Fichaje', '<ul><li>En el listado de fichajes, habilitar que el campo Fecha abra el formulario de ficha (el campo nombre lo vamos a ocultar)</li><li>El campo <i>nombre </i>debe ser la concatenación de la fecha, el nombre del usuario y la hora de inicio</li><li>Ocultar en la ficha los campos <i>Localización </i>y <i>Nombre</i></li></ul>', 3, 1, 3, 3, NULL, 0.00000000, NULL, NULL, '2023-02-23', '19:46:32', 1, 11, NULL, NULL, NULL, 2),
(176, 'Opland. Personalizaciones en Facturas y Presupuestos', '<p>En las tablas Facturas y Presupuestos, hacer que el campo Nombre esté oculto y se calcule como CONCAT (num_fact,\" - \",descripcion) y CONCAT (num_ppto,\" - \",descripcion)</p>', 3, 2, 3, 2, '2023-02-27', 0.00000000, NULL, NULL, '2023-02-26', '06:11:22', 1, 2, NULL, NULL, NULL, NULL),
(177, 'NF: No se ocultan en el desplegable de \"contratos\" los grupos archivados', NULL, 1, 2, 3, 1, NULL, 0.00000000, 'opland/tareas/RhddCzO0s8O4hHBd42szFE3JwRIvmFJhpNpuV1GS.png', NULL, '2023-02-27', '21:49:50', 1, 11, NULL, NULL, NULL, NULL),
(178, 'Cuadro de mandos para AEOL de la base de datos DGT', NULL, 3, 3, 3, 15, NULL, 0.00000000, NULL, NULL, '2023-03-11', '06:10:57', 1, 11, NULL, NULL, 4, NULL),
(179, 'Cálculo evolución inscritos por sexo', NULL, 2, 2, 3, 1, '2023-03-23', 3.00000000, NULL, NULL, '2023-03-17', '06:08:20', 1, 11, NULL, 2, NULL, NULL),
(180, 'Cuadro de mandos liquidaciones comerciales', NULL, 3, 2, 3, 15, NULL, 0.00000000, NULL, NULL, '2023-03-17', '06:10:43', 1, 11, NULL, NULL, 4, NULL),
(181, 'LF: Tareas 01/abr -->', NULL, 2, 3, 3, 18, NULL, 0.00000000, NULL, NULL, '2023-04-03', '13:39:14', 1, 11, NULL, NULL, 28, NULL),
(182, 'Personalizaciones Pidescu Mareny Blau', NULL, 3, 3, 3, 17, '2023-04-26', 1.00000000, NULL, NULL, '2023-04-26', '17:04:30', 1, 2, NULL, NULL, NULL, NULL),
(183, 'Modificación CM VM (links tareas)', NULL, 3, 1, 3, 3, '2023-04-26', 0.50000000, NULL, NULL, '2023-04-26', '17:03:49', 1, 2, NULL, NULL, NULL, NULL),
(184, 'Estudio fichaje huella iclock560', NULL, 3, 2, 3, 3, '2023-04-26', 1.00000000, NULL, NULL, '2023-04-26', '17:03:59', 1, 2, NULL, NULL, NULL, NULL),
(185, 'LF: Tareas 01/may -->', NULL, 2, 2, 3, 18, '2023-06-01', 0.00000000, NULL, NULL, '2023-05-08', '09:05:02', 1, 11, NULL, NULL, 31, NULL),
(186, 'LF: Tareas 01/jun -->', NULL, 2, 3, 3, 18, '2023-07-03', 0.00000000, NULL, NULL, '2023-06-02', '21:49:50', 1, 11, NULL, NULL, 32, NULL),
(187, 'Modificar permisos a roles: ver y editar (case sensitive)', '<p>los campos “puede ver” y “puede editar” son case sensitive</p>', 4, 3, 8, 2, NULL, 0.00000000, NULL, NULL, '2023-07-15', '05:08:28', 1, 125, NULL, NULL, NULL, 2),
(188, 'Me muestra el proyecto opland por defecto', '<p>Sólo debería mostrarme el proyecto que he creado yo, “campamento”</p>', 4, 2, 4, 2, NULL, 0.00000000, 'opland/tareas/xOlxBGabCStbEpO3irYa0UsFaASEh1bM5c5HXCrr.png', NULL, '2023-07-15', '20:01:08', 1, 125, NULL, NULL, NULL, 1),
(189, 'Error: Muestra todos los proyectos al pulsar en \"Mi perfil\"', '<p>Si pulso “Mi perfil” antes de seleccionar un proyecto, se listan todos los proyectos en el menú de la izquierda</p>', 4, 1, 8, 2, NULL, 0.00000000, 'opland/tareas/QAVGoQPt5sEKiV6eCRbT2PGF7zzGyQK8gMl7RWR1.png', NULL, '2023-07-16', '21:00:16', 1, 11, NULL, NULL, NULL, 1),
(190, 'Funcionalidad \"Clonar\"', '<p>Crear un botón en las fichas que permita clonar el registro. Por ejemplo, si quiero duplicar esta tarea para modificar solamente un campo, pulsaría ese botón y me crearía una nueva ficha con la misma info que tengo en pantalla a la espera de que pulse el botón Guardar para grabarlo en bbdd.</p><p>El botón debería mostrarse cuando la ficha está en modo consulta (no editable → <a href=\"https://desarrollos.opland.es/ficha/opland/tareas/190)\">https://desarrollos.opland.es/ficha/opland/tareas/190)</a> para que, al pulsarlo, se abra la ventana en modo edición (<a href=\"https://desarrollos.opland.es/ficha/opland/tareas/190\">https://desarrollos.opland.es/ficha/opland/tareas/190</a>) con los campos informados.</p><p>Adicionalmente, aportaría valor que esto fuera configurable, es decir, podemos crear un campo en la definición de la tabla (<a href=\"https://desarrollos.opland.es/editar_proyecto/opland/opland_tareas\">https://desarrollos.opland.es/editar_proyecto/opland/opland_tareas</a>) para configurar qué campos queremos que se copien en la nueva ficha clonada.</p>', 4, 2, 7, 2, NULL, 0.00000000, 'opland/tareas/en7mLdBM8cbHHBcW9uIzTY2wZ7NSuXDdnngMX4k3.png', NULL, '2023-07-26', '21:29:21', 1, 2, NULL, NULL, NULL, 2),
(191, 'Error al enviar los correos (recuperar contraseña)', '<p>stream_socket_enable_crypto(): Peer certificate CN=`opland.es\' did not match expected CN=`mail.opland.es\' me da esto al enviar los emails, supongo que se ha cambbiado alguna contraseña del correo no?</p>', 1, 1, 6, 2, NULL, 0.00000000, NULL, NULL, '2023-07-26', '11:35:18', 1, 37, NULL, NULL, NULL, 1),
(192, 'Selector (filtro general) se superpone a todo', NULL, 4, 3, 7, 2, NULL, 0.00000000, NULL, NULL, '2023-07-26', '21:31:21', 1, 37, NULL, NULL, NULL, 1),
(193, 'Añadir ruta de la ficha en el encabezado', '<p>Cuando abro una ficha desde el cuadro de mandos (directamente con la url, por ejemplo, <a href=\"https://desarrollos.opland.es/ficha/opland/tareas/192)\">https://desarrollos.opland.es/ficha/opland/tareas/192)</a> tengo que ir al menu lateral para ir al listado (en este caso, al de tareas). Si ponemos en la parte superior de la vista &nbsp;la ruta tipo hipervinculo facilitaría la navegación (por ejemplo, Opland &gt; Tareas, donde pulsar sobre Opland te lleva a la página de inicio y pulsando sobre Tareas vas al listado de tareas)</p>', 4, 3, 7, 2, NULL, 0.00000000, 'opland/tareas/HGgiepaTeX4P7lAu2gG1V9FPXBvDORjkPGiPEfHc.jpg', NULL, '2023-07-27', '21:00:35', 1, 11, NULL, NULL, NULL, 2),
(194, '\"Actualizar varios\" no deben aplicar sobre registros bloqueados', '<p>El campo “bloqued” podemos asimilarlo a una variable de sistema que impide que un registro sea modificado. Esto debería aplicar a todos las funcionalidades que modifican registros, entre ellas, las modificaciones masivas realizadas con el botón “Actualizar Varios”. Dos opciones:</p><p>1.- El proceso no se lleva a cabo y se avisa de que algún registro está bloquado.</p><p>2.- El proceso se ejecuta sin actualizar los bloqueados.</p><p>Yo soy partidario de la primera opción.</p>', 4, 2, 7, 2, NULL, 0.00000000, 'opland/tareas/FAqFO0Ni5synoEm9RBhktUYtKECNpUqUTbq7amJ2.png', NULL, '2023-07-30', '06:32:33', 1, 11, 11, NULL, NULL, 2),
(195, 'Mantener cabecera de ficha fija cuando se usa el scroll', '<p>Cuando una ficha tiene muchos campos y es necesario utilizar el scroll vertical, la cabecera debe permanecer visible.</p>', 4, 3, 4, 2, NULL, 0.00000000, NULL, NULL, '2023-08-01', '11:02:48', 1, 11, NULL, NULL, NULL, 2),
(196, 'VM: Formación Nerea', NULL, 2, 3, 3, 3, NULL, 0.00000000, NULL, NULL, '2023-08-02', '17:48:22', 1, 11, NULL, NULL, NULL, NULL),
(197, 'Corregir la regla que muestra las tablas del proyecto seleccionado', '<p>Actualmente se muestran las tablas que comienzan por el mismo nombre, pero, en caso de proyectos con nombres similares, se muestran las de ambos proyectos. Adjunto pantallazo de lo que veo en el proyecto “mareny” (existe otro que se llama “marenyblau”).</p>', 1, 1, 5, 2, NULL, 0.00000000, 'opland/tareas/RODEhsSptwe1XimYflV6efC42gEIkR1jgxy8S6Nt.png', NULL, '2023-08-05', '05:24:05', 1, 11, NULL, NULL, NULL, 1),
(198, 'Campo bloqued \"sigue mostrando editar de ficha\"', NULL, 4, 2, 7, 2, NULL, 0.00000000, NULL, NULL, '2023-08-08', '21:32:11', 1, 37, NULL, NULL, NULL, NULL),
(199, 'Tareas ago\'23 - semana 2: Tareas backoffice', NULL, 2, 1, 3, 19, NULL, 0.00000000, NULL, NULL, '2023-08-09', '06:41:53', 1, 11, NULL, NULL, 35, NULL),
(200, 'Tareas ago\'23 - semana 3: Tareas backoffice', NULL, 2, 3, 3, 19, NULL, 0.00000000, NULL, NULL, '2023-08-22', '06:45:50', 1, 11, NULL, NULL, 36, NULL),
(201, 'Auto registro en proyectos mediante un código', NULL, 4, 1, 3, 2, NULL, 0.00000000, NULL, NULL, '2023-08-24', '16:36:19', 1, 37, NULL, NULL, NULL, NULL),
(202, 'Inclusión de filtros en listados secundarios', '<p>CONTEXTO</p><p>Cuando abrimos una ficha de una tabla “A” con una relación 1-n con otra tabla “B”, se muestra, en la pestaña de la tabla “B”, dos listados:</p><p>1.- Un primer listado con todos los registros de la tabla “B” vinculados con el registro de la ficha abierta.</p><p>2.- Un segundo listado con todos los elementos de la tabla “B” que no tienen relacionado ningún registro de la tabla “A”.</p><p>Sobre estos dos listados no se puede ejercer ninguna acción del tipo ordenar (pinchando sobre el encabezado) o hacer una búsqueda (con filtros).</p><p>&nbsp;</p><p>SE SOLICITA</p><p>Para el segundo listado, descartada técnicamente en su día la opción de poder ordenar por el encabezado, habilitar la búsqueda por filtro, ya que actualmente sólo se muestran los primeros 50 registros de la tabla “B”.</p><p>EJEMPLO PRÁCTICO</p><p>Para hacer la conciliación bancaria del Mareny, tengo que relacionar un movimiento de la cuenta con varios gastos de la tabla Gastos. Como hay muchos gastos pendientes de conciliar a final de mes, me cuesta mucho buscárlos (y al final hago el ejercicio contrario: abrir el gasto y asociarle el movimiento bancario, uno a uno).</p>', 1, 1, 5, 2, NULL, 0.00000000, 'opland/tareas/KCsZfXAjNIWnrN07R4gO5iZ5yHnGMew81F6Jq9ys.png', NULL, '2023-08-29', '16:48:59', 1, 2, NULL, NULL, NULL, 2),
(203, 'MB: Personalización asistentes y delegaciones en asambleas', '<p>PTE DEFINIR</p>', 2, 1, 5, 20, NULL, 0.00000000, NULL, NULL, '2023-08-29', '15:39:46', 1, 2, NULL, NULL, NULL, 2),
(204, 'Registro fallo responsive (se montan logos)', NULL, 4, 2, 3, 2, NULL, 0.00000000, 'opland/tareas/Orpa5AknxcYejopQUBLpHGpxnJMrR73wxaCpjSlL.jpg', NULL, '2023-08-29', '12:02:37', 1, 37, NULL, NULL, NULL, NULL),
(205, 'Tareas ago\'23 - semana 4: Tareas backoffice', NULL, 2, 3, 3, 19, NULL, 0.00000000, NULL, NULL, '2023-08-22', '06:26:55', 1, 11, NULL, NULL, 39, NULL),
(206, 'Comprobar correo existe en usuario en el registro por invitacion', '<p>No he comprobado si el usuario existe a la hora de crear el usuario</p>', 4, 1, 3, 2, NULL, 0.00000000, NULL, NULL, '2023-08-30', '12:16:54', 1, 37, NULL, NULL, NULL, NULL),
(207, 'Cuadros de mandos en menu lateral', '<p>Ahora mismo al subir el codigo ha desaparecido como tal la pantalla de inicio como antes, entonces no se ve los cuadros de mando, tomas propone ponerlo en el menu lateral para que no lo pongamos en el menu de inicio y asi no relentiza, al ponerlo ahi se puede poner como pantalla de inicio y luego en caso de no tenerlo que te lleve a la pantalla y que te de infomacion del servicio y algo para contratarlo, en plan formulario</p>', 1, 2, 7, 2, NULL, 0.00000000, NULL, NULL, '2023-08-30', '05:39:52', 1, 37, 11, NULL, NULL, NULL),
(208, 'Quitar email bienvenida', NULL, 4, 1, 7, 2, NULL, 0.00000000, NULL, NULL, '2023-08-31', '05:37:31', 1, 37, 11, NULL, NULL, NULL),
(209, 'Pagina inicio marcado por la tabla rol', NULL, 4, 1, 7, 2, NULL, 0.00000000, NULL, NULL, '2023-09-01', '05:36:33', 1, 37, 11, NULL, NULL, NULL),
(210, 'Revisión permisos edición', '<p>Sólo debería poder crear registros sobre tablas en las que tengo permiso de edición.</p><p>Sin embargo, cuando entro en una tabla a través de una pestaña de una ficha, esto no se está validando, permitiéndome dar de alta un registro donde sólo tengo permiso de consulta.</p><p>EJEMPLO: Proyecto Mareny Blau en DESA</p><p>Login con usuario 141 - María Luisa Cárcel</p><p>Rol: socio, que puede editar únicamente la ficha “Propietario”.</p><p>La tabla “Propietario” está relacionada con “Vivienda_propietario”, por lo tanto, en la ficha de “Propietario” aparece una pestaña en la que puedo ver los registros de “vivienda_propietario”.</p><p>Pero… también aparece el botón “Crear vivienda_propietario”, cosa a la que no tiene acceso este rol.</p><p>&nbsp;</p><p>Adjunto pantallazo.</p><p>&nbsp;</p>', 4, 1, 7, 2, NULL, 0.00000000, 'opland/tareas/atvTRprWdLRuIZkqGbvaGdnpy2bi498UQ0L97qMA.png', NULL, '2023-09-01', '06:04:43', 1, 2, 11, NULL, NULL, 1),
(211, 'Añadir campos en Perfil y dar opción de volver al \"Panel\"', '<p>Cuando selecciono en el menú superior derecho la opción “Perfil”, me lleva a una pantalla en la que me solicita datos para una nueva contraseña. Aquí añadiría los campos “Nombre” y “Mail (usuario)”.</p><p>Adjunto pantallazo.</p><p>Aparte de esto, una vez en esta pantalla, no tengo forma de volver a la pantalla de trabajo (al Panel). Me veo obligado a salir del proyecto y volver a entrar.</p><p>&nbsp;</p><p>&nbsp;</p>', 4, 3, 8, 2, NULL, 0.00000000, 'opland/tareas/jdlNy1xTaPgKpOp49T4HpmOgWZbqOWoqeWMNSYUf.png', NULL, '2023-09-01', '05:52:58', 1, 2, 11, NULL, NULL, 2),
(212, 'Crear acceso directo a una URL en el menú lateral', '<p>Describe Dopi</p><p>Funcioalidad: Dar acceso a un cuadro de mandos o a una ficha directamente (hemos visto el caso de un propietario de Mareny)</p><p>Parte uno hacer una vista donde por url se pueda ver un cuadro de mandos - Hecho</p><p>Parte dos, poder crear enlaces personalizados de menú mendiant “nombre\":\"Destino\". Yo haría a nivel de rol poder introducir un nuevo campo que fuera menu_personalizado en formato json {\"nombre1\":\"destino1\",\"nombre2\":\"destino2\"} y a partir de ahí montar en el menú de la inzquierda la entrada nombre1 que te lleve a la url destino1 y así sucesivamente.</p>', 4, 1, 3, 2, NULL, 0.00000000, 'opland/tareas/jdlNy1xTaPgKpOp49T4HpmOgWZbqOWoqeWMNSYUf.png', NULL, '2023-09-01', '10:38:29', 1, 2, NULL, NULL, NULL, 2),
(213, 'Formulario para alta de usuarios por código', '<p>Además de crear el usuario, lo realmente útil es que sea el propio usuario quien complete ciertos datos. Para introducir esos datos, propongo crear por defecto una tabla nueva llamada “ Formulario” donde, a la vez que se crea el usuario, se cree un registro con su nombre, mail y su control_user. El admin podrá añadir en esta tabla tantos campos como quiera. Añadir dos botones en el listado de “Formulario” con el texto “Aprobar” y “Rechazar”.</p>', 4, 2, 4, 2, NULL, 0.00000000, NULL, NULL, '2023-09-01', '16:32:22', 1, 11, NULL, NULL, NULL, 2),
(214, 'Clonación de registros', '<p>La clonación funciona correctamente, pero debería setear los campos createuser y createdate con los valores reales, no clonar los del registro clonado.</p>', 4, 2, 7, 2, NULL, 0.00000000, NULL, NULL, '2023-09-16', '20:56:44', 1, 11, NULL, NULL, NULL, NULL),
(215, 'Visita comercial GreenB2E', NULL, 2, 3, 3, 21, '2023-09-20', 0.00000000, NULL, NULL, '2023-09-20', '08:29:55', 1, 11, 11, NULL, NULL, NULL),
(216, 'Icono retorno a menú inicial', '<p>&nbsp;en la vista móvil ha desaparecido el logo de la empresa &nbsp;que, pinchando sobre él, te llevaba al menú principal</p>', 4, 1, 7, 2, NULL, 0.00000000, 'opland/tareas/lCoTjsZDr1zPpOyf9KNbWu9FHbBU9NmooIWVWx9a.jpg', NULL, '2023-09-22', '20:55:27', 1, 11, NULL, NULL, NULL, NULL),
(217, 'Botón Guardar y continuar', '<p>Actualmente, este botón <strong>Guardar y continuar</strong> graba la información introducida hasta &nbsp;el momento y te mantiene en la misma pantalla, pero en modo no editadle (lo mismo que hace el botón <strong>Guardar</strong>). Mi propuesta es que haga lo mismo, pero &nbsp;mantenido la pantalla en modo editadle.</p>', 4, 2, 7, 2, NULL, 0.00000000, NULL, NULL, '2023-09-24', '20:57:37', 1, 11, NULL, NULL, NULL, 2),
(218, 'Vínculo “ver” en campos tipo fichero', '<p>&nbsp;Tenemos un tipo de campo “fichero” que:</p><ol><li>Permite subir tantos ficheros como se seleccionen en la ventana emergente tipo explotador de Windows.</li><li>Una vez subidos, no permite borrarlos.</li><li>Para consultar los ficheros subidos, muestra en la parte inferior de este campo:<ul><li>tantas miniaturas como imágenes subidas.</li><li>tratos vínculos “ver” como resto de ficheros no imagen subidos.</li></ul></li></ol><p>¿Cómo debería ser?</p><ol><li>Sólo debe permitir un único fichero.</li><li>Debe tener un aspa o algo similar que permita eliminar el fichero subido.</li><li>Una vez subido un fichero, el campo debería mostrarse como no editable (en cuanto al texto), con el nombre del fichero subido (esto obligaría a cambiar la lógica actual que le da el nombre al fichero guardado) y el aspa mencionada en el punto 2.</li></ol>', 4, 1, 7, 2, NULL, 0.00000000, 'opland/tareas/MeaNRmzmp3b9eINsRJ26XoMktt2gTnlqH9uIaSyr.png', NULL, '2023-09-24', '20:54:05', 1, 11, NULL, NULL, NULL, 2),
(219, 'Ocultar/mostrar campos en ficha según el rol', '<p>¿Sería posible, en la definición de los campos de una tabla, añadir un texto para especificar qué roles pueden ver ese campo?</p>', 4, 1, 4, 2, NULL, 0.00000000, 'opland/tareas/MeaNRmzmp3b9eINsRJ26XoMktt2gTnlqH9uIaSyr.png', NULL, '2023-09-24', '12:51:35', 1, 11, NULL, NULL, NULL, 3),
(223, 'Aviso al cambiar el tipo de campo en una tabla', '<p>Si un usuario intenta cambiar el tipo de campo, es probable que acabe generando un fallo en la plataforma. Por ejemplo, si tenemos un campo de texto y hemos metido ya varias entradas y cambiamos el tipo a “desplegable”, se genera un error. Igualmente, si tenemos un campo fecha y lo pasamos a campo moneda, se genera un error por valor numérico fuera de rango.&nbsp;</p><p>Lo suyo sería encontrar la forma de que el usuario no pueda “romper el juguete”, no sé si no permitiendo cambiar el tipo una vez creado o buscando las entradas existentes, y si no son compatibles con el tipo nuevo seleccionado, que el cambio no se lleve a cabo y salga un aviso (no sé si todo esto es posible, perdón).</p>', 4, 2, 3, 2, NULL, 0.00000000, 'opland/tareas/05VyPy5Z37JkIiDZSwrljWtsotp0JgFXwr4Sl2xH.jpg', NULL, '2023-10-04', '09:18:42', 1, 2, NULL, NULL, NULL, 3),
(224, 'Aviso al crear tabla sin nombre', '<p>Ahora mismo, cuando intentamos crear una nueva tabla sin nombre, nos sale un syntax error((adjunto). Deberíamos hacer lo mismo que cuando intentamos crear un nuevo proyecto, avisar de que se tiene que incluir un nombre y no ejecutar la acción.</p>', 4, 2, 7, 2, NULL, 0.00000000, 'opland/tareas/mE9vDwTkIULXZBFZHJE6NLh4nqkFMdemY4zowCoj.jpg', NULL, '2023-10-04', '05:52:05', 1, 2, 11, NULL, NULL, 3),
(225, 'Campos booleanos Sí/No', '<p>Hasta ahora los campos booleanos se están mostrando como checkbox, de manera que si no está marcado es un 0 y si está marcado es un 1.</p><p>Adicionalmente necesitamos un campo Sí/No que sea un desplegable ¿de que manera se podría hacer? ¿es excluyente o podemos mantener ambos tipos de visualizaciones?</p>', 4, 2, 7, 2, NULL, 0.00000000, 'opland/tareas/LOV7PODgElQ0Wc12U9qgRVE29dv2xNAuYSHTH4Fo.png', NULL, '2023-10-05', '05:47:37', 1, 11, 11, NULL, NULL, 2),
(226, 'Error al clonar factura', '<p>&nbsp;Error al intentar clonar elementos de esta tabla: https://desarrollos.opland.es/ficha/opland/facturas/36<br>Pista: en la tabla \"Facturas\", el campo Nombre es calculado, de manera que, al modificar el campo \"descripcion\" se actualiza, concatenando \"num_fact\" y \"descripcion\" ¿podría ser la causa?</p>', 4, 2, 7, 2, NULL, 0.00000000, NULL, NULL, '2023-10-07', '05:34:02', 1, 11, 11, NULL, NULL, 1),
(227, 'Tareas sept\'23 - semana 1: Tareas backoffice', NULL, 2, 3, 3, 19, NULL, 0.00000000, NULL, NULL, '2023-08-22', '06:04:10', 1, 11, NULL, NULL, 45, NULL),
(228, 'Tareas sept\'23 - semana 2: Tareas backoffice', NULL, 2, 3, 3, 19, NULL, 0.00000000, NULL, NULL, '2023-08-22', '06:04:28', 1, 11, NULL, NULL, 46, NULL),
(229, 'Tareas sept\'23 - semana 3: Tareas backoffice', NULL, 2, 3, 3, 19, NULL, 0.00000000, NULL, NULL, '2023-08-22', '06:04:44', 1, 11, NULL, NULL, 47, NULL),
(230, 'Tareas sept\'23 - semana 4: Tareas backoffice', NULL, 2, 3, 3, 19, NULL, 0.00000000, NULL, NULL, '2023-08-22', '06:05:00', 1, 11, NULL, NULL, 48, NULL),
(231, 'Tareas oct\'23 - semana 1: Tareas backoffice', NULL, 2, 3, 3, 19, NULL, 0.00000000, NULL, NULL, '2023-08-22', '06:05:22', 1, 11, NULL, NULL, 49, NULL),
(232, 'Tareas ago\'23 - semana 5: Tareas backoffice', NULL, 2, 3, 3, 19, NULL, 0.00000000, NULL, NULL, '2023-08-22', '07:26:00', 1, 11, NULL, NULL, 43, NULL),
(233, 'Filtros en la vista “Archivados”', '<p>Cuando consultas los registros archivados (deleted =1) desde el listado que hace las veces de buscador, los filtros no funcionan; en concreto, te devuelven a la vista de los no archivados.</p>', 4, 1, 7, 2, NULL, 0.00000000, NULL, NULL, '2023-10-08', '20:52:46', 1, 11, NULL, NULL, NULL, NULL),
(234, 'Tareas oct\'23 - semana 3: Tareas backoffice', NULL, 2, 3, 3, 19, NULL, 0.00000000, NULL, NULL, '2023-08-22', '06:23:47', 1, 11, NULL, NULL, 61, NULL),
(235, 'Eliminar error si el usuario crea Rol y después Usuarios', '<p>Si un usuario crea un proyecto desde cero, al crear Rol y luego Usuarios, salta el error adjunto diciendo que la vista Usuarios ya existe. ¿Es posible que tanto si creas Rol como si creas Usuarios se crea la correspondiente pero por error al crear Rol no apareceUsuarios y al crear Usuarios sí aparece Rol? Si después de llegar al error vuelvo atrás, aparece la tabla Usuarios, por lo que tiene pinta de ser así.</p>', 4, 2, 3, 2, NULL, 0.00000000, 'opland/tareas/oiCscWVgq91QqxkOyq013zqIyZ49ur1GUtTAxhxB.png', NULL, '2023-10-10', '20:12:30', 1, 2, NULL, NULL, NULL, 3),
(236, 'Ajustar cuadro de mandos', '<p>Dejo a continuación los cambios que he hecho para que quede lo más grande posible sin encabezados, sin barras de scroll y sin márgenes innecesarios. Los cambios los indico en cursiva y negrita.</p><p>Me gustaría hacer la card más grande como indico en la imagen adjunta pero si eso supone ver la barra de scroll de la web creo que no vale la pena. Lo que veas.</p><p>--------------------------------------------------------------------------------------</p><p><strong>Cambio 1: Quitar margen inferior de la “card”</strong></p><p>&lt;div class=\"card\"&gt;</p><p>[bootstrap-e…ed.css:1053</p><p>.card {</p><p>&nbsp; &nbsp; /* margin-bottom: 2rem; */ <i><strong>(tachar)</strong></i></p><p>&nbsp; &nbsp; box-shadow: 0 4px 24px 0&nbsp;rgba(34, 41, 47, 0.1);</p><p>&nbsp; &nbsp; transition: all 0.3s&nbsp;ease-in-out, background 0s, color 0s, border-color 0s;]</p><p>&nbsp;</p><p><strong>Cambio 2: Borrado de elemento completo.</strong></p><p>&lt;div class=\"content-header row\"&gt;</p><p>&nbsp;&lt;div class=\"content-header-left col-12 mb-2\"&gt;</p><p>&nbsp; &lt;h3 class=\"content-header-title float-left mb-0\" style=\"width: fit-content;\"&gt; Cuadro de mandos &lt;/h3&gt;</p><p>&nbsp;&lt;/div&gt;</p><p>&lt;/div&gt;</p><p><i><strong>(eliminar todo el elemento)</strong></i></p><p><strong>Cambio 3: Modificar márgenes, quitar texto y redimensionar iframe y contenedor embebido.</strong></p><p>&lt;table style=\"font-family: \'Montserrat\',Arial,sans-serif;width: 90%;margin: auto;margin-top: <i><strong>30px</strong></i>;margin-bottom: 50px <i><strong>(tachar)</strong></i>;\" cellpadding=\"0\" cellspacing=\"0\" role=\"presentation\"&gt;</p><p>&nbsp;&lt;tbody&gt;</p><p>&nbsp;&lt;tr&gt;</p><p>&nbsp;&nbsp;&lt;td class=\"sm-px-24\" style=\"\"&gt;</p><p>&nbsp; &nbsp;&lt;p class=\"sm-leading-32\" style=\"font-weight: 600; font-size: 20px; margin: 0 0 24px <i><strong>(tachar)</strong></i>; --text-opacity: 1; color: #263238; color: rgba(38, 50, 56, var(--text-opacity));\"&gt;</p><p>&nbsp; &nbsp; “ GreenB2E “ <i><strong>(eliminar)</strong></i></p><p>&nbsp; &nbsp; &nbsp;&lt;iframe src=\"/pbi?_token=wSjV8LjuOf97y9nUujTdZgo2z5WrOPrLhOdrlt7e\" alt=\"GreenB2E\" style=\"width: 100%; height: <i><strong>765px</strong></i>;\"&gt;</p><p>&nbsp; &nbsp; &nbsp; #document</p><p>&nbsp; &nbsp; &nbsp; &nbsp;&lt;html&gt;</p><p>&nbsp; &nbsp; &nbsp; &nbsp; &lt;head&gt; …..&lt;/head&gt;</p><p>&nbsp; &nbsp; &nbsp; &nbsp; &lt;body&gt;</p><p>&nbsp; &nbsp; &nbsp; &nbsp; &nbsp;&lt;div id=\"embedContainer\" name=\"embedContainer\" style=\"width: 100%; height:<i><strong>745px</strong></i>;\"&gt;&lt;iframe src=\"https://app.powerbi.com/reportEmbed?reportId=ffb170cd-c12a-4d49-a46a-e1f3a77c192f&amp;amp;uid=k3db8w\" scrolling=\"no\" allowfullscreen=\"true\" style=\"width: 100%; height: 100%;\"&gt;&lt;/iframe&gt;&lt;/div&gt;</p>', 4, 2, 3, 2, NULL, 0.00000000, 'opland/tareas/dbmpwduMpeiy6pijClG8txAgyJ5PEbugia6zpVIS.jpg', NULL, '2023-10-10', '17:23:59', 1, 2, NULL, NULL, NULL, 3),
(237, 'Revisar permisos para acceso a cuadros de mandos', '<p>El menú lateral “Cuadro mandos” debería ser sólo accesible para los roles que tenga “Cuadro mandos” en el campo “Puede ver”.</p><p>Analizar por qué en Marenyblau sólo es accesible para el rol admin.</p>', 4, 1, 6, 2, NULL, 0.00000000, NULL, NULL, '2023-10-19', '14:20:07', 1, 11, NULL, NULL, NULL, NULL),
(238, 'Cuadro de mandos quitar todos los margenes posibles', NULL, 4, 3, 3, 2, NULL, 0.00000000, NULL, NULL, '2023-10-27', '08:34:39', 1, 37, NULL, NULL, NULL, NULL),
(239, 'Implantación, migración y cuadro de mandos', NULL, 2, 2, 3, 21, NULL, 0.00000000, NULL, NULL, '2023-10-29', '22:57:39', 1, 11, NULL, NULL, NULL, NULL),
(240, 'Revisión con Fátima', '<ol><li>Añadir icono en Seguros → Hecho</li><li>Escrituras: Buscar en filtros → Hacho</li><li>Firmas: ¿se puede subir el fichero .pfx? Añadir icono → Descartado</li><li>Sociedad y proveedor en Mayusculas y conceptos la primera en mayúscula → Hecho</li><li>Gastos recurrentes → Nuevo requerimiento a presupuestar tras finalización de puesta en marcha.</li><li>Revisar automatización de campo nombre → Hecho</li></ol>', 2, 2, 3, 21, '2023-11-27', 0.00000000, NULL, NULL, '2023-10-31', '11:36:22', 1, 11, NULL, NULL, NULL, NULL),
(241, 'Al archivar se borra relación con otra tabla', '<p>Al archivar un registro se elimina su relación con otra tabla. Pongo un ejemplo:</p><p>Proyecto: Mareny Blau</p><p>Tablas: Gastos y Cuenta_9240</p><p>Relación: gastos.id_cuenta_9240</p><p>Incidencia: cuando se archiva un gasto asociado a un movimiento de Cuenta_9240, se borra el valor de gastos.id_cuenta_9240</p><p>Ejemplo para probar:</p><p>&gt; Gasto: https://desarrollos.opland.es/ficha/marenyblau/gastos/1678</p><p>&gt; Movimiento asociado: https://desarrollos.opland.es/ficha/marenyblau/cuenta_9240/6257</p>', 4, 1, 4, 2, NULL, 0.00000000, NULL, NULL, '2023-11-02', '19:16:20', 1, 11, NULL, NULL, NULL, 1),
(242, 'Corregir los errores al modificar datos sección \"Perfil\"', '<p>Al entrar en la sección perfil e ir a modificar Nombre y Correo electrónico aparecen los errores “El campo contraseña actual es obligatorio”, “El campo new password es obligatorio”, “El campo new confirm password es obligatorio”.</p><p>No se puede evitar el error hagas lo que hagas. Entiendo que debería dejar modificar los campos Nombre y Email, al margen de que cambies la contraseña o no.</p><p>De paso podríamos modificar los mensajes de error.</p>', 4, 2, 6, 2, NULL, 0.00000000, 'opland/tareas/sfimbaTaKQMxo7OusGQFq4OCcZw3VTWCBbAbtICn.png', NULL, '2023-11-02', '20:48:11', 1, 18, NULL, NULL, NULL, 1),
(243, 'Cambio de aspecto de cursor al pasar sobre la X en una ventana emergente (ver en textos largos)', '<p>Ahora mismo el cursor que aparece al pasar sobre la X para cerrar una ventana emergente es el que se utiliza siempre para modificar texto, debería aparecer la mano que indica que se puede clicar para cerrar la ventana.</p>', 1, 3, 5, 2, NULL, 0.00000000, NULL, NULL, '2023-11-02', '19:13:11', 1, 18, NULL, NULL, NULL, 3),
(245, 'Autocalcular campo \"nombre\" y ocultarlo', '<p>En las tablas “firma_digital” y “cuentas_anuales” ocultar el campo “nombre”, autocalculándolo:</p><ul><li>Firmas → [fecha_caducidad].Año &amp; “.” [fecha_caducidad].Mes &amp; “ ” &amp; [sociedad]</li><li>Cuentas → [ejercicio] &amp; “_” &amp; [sociedad]</li></ul>', 3, 1, 3, 21, '2023-11-09', 0.00000000, NULL, NULL, '2023-11-07', '19:43:31', 1, 11, NULL, NULL, NULL, 2),
(246, 'Bloquear contenidos en VM', '<p>Santi solicita que los usuarios no puedan alterar la información de los registros en ciertas circunstancias, pero que alguien de la organización sí que pueda hacerlo. Para ello propongo:</p><p>Un proceso (script) que se lance a las 00:00 y que ponga el campo deleted o blocked a 1 en:</p><ol><li>Todo los fichajes</li><li>&nbsp;Las tareas de mantenimiento y limpieza que tengan el campo duración informando.</li></ol><p>La decisión de si se setea el campo deleted o block depende de si podemos restringir por riles el acceso al listado de archivados. Si no es posible, entonces haríamos visible por código el campo blocked para los roles que nos digan.</p>', 1, 1, 6, 3, NULL, 0.00000000, NULL, NULL, '2023-11-08', '22:02:53', 1, 11, NULL, NULL, NULL, NULL),
(247, 'Creación de manual de la plataforma', NULL, 3, 3, 2, 2, NULL, 0.00000000, NULL, NULL, '2023-11-09', '07:53:34', 1, 2, NULL, NULL, NULL, 3),
(248, 'Tamaño de campo \"Valor\" en tabla \"Configuracion\" y evitar el error cuando un usuario intenta meter más caracteres que los configurados en el campo', '<p>En la actualidad, la tabla “Configuracion” se crea con un campo \"Valor\" de 32 caracteres. El problema es que en campos como submenu, es normal meter muchos nombres de tabla y superar los 32 caracteres, generando un error.</p><p>Propongo por un lado aumentar a 64 caracteres “Valor” en “Configuracion” y por otro, que se muestre un error que le diga al usuario que amplíe el tamaño de “Valor” para que no aparezca el error que aparece ahora y que es lo que tenemos que intentar evitar.</p>', 1, 2, 5, 2, NULL, 0.00000000, 'opland/tareas/k2tlvmlPffPT8mmZDaIEX0M9bGshGhaX6Y8WlzEt.jpg', NULL, '2023-11-12', '18:59:06', 1, 2, NULL, NULL, NULL, 3),
(249, 'Mostrar el nombre de proyecto tal y como lo pone el usuario', '<p>Ahora mismo cuando pones el proyecto con un espacio te lo junta todo, me parece bien para la BD pero no para la interfaz. ¿Se puede solucionar?</p><p>¿Se puede poner un nombre de proyecto con espacios que luego se guarde en base de datos con guiones bajos? Eso es algo básico para UX.</p>', 1, 2, 5, 2, NULL, 0.00000000, NULL, NULL, '2023-11-12', '18:58:30', 1, 2, NULL, NULL, NULL, 3),
(250, 'No permite borrar el fichero cargado', '<p>Estoy intentando borrar la imagen subida y no puedo hacerlo. Voy a borrarla por por BD, pero es algo que me ha pasado también en otra tarea.</p>', 4, 2, 3, 2, NULL, 0.00000000, NULL, NULL, '2023-11-12', '14:08:40', 1, 2, 1, NULL, NULL, 3),
(251, 'Tareas oct\'23 - semana 2: Tareas backoffice', NULL, 2, 3, 3, 19, NULL, 0.00000000, NULL, NULL, '2023-11-15', '06:23:31', 1, 11, NULL, NULL, 60, NULL),
(252, 'Tareas oct\'23 - semana 4: Tareas backoffice', NULL, 2, 3, 3, 19, NULL, 0.00000000, NULL, NULL, '2023-11-15', '06:27:09', 1, 11, NULL, NULL, 62, NULL),
(253, 'Tareas oct\'23 - semana 5: Tareas backoffice', NULL, 2, 3, 3, 19, NULL, 0.00000000, NULL, NULL, '2023-11-15', '06:27:28', 1, 11, NULL, NULL, 67, NULL),
(254, 'Tareas nov\'23 - semana 1: Tareas backoffice', NULL, 2, 3, 3, 19, NULL, 0.00000000, NULL, NULL, '2023-11-15', '06:25:10', 1, 11, NULL, NULL, 68, NULL),
(255, 'Tareas nov\'23 - semana 2: Tareas backoffice', NULL, 2, 3, 3, 19, NULL, 0.00000000, NULL, NULL, '2023-11-15', '06:28:05', 1, 11, NULL, NULL, 68, NULL),
(256, 'Tareas nov\'23 - semana 3: Tareas backoffice', NULL, 2, 3, 3, 19, NULL, 0.00000000, NULL, NULL, '2023-11-15', '07:46:03', 1, 11, NULL, NULL, 70, NULL),
(257, 'Revisión con Fátima', '<ol><li>Pte punto 2 reunión anterior → Hecho✅</li><li>CM-Facturas recibidas: fechas mal introducidas (año 0023):<ol><li>Corregir masivamente → Hecho✅</li><li>¿Por qué no aparece en BI? 🟡</li></ol></li><li>Opland facturas:<ol><li>Usamos ficha para facturas con un sólo tipo de IVA. Metemos el porcentaje y se autocalculará el importe. → Hecho en PowerBI ✅</li><li>Para más de un tipo de IVA, se usará la pestaña fra_IVA. → Hecho en PowerBI ✅</li><li>En fase II se autocalcularán los importes de IVA, Retención y Total factura.🟡</li></ol></li><li>¿Podemos meter alguna configuración en los campos fecha para que, si se escribe año 23, se autocorrija a 2023? 🟡</li><li>Ver excel importación y descubrir empresa real asociada a las cuentas y firmas con sociedad de nombre extralargo. 🟠 Revisar con Fátima porque ha modificado los nombres y hay algunos repetidos.</li><li>CM-Avales:<ol><li>En todos los cuadros, siempre proyecto y sociedad. ✅</li></ol></li><li>En avales_doc ¿puedo hacer que file sea obligatorio? 🟠</li><li>CM-Polizas (listado y detalle aval): colores ✅<ol><li>Vigente: verde</li><li>Cancelado: gris</li><li>Resto: naranja</li></ol></li><li>Importe: poner la prima no canceladas ✅</li><li>Tipos de gasto (facturas recibidas): añadir desplegable con los tipo de la foto. ✅</li></ol>', 2, 2, 6, 21, NULL, 0.00000000, NULL, NULL, '2023-11-23', '09:20:20', 1, 2, NULL, NULL, NULL, NULL),
(258, 'Reunión con VM: Araceli y Javier (formación)', NULL, 2, 2, 2, 3, NULL, 0.00000000, NULL, NULL, '2023-11-30', '16:37:15', 1, 11, NULL, NULL, NULL, NULL),
(259, 'Gestión de error con ficheros obligatorios', '<p>Cuando marcamos que un campo “fichero” es obligatorio, si el usuario no lo incluye, se muestra la típica pantalla de error de Opland ¿podemos mostrar un mensaje de error como hacemos en el resto de campos obligatorios?</p><p>Prime: además de mostrar el texto rojo debajo del campo ¿podríamos desplegar un pop-up?</p>', 1, 1, 6, 21, NULL, 0.00000000, NULL, NULL, '2023-12-05', '15:53:08', 1, 11, NULL, NULL, NULL, 2),
(260, 'Tareas nov\'23 - semana 4: Tareas backoffice', NULL, 2, 3, 3, 19, NULL, 0.00000000, NULL, NULL, '2023-12-14', '06:10:06', 1, 11, NULL, NULL, 71, NULL),
(261, 'Tareas dic\'23 - semana 1: Tareas backoffice', NULL, 2, 3, 3, 19, NULL, 0.00000000, NULL, NULL, '2023-12-14', '06:10:30', 1, 11, NULL, NULL, 72, NULL),
(262, 'Tareas dic\'23 - semana 2: Tareas backoffice', NULL, 2, 3, 3, 19, NULL, 0.00000000, NULL, NULL, '2023-12-14', '06:10:49', 1, 11, NULL, NULL, 73, NULL),
(263, 'Tareas dic\'23 - semana 3: Tareas backoffice', NULL, 2, 3, 3, 19, NULL, 0.00000000, NULL, NULL, '2023-12-14', '06:11:00', 1, 11, NULL, NULL, 74, NULL),
(264, 'Tareas dic\'23 - semana 4: Tareas backoffice', NULL, 2, 3, 3, 19, NULL, 0.00000000, NULL, NULL, '2023-12-14', '06:11:14', 1, 11, NULL, NULL, 75, NULL),
(265, 'VM: No permitir modificar fichajes ni fichar con más de dos días de retardo', '<p>Para no permitir la modificación de fichajes, creo que habría que hacer un proceso nocturno que seteara el campo bloqued=1 para todos los fichajes cuya fecha sea anterior a antesdeayer.</p><p>Para evitar introducir fichajes anteriores a antesdeayer, me comentaste de meter una restricción en el front.</p>', 1, 1, 3, 3, NULL, 0.00000000, NULL, NULL, '2023-12-27', '09:04:55', 1, 11, 1, NULL, NULL, 2),
(266, 'Tareas ene\'24 - semana 1: Tareas backoffice', NULL, 2, 3, 3, 19, NULL, 0.00000000, NULL, NULL, '2024-01-10', '17:42:57', 1, 11, NULL, NULL, 77, NULL),
(267, 'Tareas ene\'24 - semana 2: Tareas backoffice', NULL, 2, 3, 3, 19, NULL, 0.00000000, NULL, NULL, '2024-01-16', '00:08:48', 1, 11, NULL, NULL, 77, NULL),
(268, 'Tareas ene\'24 - semana 3: Tareas backoffice', NULL, 2, 3, 3, 19, NULL, 0.00000000, NULL, NULL, '2024-01-20', '13:23:42', 1, 2, NULL, NULL, 77, NULL),
(269, 'Tareas ene\'24 - semana 4: Tareas backoffice', NULL, 2, 3, 3, 19, NULL, 0.00000000, NULL, NULL, '2024-01-20', '13:24:23', 1, 2, NULL, NULL, 77, NULL),
(271, 'VM: Habilitar acceso a la ficha de Ausencias', '<p>En el buscador de Ausencias está oculto el campo Nombre, por lo que actualmente no se puede acceder a la ficha pulsando sobre el listado. Tocar el código para habilitar esta funcionalidad para el campo “Tipo ausencia”.</p>', 3, 1, 6, 3, NULL, 0.00000000, NULL, NULL, '2024-02-16', '22:01:50', 1, 11, NULL, NULL, NULL, 2),
(272, 'Propuesta Dysama', NULL, 2, 2, 2, 23, NULL, 0.00000000, NULL, NULL, '2024-02-19', '06:40:44', 1, 11, 11, NULL, NULL, NULL),
(273, 'Propuesta All Services Marbella', NULL, 2, 2, 2, 22, NULL, 0.00000000, NULL, NULL, '2024-02-19', '06:41:10', 1, 11, 11, NULL, NULL, NULL),
(274, 'Error al incorporar el campo \"control_user\" desde el botón que lo incorpora automáticamente en configuración', '<p>El campo que crea no tiene ni el nombre ni el tipo adecuado.</p>', 1, 3, 5, 2, NULL, 0.00000000, NULL, NULL, '2024-02-19', '19:00:41', 1, 11, NULL, NULL, NULL, NULL),
(275, 'Jerarquía de tablas: añadir un nivel más que permita agrupar tablas por módulos', '<p>Permitir incluir un nivel más en el nombre de las tablas para estructurarlas en módulos. Algo del estilo: cliente_proyecto_modulo_tabla</p>', 1, 1, 5, 2, NULL, 0.00000000, NULL, NULL, '2024-02-20', '05:29:23', 1, 11, NULL, NULL, NULL, NULL),
(276, 'Campos booleanos Sí/No (mejora)', '<p>Cuando se crea un campo de este tipo desde el front (edición de tabla con el lápiz), se configura con un valor por defecto de 0, cuando debería ser null.</p>', 4, 2, 5, 2, NULL, 0.00000000, 'opland/tareas/LOV7PODgElQ0Wc12U9qgRVE29dv2xNAuYSHTH4Fo.png', NULL, '2024-02-20', '05:49:03', 1, 11, 11, NULL, NULL, 2),
(277, 'Actualización masiva: mostrar campos \"deleted\" y \"blocked\"', '<p>Actualmente sólo es posible modificar estos datos desde bbdd</p>', 1, 3, 5, 2, NULL, 0.00000000, NULL, NULL, '2024-02-20', '05:51:43', 1, 11, 11, NULL, NULL, NULL),
(278, 'Opland: Está dando error el acceso a Cliente y Proyecto', NULL, 1, 2, 6, 17, NULL, 0.00000000, 'opland/tareas/hYVyBXhHy9QZ7A4wjhASrySVIIaZc17yH8AV3ZP7.png', NULL, '2024-03-11', '10:03:54', 1, 11, 11, NULL, NULL, 1),
(279, 'Revisión Dysama', '<ul><li>Objetivos<ul><li>añadir facturación actual. Porcentaje y facturación en verde.</li><li>altura listado</li></ul></li><li>&nbsp;</li></ul><p>&nbsp;</p>', 2, 2, 2, 23, NULL, 0.00000000, NULL, NULL, '2024-03-13', '09:32:29', 1, 11, 11, NULL, NULL, 2),
(280, 'Generación entorno Opland allservicesmarbella', NULL, 3, 1, 3, 22, '2024-03-28', 5.00000000, NULL, NULL, '2024-03-28', '16:57:11', 1, 2, 2, NULL, NULL, NULL),
(281, 'Envío de documentos para N&F', '<p>Solicita un listado de documentos con un botón, tipo “Efectivo” y “Banco” en el listado de pagos, que envíe el documento asociado al registro al cliente al que está relacionado. Esta acción conllevará el cambio de estado del documento a “Enviado” (desapareciendo entonces el botón de enviar\" y el registro de la fecha y hora de envío en el campo “Fecha de envío”.</p><p>El texto del documento será:</p><p>Estimado #Nombre_cliente:</p><p>Adjunto encontrarás el documento #Nombre_documento.</p><p>Un saludo,</p>', 1, 1, 6, 1, NULL, 0.00000000, NULL, NULL, '2024-04-02', '07:36:42', 1, 11, 11, NULL, NULL, NULL),
(282, 'Finalizar nueva versión', '<p>Se ha &nbsp;subido la nueva versión. Falta el recuperar contraseña y el registro de usuarios por revisar.</p>', 1, 1, 3, 2, '2024-04-30', 0.00000000, NULL, NULL, '2024-04-30', '08:03:50', 1, 1, 1, NULL, NULL, NULL),
(283, 'Corregir errores asociados al autorregistro', '<p>He descomentado código del archivo <strong>“login.blade.php”</strong> que ha hecho que sucediese lo siguiente:</p><p>1.- Se muestra el vínculo \"<a href=\"https://desarrollos.opland.es/password/reset\">¿Has olvidado tu contraseña?</a>\" que lleva a <a href=\"https://desarrollos.opland.es/password/reset.\">https://desarrollos.opland.es/password/reset.</a></p><p>Al clicar sobre el vínculo nos lleva correctamente a la vista de cambio de contraseña, aunque Email debería de estar alineado a la izquierda sobre el input box como en el resto de ellas.</p><p>Al ingresar el correo electrónico de un usuario aparece el siguiente error:</p><p><i>“ErrorException - stream_socket_enable_crypto(): Peer certificate CN=\'inntec.servidoresdedicados.com\' did not match expected CN=\'mail.opland.es\' - https://desarrollos.opland.es/password/email\"</i></p><p>Entiendo que se debe a que está apuntando al servidor del antiguo hosting.</p><p>2.- Se muestra el texto “¿Nuevo en nuestra plataforma? y el vínculo \"<a href=\"https://desarrollos.opland.es/registro\">Crear una cuenta</a>\", que lleva a <a href=\"https://desarrollos.opland.es/registro\">https://desarrollos.opland.es/registro.</a></p><p>En la vista de registro los logos de O y Opland zero paper land se superponen en el smartphone, este úlitmo debería desaparecer al reducir la resolución como pasa con la imagen de debajo.</p><p>Al crear un nuevo usuario, pasas a la vista controlada por el archivo <strong>“bienvenida.blade.php”</strong> pero en esa vista, al clicar a “Crear nuevo proyecto” no sucede nada (creo que es porque la url a la que apunta el botón en el código es <a href=\"https://desarrollos.opland.es/\">https://desarrollos.opland.es/</a> porque en el código pone href=\"{{route(\'home\')}}.</p><p>En la vista de smarphone los textos están un poco apelotonados, pero eso se puede solucionar fácilmente.</p><p>Al crear un nuevo usuario y luego intentar acceder, en lugar enviarme directamente a la pantalla de bienvenida, primero me ha enviado a la de recuperación de password y en la parte superior derecha aparecían dos mensajes, el primero decía que no tengo ningún proyecto asignado, luego he refrescado y ya me ha mandado a la de bienvenida (puede que sea un tema de cookies, lo seguiré revisando).</p><p>Si, estando logueado, voy a <a href=\"https://desarrollos.opland.es/proyectos,\">https://desarrollos.opland.es/proyectos,</a> me sale la pantalla de proyectos vacía y no me deja crear un proyecto en ella, entiendo que eso es porque &nbsp;en <strong>“proyectos.blade.php”</strong> comprueba primero si eres admin, y si no lo eres no te deja crearlos.</p><p>En las pantallas mencionadas, los vínculos se ven en azul en el smartphone pero no en el ordenador, deberíamos corregir eso también.</p><p><i><strong>Resumen de correcciones:</strong></i></p><p><i><strong>Estéticas:</strong></i></p><p>1.- Los vínculos deberían mostrarse igual vista de ordenador y la de smarphone.</p><p>2.- Email debería estar alineado a la izquierda en la vista de recuperación de contraseña.</p><p><i><strong>Funcionales:</strong></i></p><p>1.- No envía el email de recuperación de contraseña.</p><p>2.- No crea un nuevo proyecto al clicar al botón.</p>', 1, 3, 6, 2, NULL, 0.00000000, NULL, NULL, '2024-05-15', '11:58:11', 1, 2, 2, NULL, NULL, 1),
(284, 'Alta de usuarios: advertencia de mail repetido', '<p>En Vacation Marbella usan direcciones de mail ficticias para dar de alta usuarios. Cuando en un alta nueva se utiliza un mail que ya existe, te lleva a la pantalla típica de error php. Sería interesante que en su lugar mostrara un texto de error “Este usuario ya existe”.</p>', 1, 2, 3, 2, '2024-06-04', 0.00000000, NULL, NULL, '2024-06-03', '09:11:27', 1, 11, 1, NULL, NULL, NULL),
(285, 'Filtro en campos Contro user (usuarios archivados)', '<p>Todos los campos desplegables ocultan los valores archivados de la tabla asociada. Esto no sucede con el desplegable de control_user, lo que permite asociar tareas a personas que ya están archivadas.</p>', 1, 1, 3, 2, '2024-06-04', 0.00000000, NULL, NULL, '2024-06-03', '09:11:11', 1, 11, 1, NULL, NULL, NULL),
(286, 'bloquear campo usuario email usuario', '<p>Una vez creado el usuario, bloquear este campo en el front.</p>', 1, 1, 6, 2, NULL, 0.00000000, NULL, NULL, '2024-06-11', '09:52:42', 1, 11, 11, NULL, NULL, NULL),
(287, 'Error POST. GET, AHEAD', '<p>Cuando, desde una pestaña auxiliar, olvidas meter un campo obligatorio y le das a Guarda, sale el error de la imagen adjunta. No te permite ya Guardar aunque lo completes.</p>', 1, 1, 6, 2, NULL, 0.00000000, 'opland/tareas/SBZNe8WlYZy1PkyMirRH2F9OMsNAWk5Q3iHFJQr1.png', NULL, '2024-07-03', '11:36:56', 1, 11, 11, NULL, NULL, NULL),
(288, 'Cierre: Revisión cuadro de mandos', NULL, 2, 3, 3, 19, NULL, 0.00000000, NULL, NULL, '2024-07-09', '07:51:53', 1, 11, 11, NULL, NULL, NULL),
(289, 'Informes', NULL, 2, 2, 3, 22, NULL, 0.00000000, NULL, NULL, '2024-07-19', '12:49:52', 1, 11, 11, NULL, NULL, NULL),
(290, 'Reconstrucción de cuadro de mandos', NULL, 2, 2, 2, 3, NULL, 0.00000000, NULL, NULL, '2024-09-20', '04:04:39', 1, 11, 11, NULL, NULL, 2),
(291, 'Atención dudas y pequeñas incidencias', NULL, 2, 2, 2, 3, NULL, 0.00000000, NULL, NULL, '2024-09-20', '04:05:51', 1, 11, 11, NULL, NULL, NULL),
(293, 'Nuevas pantallas BI: generos y €/h', NULL, 2, 3, 3, 1, NULL, 3.00000000, NULL, NULL, '2024-11-04', '12:40:07', 1, 11, 11, NULL, NULL, 2),
(294, 'Soporte VM', NULL, 2, 2, 2, 3, NULL, 0.00000000, NULL, NULL, '2026-01-21', '06:06:35', 0, 11, 11, 3, 137, NULL),
(295, 'Modificación fichajes: acumulación horas turnos rotatorios', '<p>Nuevo campo en la ventana de Fichajes “turno rotatorio”.</p><p>Modificar la lógica en Power BI para que estoy fichajes acumulen horas extras.</p>', 2, 2, 3, 3, '2026-01-31', 0.00000000, NULL, NULL, '2026-01-23', '19:24:22', 1, 11, 11, NULL, 138, 2),
(296, 'Cuadro de mandos para Gobernanta', NULL, 2, 2, 3, 3, '2026-01-31', 0.00000000, NULL, NULL, '2026-01-26', '19:25:19', 1, 11, 11, NULL, 138, NULL),
(297, 'Incorporación Pausa y Turnos rotatorios en cuadro de mandos + Validaciones errores en Ficha firma', '<p>Validación fichaje en días festivos → color rojo<br>Validación pausas superiores a tiempos establecidos según jornada (15 o 30 min) → color azul</p>', 2, 1, 3, 3, '2026-01-31', 0.00000000, NULL, NULL, '2026-01-27', '19:25:09', 1, 11, 11, NULL, 138, NULL),
(298, 'Informe rentabilidad personal interno', NULL, 2, 1, 2, 3, '2026-02-27', 0.00000000, NULL, NULL, '2026-02-24', '08:43:50', 1, 11, 11, NULL, 140, 2),
(299, 'Auditoría ventas albaranes vs facturas', NULL, 2, 1, 3, 5, NULL, 0.00000000, NULL, NULL, '2026-02-24', '05:34:37', 1, 11, 11, NULL, 139, 2),
(300, 'Listado de vinos con D.O. y tipo de UVA', NULL, 2, 2, 3, 5, NULL, 0.00000000, NULL, NULL, '2026-02-24', '19:24:44', 1, 11, 11, NULL, 134, 2),
(301, 'Modificaciones y listado de albaranes (tipo cliente vs artículos: vino o vacuno)', NULL, 2, 3, 2, 5, NULL, 0.00000000, NULL, NULL, '2026-03-12', '18:39:25', 1, 11, 11, NULL, 139, NULL),
(302, 'Cuadro de mandos de costes', NULL, 2, 1, 2, 3, NULL, 0.00000000, NULL, NULL, '2026-03-22', '19:37:18', 1, 11, 11, NULL, 142, NULL),
(303, 'Incorporación facturación n-1 y SPLY, y cambio campos DO y uva', NULL, 2, 2, 3, 5, NULL, 0.00000000, NULL, NULL, '2026-03-22', '18:38:00', 1, 11, 11, NULL, 139, NULL),
(305, 'Revisión cuadro de mandos de costes', NULL, 2, 1, 3, 3, NULL, 0.00000000, NULL, NULL, '2026-04-29', '05:35:12', 0, 11, 11, NULL, NULL, NULL),
(306, 'Modificación fichaje para edición también por parte de Director operaciones', NULL, 2, 1, 3, 3, NULL, 0.00000000, NULL, NULL, '2026-05-11', '18:43:07', 0, 11, 11, NULL, NULL, 2),
(307, 'Botón Archivar vs Borrar', NULL, 2, 1, 2, 3, NULL, 0.00000000, NULL, NULL, '2026-05-16', '03:29:04', 0, 11, 11, NULL, NULL, 2);
INSERT INTO `opland_tareas` (`id`, `nombre`, `comentario`, `id_responsable`, `id_prioridad`, `id_estado`, `id_proyectos`, `fecha_aproximada`, `horas_estimadas`, `file_captura`, `tags_etiquetas`, `createdat`, `updatedat`, `deleted`, `createuser`, `updateuser`, `id_bonos`, `id_facturas`, `id_tipo_tarea`) VALUES
(308, 'Automatizar concatenación de fecha prevista con el asunto de mantenimiento', NULL, 2, 1, 2, 3, NULL, 0.00000000, NULL, NULL, '2026-05-16', '03:30:07', 0, 11, 11, NULL, NULL, 2),
(309, 'Vistan Kanban fechas para mantenimiento', NULL, 2, 1, 2, 3, NULL, 0.00000000, NULL, NULL, '2026-05-16', '03:30:30', 0, 11, 11, NULL, NULL, 2),
(310, 'Vista Informes', NULL, 2, 1, 2, 3, NULL, 0.00000000, NULL, NULL, '2026-05-16', '03:30:55', 0, 11, 11, NULL, NULL, 2),
(311, 'Mapeo de inmuebles pendientes', '<p>Tres inmuebles activos no tienen&nbsp;icnea_code&nbsp;y requieren matching manual: id 63 (MARBESA), id 104 (TORRE BERMEJA), id 126 (VILLA AVA).</p>', 2, 3, 6, 3, NULL, 0.00000000, NULL, NULL, '2026-06-08', '13:00:49', 0, 11, 11, NULL, NULL, NULL);

-- --------------------------------------------------------

--
-- Estructura de tabla para la tabla `opland_tipo_caja`
--

CREATE TABLE `opland_tipo_caja` (
  `id` int(10) UNSIGNED NOT NULL,
  `nombre` varchar(255) NOT NULL COMMENT 'Nombre'
) ENGINE=InnoDB DEFAULT CHARSET=utf8mb4 COLLATE=utf8mb4_unicode_ci;

--
-- Volcado de datos para la tabla `opland_tipo_caja`
--

INSERT INTO `opland_tipo_caja` (`id`, `nombre`) VALUES
(1, 'Cobro'),
(2, 'Suplido'),
(3, 'Provisión'),
(4, 'Gasto viaje'),
(5, 'Gasto'),
(6, 'Pago'),
(7, 'Dividendo'),
(8, 'Tributos'),
(9, 'Administrador');

-- --------------------------------------------------------

--
-- Estructura de tabla para la tabla `opland_tipo_tarea`
--

CREATE TABLE `opland_tipo_tarea` (
  `id` int(10) UNSIGNED NOT NULL,
  `nombre` varchar(255) NOT NULL COMMENT 'Nombre',
  `createuser` bigint(20) DEFAULT NULL,
  `updateuser` bigint(20) DEFAULT NULL,
  `createdat` timestamp NOT NULL DEFAULT current_timestamp(),
  `updatedat` timestamp NOT NULL DEFAULT current_timestamp() ON UPDATE current_timestamp()
) ENGINE=InnoDB DEFAULT CHARSET=utf8mb4 COLLATE=utf8mb4_unicode_ci;

--
-- Volcado de datos para la tabla `opland_tipo_tarea`
--

INSERT INTO `opland_tipo_tarea` (`id`, `nombre`, `createuser`, `updateuser`, `createdat`, `updatedat`) VALUES
(1, 'Incidencia', 11, 11, '2023-07-15 11:54:04', '2023-07-15 11:54:04'),
(2, 'Petición', 11, 11, '2023-07-15 11:54:09', '2023-07-15 11:54:09'),
(3, 'Sugerencia', 11, 11, '2023-07-15 11:54:20', '2023-07-15 11:54:20');

-- --------------------------------------------------------

--
-- Estructura de tabla para la tabla `opland_usuarios`
--

CREATE TABLE `opland_usuarios` (
  `id` int(10) UNSIGNED NOT NULL,
  `nombre` varchar(255) NOT NULL COMMENT 'Nombre',
  `email` varchar(255) NOT NULL COMMENT 'Email(usuario)',
  `password` varchar(255) DEFAULT NULL COMMENT 'Contraseña',
  `id_rol` int(11) NOT NULL
) ENGINE=InnoDB DEFAULT CHARSET=utf8mb4 COLLATE=utf8mb4_unicode_ci;

--
-- Volcado de datos para la tabla `opland_usuarios`
--

INSERT INTO `opland_usuarios` (`id`, `nombre`, `email`, `password`, `id_rol`) VALUES
(1, 'Carlos Domingo', 'cardoor@gmail.com', NULL, 0),
(11, 'Tomás Rodríguez Acosta', 'trodriguez@opland.es', 'T0mas', 0),
(18, 'Carlos de Bernardo', 'cdebernardo@opland.es', 'Cabestro##', 0),
(37, 'Raul', 'raul_hernandezramirez_19@hotmail.com', NULL, 0),
(84, 'Santi', 'srm@opland.es', '***', 1),
(125, 'Pablo Bordils', 'pabordils@gmail.com', NULL, 2),
(135, 'Raul (validación)', 'minixuru@gmail.com', NULL, 2);

--
-- Índices para tablas volcadas
--

--
-- Indices de la tabla `opland_banco`
--
ALTER TABLE `opland_banco`
  ADD PRIMARY KEY (`id`);

--
-- Indices de la tabla `opland_bonos`
--
ALTER TABLE `opland_bonos`
  ADD PRIMARY KEY (`id`);

--
-- Indices de la tabla `opland_caja`
--
ALTER TABLE `opland_caja`
  ADD PRIMARY KEY (`id`);

--
-- Indices de la tabla `opland_clientes`
--
ALTER TABLE `opland_clientes`
  ADD PRIMARY KEY (`id`);

--
-- Indices de la tabla `opland_conceptos`
--
ALTER TABLE `opland_conceptos`
  ADD PRIMARY KEY (`id`);

--
-- Indices de la tabla `opland_concepto_factura`
--
ALTER TABLE `opland_concepto_factura`
  ADD PRIMARY KEY (`id`);

--
-- Indices de la tabla `opland_concepto_presupuesto`
--
ALTER TABLE `opland_concepto_presupuesto`
  ADD PRIMARY KEY (`id`);

--
-- Indices de la tabla `opland_configuracion`
--
ALTER TABLE `opland_configuracion`
  ADD PRIMARY KEY (`id`);

--
-- Indices de la tabla `opland_contactos`
--
ALTER TABLE `opland_contactos`
  ADD PRIMARY KEY (`id`);

--
-- Indices de la tabla `opland_cuentabbva_8013`
--
ALTER TABLE `opland_cuentabbva_8013`
  ADD PRIMARY KEY (`id`);

--
-- Indices de la tabla `opland_estado`
--
ALTER TABLE `opland_estado`
  ADD PRIMARY KEY (`id`);

--
-- Indices de la tabla `opland_etiquetas`
--
ALTER TABLE `opland_etiquetas`
  ADD PRIMARY KEY (`id`),
  ADD UNIQUE KEY `nombre` (`nombre`);

--
-- Indices de la tabla `opland_facturas`
--
ALTER TABLE `opland_facturas`
  ADD PRIMARY KEY (`id`),
  ADD UNIQUE KEY `nombre_UNIQUE` (`nombre`);

--
-- Indices de la tabla `opland_fact_presup`
--
ALTER TABLE `opland_fact_presup`
  ADD PRIMARY KEY (`id`);

--
-- Indices de la tabla `opland_fta_soportadas`
--
ALTER TABLE `opland_fta_soportadas`
  ADD PRIMARY KEY (`id`);

--
-- Indices de la tabla `opland_imputaciones`
--
ALTER TABLE `opland_imputaciones`
  ADD PRIMARY KEY (`id`);

--
-- Indices de la tabla `opland_insight`
--
ALTER TABLE `opland_insight`
  ADD PRIMARY KEY (`id`);

--
-- Indices de la tabla `opland_manual`
--
ALTER TABLE `opland_manual`
  ADD PRIMARY KEY (`id`);

--
-- Indices de la tabla `opland_oDatos`
--
ALTER TABLE `opland_oDatos`
  ADD PRIMARY KEY (`id`);

--
-- Indices de la tabla `opland_powerbi`
--
ALTER TABLE `opland_powerbi`
  ADD PRIMARY KEY (`id`);

--
-- Indices de la tabla `opland_presupuestos`
--
ALTER TABLE `opland_presupuestos`
  ADD PRIMARY KEY (`id`),
  ADD UNIQUE KEY `nombre_UNIQUE` (`nombre`);

--
-- Indices de la tabla `opland_prioridad`
--
ALTER TABLE `opland_prioridad`
  ADD PRIMARY KEY (`id`);

--
-- Indices de la tabla `opland_proyectos`
--
ALTER TABLE `opland_proyectos`
  ADD PRIMARY KEY (`id`),
  ADD UNIQUE KEY `codigo` (`codigo`);

--
-- Indices de la tabla `opland_proyectos_comentarios`
--
ALTER TABLE `opland_proyectos_comentarios`
  ADD PRIMARY KEY (`id`);

--
-- Indices de la tabla `opland_responsable`
--
ALTER TABLE `opland_responsable`
  ADD PRIMARY KEY (`id`);

--
-- Indices de la tabla `opland_rol`
--
ALTER TABLE `opland_rol`
  ADD PRIMARY KEY (`id`);

--
-- Indices de la tabla `opland_tag`
--
ALTER TABLE `opland_tag`
  ADD PRIMARY KEY (`id`);

--
-- Indices de la tabla `opland_tareas`
--
ALTER TABLE `opland_tareas`
  ADD PRIMARY KEY (`id`);

--
-- Indices de la tabla `opland_tipo_caja`
--
ALTER TABLE `opland_tipo_caja`
  ADD PRIMARY KEY (`id`);

--
-- Indices de la tabla `opland_tipo_tarea`
--
ALTER TABLE `opland_tipo_tarea`
  ADD PRIMARY KEY (`id`);

--
-- Indices de la tabla `opland_usuarios`
--
ALTER TABLE `opland_usuarios`
  ADD PRIMARY KEY (`id`);

--
-- AUTO_INCREMENT de las tablas volcadas
--

--
-- AUTO_INCREMENT de la tabla `opland_banco`
--
ALTER TABLE `opland_banco`
  MODIFY `id` int(10) UNSIGNED NOT NULL AUTO_INCREMENT, AUTO_INCREMENT=166;

--
-- AUTO_INCREMENT de la tabla `opland_bonos`
--
ALTER TABLE `opland_bonos`
  MODIFY `id` int(10) UNSIGNED NOT NULL AUTO_INCREMENT, AUTO_INCREMENT=4;

--
-- AUTO_INCREMENT de la tabla `opland_caja`
--
ALTER TABLE `opland_caja`
  MODIFY `id` int(10) UNSIGNED NOT NULL AUTO_INCREMENT, AUTO_INCREMENT=260;

--
-- AUTO_INCREMENT de la tabla `opland_clientes`
--
ALTER TABLE `opland_clientes`
  MODIFY `id` int(10) UNSIGNED NOT NULL AUTO_INCREMENT, AUTO_INCREMENT=16;

--
-- AUTO_INCREMENT de la tabla `opland_conceptos`
--
ALTER TABLE `opland_conceptos`
  MODIFY `id` int(10) UNSIGNED NOT NULL AUTO_INCREMENT, AUTO_INCREMENT=12;

--
-- AUTO_INCREMENT de la tabla `opland_concepto_factura`
--
ALTER TABLE `opland_concepto_factura`
  MODIFY `id` int(10) UNSIGNED NOT NULL AUTO_INCREMENT, AUTO_INCREMENT=253;

--
-- AUTO_INCREMENT de la tabla `opland_concepto_presupuesto`
--
ALTER TABLE `opland_concepto_presupuesto`
  MODIFY `id` int(10) UNSIGNED NOT NULL AUTO_INCREMENT, AUTO_INCREMENT=63;

--
-- AUTO_INCREMENT de la tabla `opland_configuracion`
--
ALTER TABLE `opland_configuracion`
  MODIFY `id` int(11) NOT NULL AUTO_INCREMENT, AUTO_INCREMENT=9;

--
-- AUTO_INCREMENT de la tabla `opland_contactos`
--
ALTER TABLE `opland_contactos`
  MODIFY `id` int(10) UNSIGNED NOT NULL AUTO_INCREMENT, AUTO_INCREMENT=8;

--
-- AUTO_INCREMENT de la tabla `opland_cuentabbva_8013`
--
ALTER TABLE `opland_cuentabbva_8013`
  MODIFY `id` int(10) UNSIGNED NOT NULL AUTO_INCREMENT, AUTO_INCREMENT=50;

--
-- AUTO_INCREMENT de la tabla `opland_estado`
--
ALTER TABLE `opland_estado`
  MODIFY `id` int(11) NOT NULL AUTO_INCREMENT, AUTO_INCREMENT=9;

--
-- AUTO_INCREMENT de la tabla `opland_etiquetas`
--
ALTER TABLE `opland_etiquetas`
  MODIFY `id` int(11) NOT NULL AUTO_INCREMENT, AUTO_INCREMENT=17;

--
-- AUTO_INCREMENT de la tabla `opland_facturas`
--
ALTER TABLE `opland_facturas`
  MODIFY `id` int(10) UNSIGNED NOT NULL AUTO_INCREMENT, AUTO_INCREMENT=144;

--
-- AUTO_INCREMENT de la tabla `opland_fact_presup`
--
ALTER TABLE `opland_fact_presup`
  MODIFY `id` int(10) UNSIGNED NOT NULL AUTO_INCREMENT, AUTO_INCREMENT=7;

--
-- AUTO_INCREMENT de la tabla `opland_fta_soportadas`
--
ALTER TABLE `opland_fta_soportadas`
  MODIFY `id` int(10) UNSIGNED NOT NULL AUTO_INCREMENT, AUTO_INCREMENT=35;

--
-- AUTO_INCREMENT de la tabla `opland_imputaciones`
--
ALTER TABLE `opland_imputaciones`
  MODIFY `id` int(10) UNSIGNED NOT NULL AUTO_INCREMENT, AUTO_INCREMENT=461;

--
-- AUTO_INCREMENT de la tabla `opland_insight`
--
ALTER TABLE `opland_insight`
  MODIFY `id` int(10) UNSIGNED NOT NULL AUTO_INCREMENT, AUTO_INCREMENT=5;

--
-- AUTO_INCREMENT de la tabla `opland_manual`
--
ALTER TABLE `opland_manual`
  MODIFY `id` int(10) UNSIGNED NOT NULL AUTO_INCREMENT, AUTO_INCREMENT=7;

--
-- AUTO_INCREMENT de la tabla `opland_oDatos`
--
ALTER TABLE `opland_oDatos`
  MODIFY `id` int(10) UNSIGNED NOT NULL AUTO_INCREMENT, AUTO_INCREMENT=21;

--
-- AUTO_INCREMENT de la tabla `opland_powerbi`
--
ALTER TABLE `opland_powerbi`
  MODIFY `id` int(10) UNSIGNED NOT NULL AUTO_INCREMENT, AUTO_INCREMENT=18;

--
-- AUTO_INCREMENT de la tabla `opland_presupuestos`
--
ALTER TABLE `opland_presupuestos`
  MODIFY `id` int(10) UNSIGNED NOT NULL AUTO_INCREMENT, AUTO_INCREMENT=35;

--
-- AUTO_INCREMENT de la tabla `opland_prioridad`
--
ALTER TABLE `opland_prioridad`
  MODIFY `id` int(11) NOT NULL AUTO_INCREMENT, AUTO_INCREMENT=4;

--
-- AUTO_INCREMENT de la tabla `opland_proyectos`
--
ALTER TABLE `opland_proyectos`
  MODIFY `id` int(11) NOT NULL AUTO_INCREMENT, AUTO_INCREMENT=27;

--
-- AUTO_INCREMENT de la tabla `opland_proyectos_comentarios`
--
ALTER TABLE `opland_proyectos_comentarios`
  MODIFY `id` int(10) UNSIGNED NOT NULL AUTO_INCREMENT, AUTO_INCREMENT=2;

--
-- AUTO_INCREMENT de la tabla `opland_responsable`
--
ALTER TABLE `opland_responsable`
  MODIFY `id` int(11) NOT NULL AUTO_INCREMENT, AUTO_INCREMENT=5;

--
-- AUTO_INCREMENT de la tabla `opland_rol`
--
ALTER TABLE `opland_rol`
  MODIFY `id` int(10) UNSIGNED NOT NULL AUTO_INCREMENT, AUTO_INCREMENT=3;

--
-- AUTO_INCREMENT de la tabla `opland_tag`
--
ALTER TABLE `opland_tag`
  MODIFY `id` int(10) UNSIGNED NOT NULL AUTO_INCREMENT, AUTO_INCREMENT=5;

--
-- AUTO_INCREMENT de la tabla `opland_tareas`
--
ALTER TABLE `opland_tareas`
  MODIFY `id` int(11) NOT NULL AUTO_INCREMENT, AUTO_INCREMENT=312;

--
-- AUTO_INCREMENT de la tabla `opland_tipo_caja`
--
ALTER TABLE `opland_tipo_caja`
  MODIFY `id` int(10) UNSIGNED NOT NULL AUTO_INCREMENT, AUTO_INCREMENT=10;

--
-- AUTO_INCREMENT de la tabla `opland_tipo_tarea`
--
ALTER TABLE `opland_tipo_tarea`
  MODIFY `id` int(10) UNSIGNED NOT NULL AUTO_INCREMENT, AUTO_INCREMENT=4;

--
-- AUTO_INCREMENT de la tabla `opland_usuarios`
--
ALTER TABLE `opland_usuarios`
  MODIFY `id` int(10) UNSIGNED NOT NULL AUTO_INCREMENT, AUTO_INCREMENT=1253;
COMMIT;

/*!40101 SET CHARACTER_SET_CLIENT=@OLD_CHARACTER_SET_CLIENT */;
/*!40101 SET CHARACTER_SET_RESULTS=@OLD_CHARACTER_SET_RESULTS */;
/*!40101 SET COLLATION_CONNECTION=@OLD_COLLATION_CONNECTION */;
